Esperando 10 minutos antes de la primera ejecución...
Iniciando proceso de sincronización...
Nombre de la rama actual: Minecraft_branch
Obteniendo la URL del repositorio remoto
origin	https://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@github.com/jaime412/Minecraft_branch.git (fetch)
origin	https://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@github.com/jaime412/Minecraft_branch.git (push)
rm '.gitignore'
rm 'addons/Branchutil.addon'
rm 'addons/Utilidades.py'
rm 'addons/url-del-branch.json'
rm 'configuracion.json'
rm 'output.log'
rm 'playit.status'
rm 'playit.tunnels'
rm 'respaldos/world_respaldo.zip'
rm 'server (1).py'
rm 'servidor_minecraft/banned-ips.json'
rm 'servidor_minecraft/banned-players.json'
rm 'servidor_minecraft/config/Elenai-Dodge-2-Common.toml'
rm 'servidor_minecraft/config/Feathers-Common.toml'
rm 'servidor_minecraft/config/Obscuria/aquamirae-common.toml'
rm 'servidor_minecraft/config/Plushie_Buddies-Common.toml'
rm 'servidor_minecraft/config/ShieldExpansion-common.toml'
rm 'servidor_minecraft/config/alexscaves-general.toml'
rm 'servidor_minecraft/config/alexscaves_biome_generation/abyssal_chasm.json'
rm 'servidor_minecraft/config/alexscaves_biome_generation/candy_cavity.json'
rm 'servidor_minecraft/config/alexscaves_biome_generation/forlorn_hollows.json'
rm 'servidor_minecraft/config/alexscaves_biome_generation/magnetic_caves.json'
rm 'servidor_minecraft/config/alexscaves_biome_generation/primordial_caves.json'
rm 'servidor_minecraft/config/alexscaves_biome_generation/toxic_caves.json'
rm 'servidor_minecraft/config/alexsmobs.toml'
rm 'servidor_minecraft/config/alexsmobs/alligator_snapping_turtle_spawns.json'
rm 'servidor_minecraft/config/alexsmobs/anaconda_spawns.json'
rm 'servidor_minecraft/config/alexsmobs/anteater_spawns.json'
rm 'servidor_minecraft/config/alexsmobs/bald_eagle_spawns.json'
rm 'servidor_minecraft/config/alexsmobs/banana_slug_spawns.json'
rm 'servidor_minecraft/config/alexsmobs/bison_spawns.json'
rm 'servidor_minecraft/config/alexsmobs/blobfish_spawns.json'
rm 'servidor_minecraft/config/alexsmobs/blue_jay_spawns.json'
rm 'servidor_minecraft/config/alexsmobs/bone_serpent_spawns.json'
rm 'servidor_minecraft/config/alexsmobs/bunfungus_spawns.json'
rm 'servidor_minecraft/config/alexsmobs/cachalot_whale_beached_spawns.json'
rm 'servidor_minecraft/config/alexsmobs/cachalot_whale_spawns.json'
rm 'servidor_minecraft/config/alexsmobs/caiman_spawns.json'
rm 'servidor_minecraft/config/alexsmobs/capuchin_monkey_spawns.json'
rm 'servidor_minecraft/config/alexsmobs/catfish_spawns.json'
rm 'servidor_minecraft/config/alexsmobs/cave_centipede_spawns.json'
rm 'servidor_minecraft/config/alexsmobs/cockroach_spawns.json'
rm 'servidor_minecraft/config/alexsmobs/comb_jelly_spawns.json'
rm 'servidor_minecraft/config/alexsmobs/cosmaw_spawns.json'
rm 'servidor_minecraft/config/alexsmobs/cosmic_cod_spawns.json'
rm 'servidor_minecraft/config/alexsmobs/crimson_mosquito_spawns.json'
rm 'servidor_minecraft/config/alexsmobs/crocodile_spawns.json'
rm 'servidor_minecraft/config/alexsmobs/crow_spawns.json'
rm 'servidor_minecraft/config/alexsmobs/devils_hole_pupfish_spawns.json'
rm 'servidor_minecraft/config/alexsmobs/dropbear_spawns.json'
rm 'servidor_minecraft/config/alexsmobs/elephant_spawns.json'
rm 'servidor_minecraft/config/alexsmobs/emu_spawns.json'
rm 'servidor_minecraft/config/alexsmobs/endergrade_spawns.json'
rm 'servidor_minecraft/config/alexsmobs/enderiophage_spawns.json'
rm 'servidor_minecraft/config/alexsmobs/farseer.json'
rm 'servidor_minecraft/config/alexsmobs/flutter_spawns.json'
rm 'servidor_minecraft/config/alexsmobs/fly_spawns.json'
rm 'servidor_minecraft/config/alexsmobs/flying_fish_spawns.json'
rm 'servidor_minecraft/config/alexsmobs/frilled_shark_spawns.json'
rm 'servidor_minecraft/config/alexsmobs/froststalker_spawns.json'
rm 'servidor_minecraft/config/alexsmobs/gazelle_spawns.json'
rm 'servidor_minecraft/config/alexsmobs/gelada_monkey_spawns.json'
rm 'servidor_minecraft/config/alexsmobs/giant_squid_spawns.json'
rm 'servidor_minecraft/config/alexsmobs/gorilla_spawns.json'
rm 'servidor_minecraft/config/alexsmobs/grizzly_bear_spawns.json'
rm 'servidor_minecraft/config/alexsmobs/guster_spawns.json'
rm 'servidor_minecraft/config/alexsmobs/hammerhead_shark_spawns.json'
rm 'servidor_minecraft/config/alexsmobs/hummingbird_spawns.json'
rm 'servidor_minecraft/config/alexsmobs/jerboa_spawns.json'
rm 'servidor_minecraft/config/alexsmobs/kangaroo_spawns.json'
rm 'servidor_minecraft/config/alexsmobs/komodo_dragon_spawns.json'
rm 'servidor_minecraft/config/alexsmobs/laviathan_spawns.json'
rm 'servidor_minecraft/config/alexsmobs/leafcutter_anthill_spawns.json'
rm 'servidor_minecraft/config/alexsmobs/lobster_spawns.json'
rm 'servidor_minecraft/config/alexsmobs/maned_wolf_spawns.json'
rm 'servidor_minecraft/config/alexsmobs/mantis_shrimp_spawns.json'
rm 'servidor_minecraft/config/alexsmobs/mimic_octopus_spawns.json'
rm 'servidor_minecraft/config/alexsmobs/mimicube_spawns.json'
rm 'servidor_minecraft/config/alexsmobs/moose_spawns.json'
rm 'servidor_minecraft/config/alexsmobs/mudskipper_spawns.json'
rm 'servidor_minecraft/config/alexsmobs/mungus_spawns.json'
rm 'servidor_minecraft/config/alexsmobs/murmur.json'
rm 'servidor_minecraft/config/alexsmobs/orca_spawns.json'
rm 'servidor_minecraft/config/alexsmobs/platypus_spawns.json'
rm 'servidor_minecraft/config/alexsmobs/potoo_spawns.json'
rm 'servidor_minecraft/config/alexsmobs/raccoon_spawns.json'
rm 'servidor_minecraft/config/alexsmobs/rain_frog_spawns.json'
rm 'servidor_minecraft/config/alexsmobs/rattlesnake_spawns.json'
rm 'servidor_minecraft/config/alexsmobs/rhinoceros_spawns.json'
rm 'servidor_minecraft/config/alexsmobs/roadrunner_spawns.json'
rm 'servidor_minecraft/config/alexsmobs/rocky_roller_spawns.json'
rm 'servidor_minecraft/config/alexsmobs/seagull_spawns.json'
rm 'servidor_minecraft/config/alexsmobs/seal_spawns.json'
rm 'servidor_minecraft/config/alexsmobs/shoebill_spawns.json'
rm 'servidor_minecraft/config/alexsmobs/skelewag_spawns.json'
rm 'servidor_minecraft/config/alexsmobs/skreecher.json'
rm 'servidor_minecraft/config/alexsmobs/skunk_spawns.json'
rm 'servidor_minecraft/config/alexsmobs/snow_leopard_spawns.json'
rm 'servidor_minecraft/config/alexsmobs/soul_vulture_spawns.json'
rm 'servidor_minecraft/config/alexsmobs/spectre_spawns.json'
rm 'servidor_minecraft/config/alexsmobs/straddler_spawns.json'
rm 'servidor_minecraft/config/alexsmobs/stradpole_spawns.json'
rm 'servidor_minecraft/config/alexsmobs/sugar_glider_spawns.json'
rm 'servidor_minecraft/config/alexsmobs/sunbird_spawns.json'
rm 'servidor_minecraft/config/alexsmobs/tarantula_hawk_spawns.json'
rm 'servidor_minecraft/config/alexsmobs/tasmanian_devil_spawns.json'
rm 'servidor_minecraft/config/alexsmobs/terrapin_spawns.json'
rm 'servidor_minecraft/config/alexsmobs/tiger_spawns.json'
rm 'servidor_minecraft/config/alexsmobs/toucan_spawns.json'
rm 'servidor_minecraft/config/alexsmobs/triops_spawns.json'
rm 'servidor_minecraft/config/alexsmobs/tusklin_spawns.json'
rm 'servidor_minecraft/config/alexsmobs/underminer.json'
rm 'servidor_minecraft/config/alexsmobs/void_worm_spawns.json'
rm 'servidor_minecraft/config/alexsmobs/warped_mosco_spawns.json'
rm 'servidor_minecraft/config/alexsmobs/warped_toad_spawns.json'
rm 'servidor_minecraft/config/aoa3/integrations_config.toml'
rm 'servidor_minecraft/config/apotheosis/adventure.cfg'
rm 'servidor_minecraft/config/apotheosis/apotheosis.cfg'
rm 'servidor_minecraft/config/apotheosis/ench.cfg'
rm 'servidor_minecraft/config/apotheosis/enchantments.cfg'
rm 'servidor_minecraft/config/apotheosis/garden.cfg'
rm 'servidor_minecraft/config/apotheosis/names.cfg'
rm 'servidor_minecraft/config/apotheosis/potion.cfg'
rm 'servidor_minecraft/config/apotheosis/spawner.cfg'
rm 'servidor_minecraft/config/apotheosis/village.cfg'
rm 'servidor_minecraft/config/attributeslib.cfg'
rm 'servidor_minecraft/config/balm-common.toml'
rm 'servidor_minecraft/config/bettercombat/fallback_compatibility.json'
rm 'servidor_minecraft/config/bettercombat/server.json5'
rm 'servidor_minecraft/config/carryon-common.toml'
rm 'servidor_minecraft/config/cataclysm.toml'
rm 'servidor_minecraft/config/cataclysm/amethyst_crab_spawns.json'
rm 'servidor_minecraft/config/cataclysm/coral_golem_spawns.json'
rm 'servidor_minecraft/config/cataclysm/deepling_angler_spawns.json'
rm 'servidor_minecraft/config/cataclysm/deepling_brute_spawns.json'
rm 'servidor_minecraft/config/cataclysm/deepling_priest_spawns.json'
rm 'servidor_minecraft/config/cataclysm/deepling_spawns.json'
rm 'servidor_minecraft/config/cataclysm/deepling_warlock_spawns.json'
rm 'servidor_minecraft/config/cataclysm/koboleton_spawns.json'
rm 'servidor_minecraft/config/citadel-common.toml'
rm 'servidor_minecraft/config/combatroll/enchantments.json'
rm 'servidor_minecraft/config/combatroll/server.json5'
rm 'servidor_minecraft/config/curios-common.toml'
rm 'servidor_minecraft/config/embeddium-mixins.properties'
rm 'servidor_minecraft/config/embeddium-options.json'
rm 'servidor_minecraft/config/epicknights/armor.json5'
rm 'servidor_minecraft/config/epicknights/general.json5'
rm 'servidor_minecraft/config/epicknights/mobs_equipment.json5'
rm 'servidor_minecraft/config/epicknights/shields.json5'
rm 'servidor_minecraft/config/epicknights/weapons.json5'
rm 'servidor_minecraft/config/ferritecore-mixin.toml'
rm 'servidor_minecraft/config/fml.toml'
rm 'servidor_minecraft/config/iceandfire-common.toml'
rm 'servidor_minecraft/config/iceandfire/amphithere_biomes.json'
rm 'servidor_minecraft/config/iceandfire/cockatrice_biomes.json'
rm 'servidor_minecraft/config/iceandfire/cyclops_cave_biomes.json'
rm 'servidor_minecraft/config/iceandfire/deathworm_biomes.json'
rm 'servidor_minecraft/config/iceandfire/desert_myrmex_biomes.json'
rm 'servidor_minecraft/config/iceandfire/fire_dragon_biomes.json'
rm 'servidor_minecraft/config/iceandfire/fire_dragon_cave_biomes.json'
rm 'servidor_minecraft/config/iceandfire/fire_dragon_skeleton_biomes.json'
rm 'servidor_minecraft/config/iceandfire/fire_lily_biomes.json'
rm 'servidor_minecraft/config/iceandfire/forest_troll_biomes.json'
rm 'servidor_minecraft/config/iceandfire/frost_lily_biomes.json'
rm 'servidor_minecraft/config/iceandfire/gorgon_temple_biomes.json'
rm 'servidor_minecraft/config/iceandfire/graveyard_biomes.json'
rm 'servidor_minecraft/config/iceandfire/hippocampus_biomes.json'
rm 'servidor_minecraft/config/iceandfire/hippogryph_biomes.json'
rm 'servidor_minecraft/config/iceandfire/hippogryph_black_biomes.json'
rm 'servidor_minecraft/config/iceandfire/hippogryph_brown_biomes.json'
rm 'servidor_minecraft/config/iceandfire/hippogryph_chestnut_biomes.json'
rm 'servidor_minecraft/config/iceandfire/hippogryph_creamy_biomes.json'
rm 'servidor_minecraft/config/iceandfire/hippogryph_dark_brown_biomes.json'
rm 'servidor_minecraft/config/iceandfire/hippogryph_gray_biomes.json'
rm 'servidor_minecraft/config/iceandfire/hippogryph_white_biomes.json'
rm 'servidor_minecraft/config/iceandfire/hydra_cave_biomes.json'
rm 'servidor_minecraft/config/iceandfire/ice_dragon_biomes.json'
rm 'servidor_minecraft/config/iceandfire/ice_dragon_cave_biomes.json'
rm 'servidor_minecraft/config/iceandfire/ice_dragon_skeleton_biomes.json'
rm 'servidor_minecraft/config/iceandfire/jungle_myrmex_biomes.json'
rm 'servidor_minecraft/config/iceandfire/lightning_dragon_biomes.json'
rm 'servidor_minecraft/config/iceandfire/lightning_dragon_cave_biomes.json'
rm 'servidor_minecraft/config/iceandfire/lightning_dragon_skeleton_biomes.json'
rm 'servidor_minecraft/config/iceandfire/lightning_lily_biomes.json'
rm 'servidor_minecraft/config/iceandfire/mausoleum_biomes.json'
rm 'servidor_minecraft/config/iceandfire/mountain_troll_biomes.json'
rm 'servidor_minecraft/config/iceandfire/ore_gen_biomes.json'
rm 'servidor_minecraft/config/iceandfire/pixie_village_biomes.json'
rm 'servidor_minecraft/config/iceandfire/sapphire_gen_biomes.json'
rm 'servidor_minecraft/config/iceandfire/sea_serpent_biomes.json'
rm 'servidor_minecraft/config/iceandfire/siren_biomes.json'
rm 'servidor_minecraft/config/iceandfire/snowy_troll_biomes.json'
rm 'servidor_minecraft/config/iceandfire/stymphalian_bird_biomes.json'
rm 'servidor_minecraft/config/iceandfire/wandering_cyclops_biomes.json'
rm 'servidor_minecraft/config/immediatelyfast.json'
rm 'servidor_minecraft/config/inventorypets-common.toml'
rm 'servidor_minecraft/config/jade/server-plugin-overrides.json'
rm 'servidor_minecraft/config/jade/sort-order.json'
rm 'servidor_minecraft/config/jeresources-common.toml'
rm 'servidor_minecraft/config/jeresources.toml'
rm 'servidor_minecraft/config/just_leveling-common.toml'
rm 'servidor_minecraft/config/lithium.properties'
rm 'servidor_minecraft/config/majruszlibrary.json'
rm 'servidor_minecraft/config/majruszsdifficulty.json'
rm 'servidor_minecraft/config/majruszsenchantments.json'
rm 'servidor_minecraft/config/mca.json'
rm 'servidor_minecraft/config/mysticsbiomes-common.toml'
rm 'servidor_minecraft/config/playerrevive.json'
rm 'servidor_minecraft/config/sodium-extra.properties'
rm 'servidor_minecraft/config/spawnermod.json'
rm 'servidor_minecraft/config/structure_gel-common.toml'
rm 'servidor_minecraft/config/tact-common.toml'
rm 'servidor_minecraft/config/terrablender.toml'
rm 'servidor_minecraft/config/tetra.toml'
rm 'servidor_minecraft/config/theoneprobe-common.toml'
rm 'servidor_minecraft/config/tombstone-common.toml'
rm 'servidor_minecraft/config/tombstone-server.toml'
rm 'servidor_minecraft/config/trashslot-common.toml'
rm 'servidor_minecraft/config/travelersbackpack-common.toml'
rm 'servidor_minecraft/config/yacl.json5'
rm 'servidor_minecraft/configuracion.json'
rm 'servidor_minecraft/crash-reports/crash-2024-08-01_03.17.33-server.txt'
rm 'servidor_minecraft/crash-reports/crash-2024-08-01_03.24.36-server.txt'
rm 'servidor_minecraft/crash-reports/crash-2024-08-01_03.33.05-server.txt'
rm 'servidor_minecraft/eula.txt'
rm 'servidor_minecraft/forge.jar'
rm 'servidor_minecraft/forge.jar.log'
rm 'servidor_minecraft/journeymap/server/5.10/journeymap.server.aoa3~barathos.config'
rm 'servidor_minecraft/journeymap/server/5.10/journeymap.server.aoa3~deeplands.config'
rm 'servidor_minecraft/journeymap/server/5.10/journeymap.server.aoa3~lborean.config'
rm 'servidor_minecraft/journeymap/server/5.10/journeymap.server.aoa3~lelyetia.config'
rm 'servidor_minecraft/journeymap/server/5.10/journeymap.server.aoa3~nowhere.config'
rm 'servidor_minecraft/journeymap/server/5.10/journeymap.server.aoa3~precasia.config'
rm 'servidor_minecraft/journeymap/server/5.10/journeymap.server.aoa3~precasia_backup.config'
rm 'servidor_minecraft/journeymap/server/5.10/journeymap.server.deeperdarker~otherside.config'
rm 'servidor_minecraft/journeymap/server/5.10/journeymap.server.default.config'
rm 'servidor_minecraft/journeymap/server/5.10/journeymap.server.global.config'
rm 'servidor_minecraft/journeymap/server/5.10/journeymap.server.minecraft~overworld.config'
rm 'servidor_minecraft/journeymap/server/5.10/journeymap.server.minecraft~the_end.config'
rm 'servidor_minecraft/journeymap/server/5.10/journeymap.server.minecraft~the_nether.config'
rm 'servidor_minecraft/journeymap/server/5.10/journeymap.server.world~madnessdimension.config'
rm 'servidor_minecraft/journeymap/server/5.10/journeymap.server.world~worldtest_1.config'
rm 'servidor_minecraft/libraries/com/electronwill/night-config/core/3.6.4/core-3.6.4.jar'
rm 'servidor_minecraft/libraries/com/electronwill/night-config/toml/3.6.4/toml-3.6.4.jar'
rm 'servidor_minecraft/libraries/com/github/jponge/lzma-java/1.3/lzma-java-1.3.jar'
rm 'servidor_minecraft/libraries/com/github/oshi/oshi-core/6.2.2/oshi-core-6.2.2.jar'
rm 'servidor_minecraft/libraries/com/google/code/findbugs/jsr305/3.0.2/jsr305-3.0.2.jar'
rm 'servidor_minecraft/libraries/com/google/code/gson/gson/2.10/gson-2.10.jar'
rm 'servidor_minecraft/libraries/com/google/code/gson/gson/2.8.7/gson-2.8.7.jar'
rm 'servidor_minecraft/libraries/com/google/errorprone/error_prone_annotations/2.1.3/error_prone_annotations-2.1.3.jar'
rm 'servidor_minecraft/libraries/com/google/guava/failureaccess/1.0.1/failureaccess-1.0.1.jar'
rm 'servidor_minecraft/libraries/com/google/guava/guava/20.0/guava-20.0.jar'
rm 'servidor_minecraft/libraries/com/google/guava/guava/25.1-jre/guava-25.1-jre.jar'
rm 'servidor_minecraft/libraries/com/google/guava/guava/31.1-jre/guava-31.1-jre.jar'
rm 'servidor_minecraft/libraries/com/google/j2objc/j2objc-annotations/1.1/j2objc-annotations-1.1.jar'
rm 'servidor_minecraft/libraries/com/mojang/authlib/4.0.43/authlib-4.0.43.jar'
rm 'servidor_minecraft/libraries/com/mojang/brigadier/1.1.8/brigadier-1.1.8.jar'
rm 'servidor_minecraft/libraries/com/mojang/datafixerupper/6.0.8/datafixerupper-6.0.8.jar'
rm 'servidor_minecraft/libraries/com/mojang/logging/1.1.1/logging-1.1.1.jar'
rm 'servidor_minecraft/libraries/com/nothome/javaxdelta/2.0.1/javaxdelta-2.0.1.jar'
rm 'servidor_minecraft/libraries/com/opencsv/opencsv/4.4/opencsv-4.4.jar'
rm 'servidor_minecraft/libraries/commons-beanutils/commons-beanutils/1.9.3/commons-beanutils-1.9.3.jar'
rm 'servidor_minecraft/libraries/commons-collections/commons-collections/3.2.2/commons-collections-3.2.2.jar'
rm 'servidor_minecraft/libraries/commons-io/commons-io/2.11.0/commons-io-2.11.0.jar'
rm 'servidor_minecraft/libraries/commons-io/commons-io/2.4/commons-io-2.4.jar'
rm 'servidor_minecraft/libraries/commons-logging/commons-logging/1.2/commons-logging-1.2.jar'
rm 'servidor_minecraft/libraries/cpw/mods/bootstraplauncher/1.1.2/bootstraplauncher-1.1.2.jar'
rm 'servidor_minecraft/libraries/cpw/mods/modlauncher/10.0.9/modlauncher-10.0.9.jar'
rm 'servidor_minecraft/libraries/cpw/mods/securejarhandler/2.1.10/securejarhandler-2.1.10.jar'
rm 'servidor_minecraft/libraries/de/oceanlabs/mcp/mcp_config/1.20.1-20230612.114412/mcp_config-1.20.1-20230612.114412-mappings-merged.txt'
rm 'servidor_minecraft/libraries/de/oceanlabs/mcp/mcp_config/1.20.1-20230612.114412/mcp_config-1.20.1-20230612.114412-mappings.txt'
rm 'servidor_minecraft/libraries/de/oceanlabs/mcp/mcp_config/1.20.1-20230612.114412/mcp_config-1.20.1-20230612.114412.zip'
rm 'servidor_minecraft/libraries/de/siegmar/fastcsv/2.0.0/fastcsv-2.0.0.jar'
rm 'servidor_minecraft/libraries/io/netty/netty-buffer/4.1.82.Final/netty-buffer-4.1.82.Final.jar'
rm 'servidor_minecraft/libraries/io/netty/netty-codec/4.1.82.Final/netty-codec-4.1.82.Final.jar'
rm 'servidor_minecraft/libraries/io/netty/netty-common/4.1.82.Final/netty-common-4.1.82.Final.jar'
rm 'servidor_minecraft/libraries/io/netty/netty-handler/4.1.82.Final/netty-handler-4.1.82.Final.jar'
rm 'servidor_minecraft/libraries/io/netty/netty-resolver/4.1.82.Final/netty-resolver-4.1.82.Final.jar'
rm 'servidor_minecraft/libraries/io/netty/netty-transport-classes-epoll/4.1.82.Final/netty-transport-classes-epoll-4.1.82.Final.jar'
rm 'servidor_minecraft/libraries/io/netty/netty-transport-native-epoll/4.1.82.Final/netty-transport-native-epoll-4.1.82.Final-linux-aarch_64.jar'
rm 'servidor_minecraft/libraries/io/netty/netty-transport-native-epoll/4.1.82.Final/netty-transport-native-epoll-4.1.82.Final-linux-x86_64.jar'
rm 'servidor_minecraft/libraries/io/netty/netty-transport-native-unix-common/4.1.82.Final/netty-transport-native-unix-common-4.1.82.Final.jar'
rm 'servidor_minecraft/libraries/io/netty/netty-transport/4.1.82.Final/netty-transport-4.1.82.Final.jar'
rm 'servidor_minecraft/libraries/it/unimi/dsi/fastutil/8.5.9/fastutil-8.5.9.jar'
rm 'servidor_minecraft/libraries/net/java/dev/jna/jna-platform/5.12.1/jna-platform-5.12.1.jar'
rm 'servidor_minecraft/libraries/net/java/dev/jna/jna/5.12.1/jna-5.12.1.jar'
rm 'servidor_minecraft/libraries/net/jodah/typetools/0.6.3/typetools-0.6.3.jar'
rm 'servidor_minecraft/libraries/net/md-5/SpecialSource/1.11.0/SpecialSource-1.11.0.jar'
rm 'servidor_minecraft/libraries/net/minecraft/server/1.20.1-20230612.114412/server-1.20.1-20230612.114412-extra.jar'
rm 'servidor_minecraft/libraries/net/minecraft/server/1.20.1-20230612.114412/server-1.20.1-20230612.114412-extra.jar.cache'
rm 'servidor_minecraft/libraries/net/minecraft/server/1.20.1-20230612.114412/server-1.20.1-20230612.114412-mappings.txt'
rm 'servidor_minecraft/libraries/net/minecraft/server/1.20.1-20230612.114412/server-1.20.1-20230612.114412-slim.jar'
rm 'servidor_minecraft/libraries/net/minecraft/server/1.20.1-20230612.114412/server-1.20.1-20230612.114412-slim.jar.cache'
rm 'servidor_minecraft/libraries/net/minecraft/server/1.20.1-20230612.114412/server-1.20.1-20230612.114412-srg.jar'
rm 'servidor_minecraft/libraries/net/minecraft/server/1.20.1-20230612.114412/server-1.20.1-20230612.114412-unpacked.jar'
rm 'servidor_minecraft/libraries/net/minecraft/server/1.20.1/server-1.20.1.jar'
rm 'servidor_minecraft/libraries/net/minecraftforge/ForgeAutoRenamingTool/0.1.22/ForgeAutoRenamingTool-0.1.22-all.jar'
rm 'servidor_minecraft/libraries/net/minecraftforge/JarJarFileSystems/0.3.19/JarJarFileSystems-0.3.19.jar'
rm 'servidor_minecraft/libraries/net/minecraftforge/JarJarMetadata/0.3.19/JarJarMetadata-0.3.19.jar'
rm 'servidor_minecraft/libraries/net/minecraftforge/JarJarSelector/0.3.19/JarJarSelector-0.3.19.jar'
rm 'servidor_minecraft/libraries/net/minecraftforge/accesstransformers/8.0.4/accesstransformers-8.0.4.jar'
rm 'servidor_minecraft/libraries/net/minecraftforge/binarypatcher/1.1.1/binarypatcher-1.1.1.jar'
rm 'servidor_minecraft/libraries/net/minecraftforge/coremods/5.0.1/coremods-5.0.1.jar'
rm 'servidor_minecraft/libraries/net/minecraftforge/eventbus/6.0.5/eventbus-6.0.5.jar'
rm 'servidor_minecraft/libraries/net/minecraftforge/fmlcore/1.20.1-47.2.0/fmlcore-1.20.1-47.2.0.jar'
rm 'servidor_minecraft/libraries/net/minecraftforge/fmlearlydisplay/1.20.1-47.2.0/fmlearlydisplay-1.20.1-47.2.0.jar'
rm 'servidor_minecraft/libraries/net/minecraftforge/fmlloader/1.20.1-47.2.0/fmlloader-1.20.1-47.2.0.jar'
rm 'servidor_minecraft/libraries/net/minecraftforge/forge/1.20.1-47.2.0/forge-1.20.1-47.2.0-server.jar'
rm 'servidor_minecraft/libraries/net/minecraftforge/forge/1.20.1-47.2.0/forge-1.20.1-47.2.0-universal.jar'
rm 'servidor_minecraft/libraries/net/minecraftforge/forge/1.20.1-47.2.0/unix_args.txt'
rm 'servidor_minecraft/libraries/net/minecraftforge/forge/1.20.1-47.2.0/win_args.txt'
rm 'servidor_minecraft/libraries/net/minecraftforge/forgespi/7.0.1/forgespi-7.0.1.jar'
rm 'servidor_minecraft/libraries/net/minecraftforge/installertools/1.3.0/installertools-1.3.0.jar'
rm 'servidor_minecraft/libraries/net/minecraftforge/jarsplitter/1.1.4/jarsplitter-1.1.4.jar'
rm 'servidor_minecraft/libraries/net/minecraftforge/javafmllanguage/1.20.1-47.2.0/javafmllanguage-1.20.1-47.2.0.jar'
rm 'servidor_minecraft/libraries/net/minecraftforge/lowcodelanguage/1.20.1-47.2.0/lowcodelanguage-1.20.1-47.2.0.jar'
rm 'servidor_minecraft/libraries/net/minecraftforge/mclanguage/1.20.1-47.2.0/mclanguage-1.20.1-47.2.0.jar'
rm 'servidor_minecraft/libraries/net/minecraftforge/mergetool/1.1.5/mergetool-1.1.5-api.jar'
rm 'servidor_minecraft/libraries/net/minecraftforge/srgutils/0.4.11/srgutils-0.4.11.jar'
rm 'servidor_minecraft/libraries/net/minecraftforge/srgutils/0.4.3/srgutils-0.4.3.jar'
rm 'servidor_minecraft/libraries/net/minecraftforge/srgutils/0.4.9/srgutils-0.4.9.jar'
rm 'servidor_minecraft/libraries/net/minecraftforge/unsafe/0.2.0/unsafe-0.2.0.jar'
rm 'servidor_minecraft/libraries/net/minecrell/terminalconsoleappender/1.2.0/terminalconsoleappender-1.2.0.jar'
rm 'servidor_minecraft/libraries/net/sf/jopt-simple/jopt-simple/5.0.4/jopt-simple-5.0.4.jar'
rm 'servidor_minecraft/libraries/net/sf/jopt-simple/jopt-simple/6.0-alpha-3/jopt-simple-6.0-alpha-3.jar'
rm 'servidor_minecraft/libraries/org/antlr/antlr4-runtime/4.9.1/antlr4-runtime-4.9.1.jar'
rm 'servidor_minecraft/libraries/org/apache/commons/commons-collections4/4.2/commons-collections4-4.2.jar'
rm 'servidor_minecraft/libraries/org/apache/commons/commons-lang3/3.12.0/commons-lang3-3.12.0.jar'
rm 'servidor_minecraft/libraries/org/apache/commons/commons-lang3/3.8.1/commons-lang3-3.8.1.jar'
rm 'servidor_minecraft/libraries/org/apache/commons/commons-text/1.3/commons-text-1.3.jar'
rm 'servidor_minecraft/libraries/org/apache/logging/log4j/log4j-api/2.19.0/log4j-api-2.19.0.jar'
rm 'servidor_minecraft/libraries/org/apache/logging/log4j/log4j-core/2.19.0/log4j-core-2.19.0.jar'
rm 'servidor_minecraft/libraries/org/apache/logging/log4j/log4j-slf4j2-impl/2.19.0/log4j-slf4j2-impl-2.19.0.jar'
rm 'servidor_minecraft/libraries/org/apache/maven/maven-artifact/3.8.5/maven-artifact-3.8.5.jar'
rm 'servidor_minecraft/libraries/org/checkerframework/checker-qual/2.0.0/checker-qual-2.0.0.jar'
rm 'servidor_minecraft/libraries/org/codehaus/mojo/animal-sniffer-annotations/1.14/animal-sniffer-annotations-1.14.jar'
rm 'servidor_minecraft/libraries/org/jline/jline-reader/3.12.1/jline-reader-3.12.1.jar'
rm 'servidor_minecraft/libraries/org/jline/jline-terminal/3.12.1/jline-terminal-3.12.1.jar'
rm 'servidor_minecraft/libraries/org/joml/joml/1.10.5/joml-1.10.5.jar'
rm 'servidor_minecraft/libraries/org/openjdk/nashorn/nashorn-core/15.3/nashorn-core-15.3.jar'
rm 'servidor_minecraft/libraries/org/ow2/asm/asm-analysis/9.2/asm-analysis-9.2.jar'
rm 'servidor_minecraft/libraries/org/ow2/asm/asm-analysis/9.3/asm-analysis-9.3.jar'
rm 'servidor_minecraft/libraries/org/ow2/asm/asm-analysis/9.5/asm-analysis-9.5.jar'
rm 'servidor_minecraft/libraries/org/ow2/asm/asm-commons/9.2/asm-commons-9.2.jar'
rm 'servidor_minecraft/libraries/org/ow2/asm/asm-commons/9.3/asm-commons-9.3.jar'
rm 'servidor_minecraft/libraries/org/ow2/asm/asm-commons/9.5/asm-commons-9.5.jar'
rm 'servidor_minecraft/libraries/org/ow2/asm/asm-tree/9.2/asm-tree-9.2.jar'
rm 'servidor_minecraft/libraries/org/ow2/asm/asm-tree/9.3/asm-tree-9.3.jar'
rm 'servidor_minecraft/libraries/org/ow2/asm/asm-tree/9.5/asm-tree-9.5.jar'
rm 'servidor_minecraft/libraries/org/ow2/asm/asm-util/9.5/asm-util-9.5.jar'
rm 'servidor_minecraft/libraries/org/ow2/asm/asm/9.2/asm-9.2.jar'
rm 'servidor_minecraft/libraries/org/ow2/asm/asm/9.3/asm-9.3.jar'
rm 'servidor_minecraft/libraries/org/ow2/asm/asm/9.5/asm-9.5.jar'
rm 'servidor_minecraft/libraries/org/slf4j/slf4j-api/2.0.1/slf4j-api-2.0.1.jar'
rm 'servidor_minecraft/libraries/org/spongepowered/mixin/0.8.5/mixin-0.8.5.jar'
rm 'servidor_minecraft/libraries/trove/trove/1.0.2/trove-1.0.2.jar'
rm 'servidor_minecraft/logs/2024-07-22-10.log.gz'
rm 'servidor_minecraft/logs/2024-07-22-11.log.gz'
rm 'servidor_minecraft/logs/2024-07-22-12.log.gz'
rm 'servidor_minecraft/logs/2024-07-22-2.log.gz'
rm 'servidor_minecraft/logs/2024-07-22-3.log.gz'
rm 'servidor_minecraft/logs/2024-07-22-4.log.gz'
rm 'servidor_minecraft/logs/2024-07-22-5.log.gz'
rm 'servidor_minecraft/logs/2024-07-22-6.log.gz'
rm 'servidor_minecraft/logs/2024-07-22-7.log.gz'
rm 'servidor_minecraft/logs/2024-07-22-8.log.gz'
rm 'servidor_minecraft/logs/2024-07-22-9.log.gz'
rm 'servidor_minecraft/logs/2024-07-24-2.log.gz'
rm 'servidor_minecraft/logs/2024-07-24-3.log.gz'
rm 'servidor_minecraft/logs/2024-07-25-2.log.gz'
rm 'servidor_minecraft/logs/2024-07-25-3.log.gz'
rm 'servidor_minecraft/logs/2024-08-01-2.log.gz'
rm 'servidor_minecraft/logs/2024-08-01-3.log.gz'
rm 'servidor_minecraft/logs/2024-08-01-4.log.gz'
rm 'servidor_minecraft/logs/2024-08-01-5.log.gz'
rm 'servidor_minecraft/logs/2024-09-28-2.log.gz'
rm 'servidor_minecraft/logs/2024-10-21-1.log.gz'
rm 'servidor_minecraft/logs/2024-10-21-2.log.gz'
rm 'servidor_minecraft/logs/2024-10-21-3.log.gz'
rm 'servidor_minecraft/logs/2024-10-21-4.log.gz'
rm 'servidor_minecraft/logs/2024-10-21-5.log.gz'
rm 'servidor_minecraft/logs/2024-10-21-6.log.gz'
rm 'servidor_minecraft/logs/2024-10-21-7.log.gz'
rm 'servidor_minecraft/logs/2024-10-21-8.log.gz'
rm 'servidor_minecraft/logs/debug-1.log.gz'
rm 'servidor_minecraft/logs/debug-2.log.gz'
rm 'servidor_minecraft/logs/debug-3.log.gz'
rm 'servidor_minecraft/logs/debug-4.log.gz'
rm 'servidor_minecraft/logs/debug-5.log.gz'
rm 'servidor_minecraft/logs/debug.log'
rm 'servidor_minecraft/logs/latest.log'
rm 'servidor_minecraft/modgest_config.json'
rm 'servidor_minecraft/modgest_debian_x64'
rm 'servidor_minecraft/mods/Apotheosis-1.20.1-7.4.0.jar'
rm 'servidor_minecraft/mods/ApothicAttributes-1.20.1-1.3.5.jar'
rm 'servidor_minecraft/mods/Bookshelf-Forge-1.20.1-20.2.13.jar'
rm 'servidor_minecraft/mods/Cardinal Sins 1.0.3.jar'
rm 'servidor_minecraft/mods/ClearLag 1.20.1.jar'
rm 'servidor_minecraft/mods/ConfigurableCane-1.20-2.5.2.jar'
rm 'servidor_minecraft/mods/CreativeCore_FORGE_v2.11.31_mc1.20.1.jar'
rm 'servidor_minecraft/mods/DungeonsArise-1.20.x-2.1.58-release.jar'
rm 'servidor_minecraft/mods/EnchantmentDescriptions-Forge-1.20.1-17.0.16.jar'
rm 'servidor_minecraft/mods/Explorify v1.6.1 f10-48.jar'
rm 'servidor_minecraft/mods/ImmediatelyFast-Forge-1.2.8+1.20.4.jar'
rm 'servidor_minecraft/mods/Incendium_1.20.x_v5.3.5.jar'
rm 'servidor_minecraft/mods/Jade-1.20.1-forge-11.9.4.jar'
rm 'servidor_minecraft/mods/JustEnoughResources-1.20.1-1.4.0.247.jar'
rm 'servidor_minecraft/mods/KOTM-CaliganBetaUpdate.jar'
rm 'servidor_minecraft/mods/L_Enders_Cataclysm-1.99.6-1.20.1.jar'
rm 'servidor_minecraft/mods/MaxHealthFix-Forge-1.20.1-12.0.3.jar'
rm 'servidor_minecraft/mods/Patchouli-1.20.1-84-FORGE.jar'
rm 'servidor_minecraft/mods/Placebo-1.20.1-8.6.2.jar'
rm 'servidor_minecraft/mods/PlayerRevive_FORGE_v2.0.25_mc1.20.1.jar'
rm 'servidor_minecraft/mods/Structory_1.20.x_v1.3.5.jar'
rm 'servidor_minecraft/mods/TaxCastlePillager+M.1.20.1+ForM.1.0.1.jar'
rm 'servidor_minecraft/mods/TerraBlender-forge-1.20.1-3.0.1.7.jar'
rm 'servidor_minecraft/mods/YetAnotherConfigLib-3.5.0+1.20.1-forge.jar'
rm 'servidor_minecraft/mods/alexscaves-2.0.0.jar'
rm 'servidor_minecraft/mods/alexsmobs-1.22.8.jar'
rm 'servidor_minecraft/mods/aquamirae-6.API15.jar'
rm 'servidor_minecraft/mods/architectury-9.2.14-forge.jar'
rm 'servidor_minecraft/mods/balm-forge-1.20.1-7.3.6-all.jar'
rm 'servidor_minecraft/mods/born_in_chaos_[Forge]1.20.1_1.3.1.jar'
rm 'servidor_minecraft/mods/carryon-forge-1.20.1-2.1.2.7.jar'
rm 'servidor_minecraft/mods/citadel-2.6.0-1.20.1.jar'
rm 'servidor_minecraft/mods/cloth-config-11.1.118-forge.jar'
rm 'servidor_minecraft/mods/combatroll-forge-1.3.2+1.20.1.jar'
rm 'servidor_minecraft/mods/curios-forge-5.9.1+1.20.1.jar'
rm 'servidor_minecraft/mods/deeperdarker-forge-1.20.1-1.2.1.jar'
rm 'servidor_minecraft/mods/elenaidodge2-1.1.jar'
rm 'servidor_minecraft/mods/embeddium-0.3.24+mc1.20.1.jar'
rm 'servidor_minecraft/mods/feathers-1.1.jar'
rm 'servidor_minecraft/mods/ferritecore-6.0.1-forge.jar'
rm 'servidor_minecraft/mods/geckolib-forge-1.20.1-4.4.7.jar'
rm 'servidor_minecraft/mods/iceandfire-2.1.13-1.20.1-beta-5.jar'
rm 'servidor_minecraft/mods/inventorypets-1.20.1-2.1.2.jar'
rm 'servidor_minecraft/mods/ironchest-1.20.1-14.4.4 (1).jar'
rm 'servidor_minecraft/mods/jei-1.20.1-forge-15.3.0.8.jar'
rm 'servidor_minecraft/mods/journeymap-1.20.1-5.10.0-forge.jar'
rm 'servidor_minecraft/mods/justleveling-forge-1.20.x-v1.7.jar'
rm 'servidor_minecraft/mods/lionfishapi-1.9.jar'
rm 'servidor_minecraft/mods/loot_journal-3.1.1.jar'
rm 'servidor_minecraft/mods/majrusz-library-forge-1.20.1-7.0.8.jar'
rm 'servidor_minecraft/mods/majruszs-difficulty-forge-1.20.1-1.9.10.jar'
rm 'servidor_minecraft/mods/majruszs-enchantments-forge-1.20.1-1.10.8.jar'
rm 'servidor_minecraft/mods/mokels_witch_boss-1.0-forge-1.20.1.jar'
rm 'servidor_minecraft/mods/mutil-1.20.1-6.1.1.jar'
rm 'servidor_minecraft/mods/obscure_api-15.jar'
rm 'servidor_minecraft/mods/player-animation-lib-forge-1.0.2-rc1+1.20.jar'
rm 'servidor_minecraft/mods/plushie_buddies-0.1.1-1.20.1.jar'
rm 'servidor_minecraft/mods/polytone-1.20-2.3.3.jar'
rm 'servidor_minecraft/mods/radium-mc1.20.1-0.12.2+git.5f80f74.jar'
rm 'servidor_minecraft/mods/realmrpg_fallen_adventurers_1.0.3_forge_1.20.1.jar'
rm 'servidor_minecraft/mods/realmrpg_imps_and_demons_0.9.0_forge_1.20.1.jar'
rm 'servidor_minecraft/mods/rrls-4.0.6.1+mc1.20.1-forge.jar'
rm 'servidor_minecraft/mods/rubidium-extra-0.5.4.3+mc1.20.1-build.121.jar'
rm 'servidor_minecraft/mods/spawnermod-1.20.1-1.9.3+Forge.jar'
rm 'servidor_minecraft/mods/structure_gel-1.20.1-2.16.2.jar'
rm 'servidor_minecraft/mods/tact-1.2.0+1.20.1.jar'
rm 'servidor_minecraft/mods/tctcore-1.4-forge-1.20.1.jar'
rm 'servidor_minecraft/mods/tetra-1.20.1-6.4.0.jar'
rm 'servidor_minecraft/mods/the-conjurer-1.20.1-1.1.6.jar'
rm 'servidor_minecraft/mods/theoneprobe-1.20.1-10.0.2.jar'
rm 'servidor_minecraft/mods/tombstone-1.20.1-8.6.7.jar'
rm 'servidor_minecraft/mods/trashslot-forge-1.20-15.1.0.jar'
rm 'servidor_minecraft/mods/travelersbackpack-forge-1.20.1-9.1.14.jar'
rm 'servidor_minecraft/mods/warriors_of_past_epoch_[Forge]_1.20.1_1.3.jar'
rm 'servidor_minecraft/ops.json'
rm 'servidor_minecraft/playit.status'
rm 'servidor_minecraft/playit.tunnels'
rm 'servidor_minecraft/run.bat'
rm 'servidor_minecraft/run.sh'
rm 'servidor_minecraft/server.properties'
rm 'servidor_minecraft/user_jvm_args.txt'
rm 'servidor_minecraft/usercache.json'
rm 'servidor_minecraft/usernamecache.json'
rm 'servidor_minecraft/whitelist.json'
rm 'servidor_minecraft/world/DIM-1/data/capabilities.dat'
rm 'servidor_minecraft/world/DIM-1/data/clearlagc_worldvars.dat'
rm 'servidor_minecraft/world/DIM-1/data/raids.dat'
rm 'servidor_minecraft/world/DIM1/data/capabilities.dat'
rm 'servidor_minecraft/world/DIM1/data/clearlagc_worldvars.dat'
rm 'servidor_minecraft/world/DIM1/data/raids_end.dat'
rm 'servidor_minecraft/world/advancements/43d79b3e-4afa-37fb-a395-aac4dcd856c6.json'
rm 'servidor_minecraft/world/advancements/9221eae4-d002-3ea6-a2ca-c4c421bfbe27.json'
rm 'servidor_minecraft/world/advancements/ed821a9b-cfc7-343b-9491-331781f0bba2.json'
rm 'servidor_minecraft/world/data/JMPlayerSettings.dat'
rm 'servidor_minecraft/world/data/WorldUUID.dat'
rm 'servidor_minecraft/world/data/alexsmobs_world_data.dat'
rm 'servidor_minecraft/world/data/capabilities.dat'
rm 'servidor_minecraft/world/data/cataclysm_world_data.dat'
rm 'servidor_minecraft/world/data/chunks.dat'
rm 'servidor_minecraft/world/data/citadel_world_data.dat'
rm 'servidor_minecraft/world/data/clearlagc_worldvars.dat'
rm 'servidor_minecraft/world/data/iceandfire_general.dat'
rm 'servidor_minecraft/world/data/idcounts.dat'
rm 'servidor_minecraft/world/data/majruszsdifficulty.dat'
rm 'servidor_minecraft/world/data/map_0.dat'
rm 'servidor_minecraft/world/data/raids.dat'
rm 'servidor_minecraft/world/data/random_sequences.dat'
rm 'servidor_minecraft/world/data/scoreboard.dat'
rm 'servidor_minecraft/world/dimensions/deeperdarker/otherside/data/capabilities.dat'
rm 'servidor_minecraft/world/dimensions/deeperdarker/otherside/data/clearlagc_worldvars.dat'
rm 'servidor_minecraft/world/dimensions/deeperdarker/otherside/data/raids.dat'
rm 'servidor_minecraft/world/entities/r.-1.-1.mca'
rm 'servidor_minecraft/world/entities/r.-1.-2.mca'
rm 'servidor_minecraft/world/entities/r.-1.-3.mca'
rm 'servidor_minecraft/world/entities/r.-1.0.mca'
rm 'servidor_minecraft/world/entities/r.-1.1.mca'
rm 'servidor_minecraft/world/entities/r.-2.-1.mca'
rm 'servidor_minecraft/world/entities/r.-2.0.mca'
rm 'servidor_minecraft/world/entities/r.-2.1.mca'
rm 'servidor_minecraft/world/entities/r.0.-1.mca'
rm 'servidor_minecraft/world/entities/r.0.-2.mca'
rm 'servidor_minecraft/world/entities/r.0.-3.mca'
rm 'servidor_minecraft/world/entities/r.0.0.mca'
rm 'servidor_minecraft/world/entities/r.1.-1.mca'
rm 'servidor_minecraft/world/entities/r.1.-2.mca'
rm 'servidor_minecraft/world/entities/r.1.-3.mca'
rm 'servidor_minecraft/world/entities/r.1.-4.mca'
rm 'servidor_minecraft/world/entities/r.2.-2.mca'
rm 'servidor_minecraft/world/entities/r.2.-3.mca'
rm 'servidor_minecraft/world/entities/r.2.-4.mca'
rm 'servidor_minecraft/world/entities/r.3.-3.mca'
rm 'servidor_minecraft/world/entities/r.3.-4.mca'
rm 'servidor_minecraft/world/level.dat'
rm 'servidor_minecraft/world/level.dat_old'
rm 'servidor_minecraft/world/playerdata/43d79b3e-4afa-37fb-a395-aac4dcd856c6.dat'
rm 'servidor_minecraft/world/playerdata/43d79b3e-4afa-37fb-a395-aac4dcd856c6.dat_old'
rm 'servidor_minecraft/world/playerdata/9221eae4-d002-3ea6-a2ca-c4c421bfbe27.dat'
rm 'servidor_minecraft/world/playerdata/9221eae4-d002-3ea6-a2ca-c4c421bfbe27.dat_old'
rm 'servidor_minecraft/world/playerdata/ed821a9b-cfc7-343b-9491-331781f0bba2.dat'
rm 'servidor_minecraft/world/playerdata/ed821a9b-cfc7-343b-9491-331781f0bba2.dat_old'
rm 'servidor_minecraft/world/poi/r.-1.-1.mca'
rm 'servidor_minecraft/world/poi/r.-1.-2.mca'
rm 'servidor_minecraft/world/poi/r.-1.-3.mca'
rm 'servidor_minecraft/world/poi/r.-1.-4.mca'
rm 'servidor_minecraft/world/poi/r.-1.0.mca'
rm 'servidor_minecraft/world/poi/r.-1.1.mca'
rm 'servidor_minecraft/world/poi/r.-2.-1.mca'
rm 'servidor_minecraft/world/poi/r.-2.0.mca'
rm 'servidor_minecraft/world/poi/r.-2.1.mca'
rm 'servidor_minecraft/world/poi/r.0.-1.mca'
rm 'servidor_minecraft/world/poi/r.0.-2.mca'
rm 'servidor_minecraft/world/poi/r.0.-3.mca'
rm 'servidor_minecraft/world/poi/r.0.-4.mca'
rm 'servidor_minecraft/world/poi/r.0.0.mca'
rm 'servidor_minecraft/world/poi/r.1.-1.mca'
rm 'servidor_minecraft/world/poi/r.1.-2.mca'
rm 'servidor_minecraft/world/poi/r.1.-3.mca'
rm 'servidor_minecraft/world/poi/r.1.-4.mca'
rm 'servidor_minecraft/world/poi/r.1.0.mca'
rm 'servidor_minecraft/world/poi/r.2.-2.mca'
rm 'servidor_minecraft/world/poi/r.2.-3.mca'
rm 'servidor_minecraft/world/poi/r.2.-4.mca'
rm 'servidor_minecraft/world/poi/r.3.-2.mca'
rm 'servidor_minecraft/world/poi/r.3.-3.mca'
rm 'servidor_minecraft/world/poi/r.3.-4.mca'
rm 'servidor_minecraft/world/region/r.-1.-1.mca'
rm 'servidor_minecraft/world/region/r.-1.-2.mca'
rm 'servidor_minecraft/world/region/r.-1.-3.mca'
rm 'servidor_minecraft/world/region/r.-1.-4.mca'
rm 'servidor_minecraft/world/region/r.-1.0.mca'
rm 'servidor_minecraft/world/region/r.-1.1.mca'
rm 'servidor_minecraft/world/region/r.-2.-1.mca'
rm 'servidor_minecraft/world/region/r.-2.-2.mca'
rm 'servidor_minecraft/world/region/r.-2.0.mca'
rm 'servidor_minecraft/world/region/r.-2.1.mca'
rm 'servidor_minecraft/world/region/r.0.-1.mca'
rm 'servidor_minecraft/world/region/r.0.-2.mca'
rm 'servidor_minecraft/world/region/r.0.-3.mca'
rm 'servidor_minecraft/world/region/r.0.-4.mca'
rm 'servidor_minecraft/world/region/r.0.0.mca'
rm 'servidor_minecraft/world/region/r.1.-1.mca'
rm 'servidor_minecraft/world/region/r.1.-2.mca'
rm 'servidor_minecraft/world/region/r.1.-3.mca'
rm 'servidor_minecraft/world/region/r.1.-4.mca'
rm 'servidor_minecraft/world/region/r.1.0.mca'
rm 'servidor_minecraft/world/region/r.2.-2.mca'
rm 'servidor_minecraft/world/region/r.2.-3.mca'
rm 'servidor_minecraft/world/region/r.2.-4.mca'
rm 'servidor_minecraft/world/region/r.3.-2.mca'
rm 'servidor_minecraft/world/region/r.3.-3.mca'
rm 'servidor_minecraft/world/region/r.3.-4.mca'
rm 'servidor_minecraft/world/serverconfig/configurablecane-server.toml'
rm 'servidor_minecraft/world/serverconfig/curios-server.toml'
rm 'servidor_minecraft/world/serverconfig/forge-server.toml'
rm 'servidor_minecraft/world/serverconfig/jei-server.toml'
rm 'servidor_minecraft/world/serverconfig/journeymap-server.toml'
rm 'servidor_minecraft/world/session.lock'
rm 'servidor_minecraft/world/stats/43d79b3e-4afa-37fb-a395-aac4dcd856c6.json'
rm 'servidor_minecraft/world/stats/9221eae4-d002-3ea6-a2ca-c4c421bfbe27.json'
rm 'servidor_minecraft/world/stats/ed821a9b-cfc7-343b-9491-331781f0bba2.json'
rm 'servidor_minecraft/world/tombstone/loottables/tombstone-pool-archaeology.json'
rm 'servidor_minecraft/world/tombstone/loottables/tombstone-pool-cat_morning.json'
rm 'servidor_minecraft/world/tombstone/loottables/tombstone-pool-chest_treasure.bak'
rm 'servidor_minecraft/world/tombstone/loottables/tombstone-pool-chest_treasure.json'
rm 'servidor_minecraft/world/tombstone/loottables/tombstone-pool-lost_treasure.json'
rm 'servidor_minecraft/world/tombstone/loottables/tombstone-pool-seeker_rod.json'
rm 'servidor_minecraft/world/tombstone/loottables/tombstone-pool-sniffer_digging.json'
rm 'servidor_minecraft/world/tombstone/loottables/tombstone-pool-undead_boss.json'
rm 'servidor_minecraft/world/tombstone/loottables/tombstone-pool-undead_mob.json'
rm 'servidor_minecraft/world/tombstone/saved_players/43d79b3e-4afa-37fb-a395-aac4dcd856c6/20241021-140013.save'
rm 'servidor_minecraft/world/tombstone/saved_players/43d79b3e-4afa-37fb-a395-aac4dcd856c6/20241021-232918.save'
rm 'servidor_minecraft/world/tombstone/saved_players/43d79b3e-4afa-37fb-a395-aac4dcd856c6/20241021-234441.save'
rm 'servidor_minecraft/world/tombstone/saved_players/43d79b3e-4afa-37fb-a395-aac4dcd856c6/20241022-000441.save'
rm 'servidor_minecraft/world/tombstone/saved_players/43d79b3e-4afa-37fb-a395-aac4dcd856c6/20241022-002441.save'
rm 'servidor_minecraft/world/tombstone/saved_players/9221eae4-d002-3ea6-a2ca-c4c421bfbe27/20241021-232918.save'
rm 'servidor_minecraft/world/tombstone/saved_players/9221eae4-d002-3ea6-a2ca-c4c421bfbe27/20241021-233108.save'
rm 'servidor_minecraft/world/tombstone/saved_players/9221eae4-d002-3ea6-a2ca-c4c421bfbe27/20241021-233117.save'
rm 'servidor_minecraft/world/tombstone/saved_players/9221eae4-d002-3ea6-a2ca-c4c421bfbe27/20241021-233305.save'
rm 'servidor_minecraft/world/tombstone/saved_players/9221eae4-d002-3ea6-a2ca-c4c421bfbe27/20241021-233725.save'
rm 'servidor_minecraft/world/tombstone/saved_players/9221eae4-d002-3ea6-a2ca-c4c421bfbe27/20241021-233935.save'
rm 'servidor_minecraft/world/tombstone/saved_players/9221eae4-d002-3ea6-a2ca-c4c421bfbe27/20241021-234022.save'
rm 'servidor_minecraft/world/tombstone/saved_players/9221eae4-d002-3ea6-a2ca-c4c421bfbe27/20241021-234441.save'
rm 'servidor_minecraft/world/tombstone/saved_players/9221eae4-d002-3ea6-a2ca-c4c421bfbe27/20241021-234456.save'
rm 'servidor_minecraft/world/tombstone/saved_players/9221eae4-d002-3ea6-a2ca-c4c421bfbe27/20241022-000441.save'
rm 'servidor_minecraft/world/tombstone/saved_players/9221eae4-d002-3ea6-a2ca-c4c421bfbe27/20241022-001502.save'
rm 'servidor_minecraft/world/tombstone/saved_players/9221eae4-d002-3ea6-a2ca-c4c421bfbe27/20241022-002441.save'
rm 'servidor_minecraft/world/tombstone/saved_players/9221eae4-d002-3ea6-a2ca-c4c421bfbe27/20241022-003438.save'
rm 'servidor_minecraft/world/tombstone/saved_players/ed821a9b-cfc7-343b-9491-331781f0bba2/20241021-232918.save'
rm 'servidor_minecraft/world/tombstone/version.info'
fatal: a branch named 'Minecraft_branch' already exists
fatal: confused by unstable object source data for 6f84ebe437c93b9ca4b7a8c6eed47e9a68793a71
stat: cannot stat 'servidor_minecraft/mods/ClearLag': No such file or directory
fatal: pathspec 'servidor_minecraft/mods/ClearLag' did not match any files
stat: cannot stat '1.20.1.jar': No such file or directory
fatal: pathspec '1.20.1.jar' did not match any files
stat: cannot stat 'servidor_minecraft/mods/Explorify': No such file or directory
fatal: pathspec 'servidor_minecraft/mods/Explorify' did not match any files
stat: cannot stat 'v1.6.1': No such file or directory
fatal: pathspec 'v1.6.1' did not match any files
stat: cannot stat 'f10-48.jar': No such file or directory
fatal: pathspec 'f10-48.jar' did not match any files
stat: cannot stat 'servidor_minecraft/mods/ironchest-1.20.1-14.4.4': No such file or directory
fatal: pathspec 'servidor_minecraft/mods/ironchest-1.20.1-14.4.4' did not match any files
stat: cannot stat '(1).jar': No such file or directory
fatal: pathspec '(1).jar' did not match any files
stat: cannot stat 'servidor_minecraft/mods/Cardinal': No such file or directory
fatal: pathspec 'servidor_minecraft/mods/Cardinal' did not match any files
stat: cannot stat 'Sins': No such file or directory
fatal: pathspec 'Sins' did not match any files
stat: cannot stat '1.0.3.jar': No such file or directory
fatal: pathspec '1.0.3.jar' did not match any files
stat: cannot stat 'server': No such file or directory
stat: cannot stat '(1).py': No such file or directory
stat: cannot stat 'servidor_minecraft/mods/Cardinal': No such file or directory
stat: cannot stat 'Sins': No such file or directory
stat: cannot stat '1.0.3.jar': No such file or directory
stat: cannot stat 'servidor_minecraft/mods/ClearLag': No such file or directory
stat: cannot stat '1.20.1.jar': No such file or directory
stat: cannot stat 'servidor_minecraft/mods/Explorify': No such file or directory
stat: cannot stat 'v1.6.1': No such file or directory
stat: cannot stat 'f10-48.jar': No such file or directory
stat: cannot stat 'servidor_minecraft/mods/ironchest-1.20.1-14.4.4': No such file or directory
stat: cannot stat '(1).jar': No such file or directory
Obteniendo cambios del remoto...
Fusionando cambios del remoto en la rama actual...
Already up to date.
Realizando push forzado en la rama Minecraft_branch con archivos menores de 100 MB
remote: warning: See https://gh.io/lfs for more information.        
remote: warning: File servidor_minecraft/mods/alexscaves-2.0.0.jar is 71.31 MB; this is larger than GitHub's recommended maximum file size of 50.00 MB        
remote: warning: GH001: Large files detected. You may want to try Git Large File Storage - https://git-lfs.github.com.        
To https://github.com/jaime412/Minecraft_branch.git
 + 7fb042a...3ee1ae3 Minecraft_branch -> Minecraft_branch (forced update)
Push forzado realizado con éxito en la rama Minecraft_branch.
[Minecraft_branch 4c9f123] Añadido excluded_files.txt con los archivos grandes excluidos
 1 file changed, 0 insertions(+), 0 deletions(-)
 create mode 100644 excluded_files.txt
To https://github.com/jaime412/Minecraft_branch.git
   3ee1ae3..4c9f123  Minecraft_branch -> Minecraft_branch
Esperando 10 minutos antes de la próxima ejecución...
Iniciando proceso de sincronización...
Nombre de la rama actual: Minecraft_branch
Obteniendo la URL del repositorio remoto
origin	https://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@github.com/jaime412/Minecraft_branch.git (fetch)
origin	https://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@github.com/jaime412/Minecraft_branch.git (push)
rm 'addons/Branchutil.addon'
rm 'addons/Utilidades.py'
rm 'addons/url-del-branch.json'
rm 'configuracion.json'
rm 'excluded_files.txt'
rm 'servidor_minecraft/banned-ips.json'
rm 'servidor_minecraft/banned-players.json'
rm 'servidor_minecraft/config/Elenai-Dodge-2-Common.toml'
rm 'servidor_minecraft/config/Feathers-Common.toml'
rm 'servidor_minecraft/config/Obscuria/aquamirae-common.toml'
rm 'servidor_minecraft/config/Plushie_Buddies-Common.toml'
rm 'servidor_minecraft/config/ShieldExpansion-common.toml'
rm 'servidor_minecraft/config/alexscaves-general.toml'
rm 'servidor_minecraft/config/alexscaves_biome_generation/abyssal_chasm.json'
rm 'servidor_minecraft/config/alexscaves_biome_generation/candy_cavity.json'
rm 'servidor_minecraft/config/alexscaves_biome_generation/forlorn_hollows.json'
rm 'servidor_minecraft/config/alexscaves_biome_generation/magnetic_caves.json'
rm 'servidor_minecraft/config/alexscaves_biome_generation/primordial_caves.json'
rm 'servidor_minecraft/config/alexscaves_biome_generation/toxic_caves.json'
rm 'servidor_minecraft/config/alexsmobs.toml'
rm 'servidor_minecraft/config/alexsmobs/alligator_snapping_turtle_spawns.json'
rm 'servidor_minecraft/config/alexsmobs/anaconda_spawns.json'
rm 'servidor_minecraft/config/alexsmobs/anteater_spawns.json'
rm 'servidor_minecraft/config/alexsmobs/bald_eagle_spawns.json'
rm 'servidor_minecraft/config/alexsmobs/banana_slug_spawns.json'
rm 'servidor_minecraft/config/alexsmobs/bison_spawns.json'
rm 'servidor_minecraft/config/alexsmobs/blobfish_spawns.json'
rm 'servidor_minecraft/config/alexsmobs/blue_jay_spawns.json'
rm 'servidor_minecraft/config/alexsmobs/bone_serpent_spawns.json'
rm 'servidor_minecraft/config/alexsmobs/bunfungus_spawns.json'
rm 'servidor_minecraft/config/alexsmobs/cachalot_whale_beached_spawns.json'
rm 'servidor_minecraft/config/alexsmobs/cachalot_whale_spawns.json'
rm 'servidor_minecraft/config/alexsmobs/caiman_spawns.json'
rm 'servidor_minecraft/config/alexsmobs/capuchin_monkey_spawns.json'
rm 'servidor_minecraft/config/alexsmobs/catfish_spawns.json'
rm 'servidor_minecraft/config/alexsmobs/cave_centipede_spawns.json'
rm 'servidor_minecraft/config/alexsmobs/cockroach_spawns.json'
rm 'servidor_minecraft/config/alexsmobs/comb_jelly_spawns.json'
rm 'servidor_minecraft/config/alexsmobs/cosmaw_spawns.json'
rm 'servidor_minecraft/config/alexsmobs/cosmic_cod_spawns.json'
rm 'servidor_minecraft/config/alexsmobs/crimson_mosquito_spawns.json'
rm 'servidor_minecraft/config/alexsmobs/crocodile_spawns.json'
rm 'servidor_minecraft/config/alexsmobs/crow_spawns.json'
rm 'servidor_minecraft/config/alexsmobs/devils_hole_pupfish_spawns.json'
rm 'servidor_minecraft/config/alexsmobs/dropbear_spawns.json'
rm 'servidor_minecraft/config/alexsmobs/elephant_spawns.json'
rm 'servidor_minecraft/config/alexsmobs/emu_spawns.json'
rm 'servidor_minecraft/config/alexsmobs/endergrade_spawns.json'
rm 'servidor_minecraft/config/alexsmobs/enderiophage_spawns.json'
rm 'servidor_minecraft/config/alexsmobs/farseer.json'
rm 'servidor_minecraft/config/alexsmobs/flutter_spawns.json'
rm 'servidor_minecraft/config/alexsmobs/fly_spawns.json'
rm 'servidor_minecraft/config/alexsmobs/flying_fish_spawns.json'
rm 'servidor_minecraft/config/alexsmobs/frilled_shark_spawns.json'
rm 'servidor_minecraft/config/alexsmobs/froststalker_spawns.json'
rm 'servidor_minecraft/config/alexsmobs/gazelle_spawns.json'
rm 'servidor_minecraft/config/alexsmobs/gelada_monkey_spawns.json'
rm 'servidor_minecraft/config/alexsmobs/giant_squid_spawns.json'
rm 'servidor_minecraft/config/alexsmobs/gorilla_spawns.json'
rm 'servidor_minecraft/config/alexsmobs/grizzly_bear_spawns.json'
rm 'servidor_minecraft/config/alexsmobs/guster_spawns.json'
rm 'servidor_minecraft/config/alexsmobs/hammerhead_shark_spawns.json'
rm 'servidor_minecraft/config/alexsmobs/hummingbird_spawns.json'
rm 'servidor_minecraft/config/alexsmobs/jerboa_spawns.json'
rm 'servidor_minecraft/config/alexsmobs/kangaroo_spawns.json'
rm 'servidor_minecraft/config/alexsmobs/komodo_dragon_spawns.json'
rm 'servidor_minecraft/config/alexsmobs/laviathan_spawns.json'
rm 'servidor_minecraft/config/alexsmobs/leafcutter_anthill_spawns.json'
rm 'servidor_minecraft/config/alexsmobs/lobster_spawns.json'
rm 'servidor_minecraft/config/alexsmobs/maned_wolf_spawns.json'
rm 'servidor_minecraft/config/alexsmobs/mantis_shrimp_spawns.json'
rm 'servidor_minecraft/config/alexsmobs/mimic_octopus_spawns.json'
rm 'servidor_minecraft/config/alexsmobs/mimicube_spawns.json'
rm 'servidor_minecraft/config/alexsmobs/moose_spawns.json'
rm 'servidor_minecraft/config/alexsmobs/mudskipper_spawns.json'
rm 'servidor_minecraft/config/alexsmobs/mungus_spawns.json'
rm 'servidor_minecraft/config/alexsmobs/murmur.json'
rm 'servidor_minecraft/config/alexsmobs/orca_spawns.json'
rm 'servidor_minecraft/config/alexsmobs/platypus_spawns.json'
rm 'servidor_minecraft/config/alexsmobs/potoo_spawns.json'
rm 'servidor_minecraft/config/alexsmobs/raccoon_spawns.json'
rm 'servidor_minecraft/config/alexsmobs/rain_frog_spawns.json'
rm 'servidor_minecraft/config/alexsmobs/rattlesnake_spawns.json'
rm 'servidor_minecraft/config/alexsmobs/rhinoceros_spawns.json'
rm 'servidor_minecraft/config/alexsmobs/roadrunner_spawns.json'
rm 'servidor_minecraft/config/alexsmobs/rocky_roller_spawns.json'
rm 'servidor_minecraft/config/alexsmobs/seagull_spawns.json'
rm 'servidor_minecraft/config/alexsmobs/seal_spawns.json'
rm 'servidor_minecraft/config/alexsmobs/shoebill_spawns.json'
rm 'servidor_minecraft/config/alexsmobs/skelewag_spawns.json'
rm 'servidor_minecraft/config/alexsmobs/skreecher.json'
rm 'servidor_minecraft/config/alexsmobs/skunk_spawns.json'
rm 'servidor_minecraft/config/alexsmobs/snow_leopard_spawns.json'
rm 'servidor_minecraft/config/alexsmobs/soul_vulture_spawns.json'
rm 'servidor_minecraft/config/alexsmobs/spectre_spawns.json'
rm 'servidor_minecraft/config/alexsmobs/straddler_spawns.json'
rm 'servidor_minecraft/config/alexsmobs/stradpole_spawns.json'
rm 'servidor_minecraft/config/alexsmobs/sugar_glider_spawns.json'
rm 'servidor_minecraft/config/alexsmobs/sunbird_spawns.json'
rm 'servidor_minecraft/config/alexsmobs/tarantula_hawk_spawns.json'
rm 'servidor_minecraft/config/alexsmobs/tasmanian_devil_spawns.json'
rm 'servidor_minecraft/config/alexsmobs/terrapin_spawns.json'
rm 'servidor_minecraft/config/alexsmobs/tiger_spawns.json'
rm 'servidor_minecraft/config/alexsmobs/toucan_spawns.json'
rm 'servidor_minecraft/config/alexsmobs/triops_spawns.json'
rm 'servidor_minecraft/config/alexsmobs/tusklin_spawns.json'
rm 'servidor_minecraft/config/alexsmobs/underminer.json'
rm 'servidor_minecraft/config/alexsmobs/void_worm_spawns.json'
rm 'servidor_minecraft/config/alexsmobs/warped_mosco_spawns.json'
rm 'servidor_minecraft/config/alexsmobs/warped_toad_spawns.json'
rm 'servidor_minecraft/config/aoa3/integrations_config.toml'
rm 'servidor_minecraft/config/apotheosis/adventure.cfg'
rm 'servidor_minecraft/config/apotheosis/apotheosis.cfg'
rm 'servidor_minecraft/config/apotheosis/ench.cfg'
rm 'servidor_minecraft/config/apotheosis/enchantments.cfg'
rm 'servidor_minecraft/config/apotheosis/garden.cfg'
rm 'servidor_minecraft/config/apotheosis/names.cfg'
rm 'servidor_minecraft/config/apotheosis/potion.cfg'
rm 'servidor_minecraft/config/apotheosis/spawner.cfg'
rm 'servidor_minecraft/config/apotheosis/village.cfg'
rm 'servidor_minecraft/config/attributeslib.cfg'
rm 'servidor_minecraft/config/balm-common.toml'
rm 'servidor_minecraft/config/bettercombat/fallback_compatibility.json'
rm 'servidor_minecraft/config/bettercombat/server.json5'
rm 'servidor_minecraft/config/carryon-common.toml'
rm 'servidor_minecraft/config/cataclysm.toml'
rm 'servidor_minecraft/config/cataclysm/amethyst_crab_spawns.json'
rm 'servidor_minecraft/config/cataclysm/coral_golem_spawns.json'
rm 'servidor_minecraft/config/cataclysm/deepling_angler_spawns.json'
rm 'servidor_minecraft/config/cataclysm/deepling_brute_spawns.json'
rm 'servidor_minecraft/config/cataclysm/deepling_priest_spawns.json'
rm 'servidor_minecraft/config/cataclysm/deepling_spawns.json'
rm 'servidor_minecraft/config/cataclysm/deepling_warlock_spawns.json'
rm 'servidor_minecraft/config/cataclysm/koboleton_spawns.json'
rm 'servidor_minecraft/config/citadel-common.toml'
rm 'servidor_minecraft/config/combatroll/enchantments.json'
rm 'servidor_minecraft/config/combatroll/server.json5'
rm 'servidor_minecraft/config/curios-common.toml'
rm 'servidor_minecraft/config/embeddium-mixins.properties'
rm 'servidor_minecraft/config/embeddium-options.json'
rm 'servidor_minecraft/config/epicknights/armor.json5'
rm 'servidor_minecraft/config/epicknights/general.json5'
rm 'servidor_minecraft/config/epicknights/mobs_equipment.json5'
rm 'servidor_minecraft/config/epicknights/shields.json5'
rm 'servidor_minecraft/config/epicknights/weapons.json5'
rm 'servidor_minecraft/config/ferritecore-mixin.toml'
rm 'servidor_minecraft/config/fml.toml'
rm 'servidor_minecraft/config/iceandfire-common.toml'
rm 'servidor_minecraft/config/iceandfire/amphithere_biomes.json'
rm 'servidor_minecraft/config/iceandfire/cockatrice_biomes.json'
rm 'servidor_minecraft/config/iceandfire/cyclops_cave_biomes.json'
rm 'servidor_minecraft/config/iceandfire/deathworm_biomes.json'
rm 'servidor_minecraft/config/iceandfire/desert_myrmex_biomes.json'
rm 'servidor_minecraft/config/iceandfire/fire_dragon_biomes.json'
rm 'servidor_minecraft/config/iceandfire/fire_dragon_cave_biomes.json'
rm 'servidor_minecraft/config/iceandfire/fire_dragon_skeleton_biomes.json'
rm 'servidor_minecraft/config/iceandfire/fire_lily_biomes.json'
rm 'servidor_minecraft/config/iceandfire/forest_troll_biomes.json'
rm 'servidor_minecraft/config/iceandfire/frost_lily_biomes.json'
rm 'servidor_minecraft/config/iceandfire/gorgon_temple_biomes.json'
rm 'servidor_minecraft/config/iceandfire/graveyard_biomes.json'
rm 'servidor_minecraft/config/iceandfire/hippocampus_biomes.json'
rm 'servidor_minecraft/config/iceandfire/hippogryph_biomes.json'
rm 'servidor_minecraft/config/iceandfire/hippogryph_black_biomes.json'
rm 'servidor_minecraft/config/iceandfire/hippogryph_brown_biomes.json'
rm 'servidor_minecraft/config/iceandfire/hippogryph_chestnut_biomes.json'
rm 'servidor_minecraft/config/iceandfire/hippogryph_creamy_biomes.json'
rm 'servidor_minecraft/config/iceandfire/hippogryph_dark_brown_biomes.json'
rm 'servidor_minecraft/config/iceandfire/hippogryph_gray_biomes.json'
rm 'servidor_minecraft/config/iceandfire/hippogryph_white_biomes.json'
rm 'servidor_minecraft/config/iceandfire/hydra_cave_biomes.json'
rm 'servidor_minecraft/config/iceandfire/ice_dragon_biomes.json'
rm 'servidor_minecraft/config/iceandfire/ice_dragon_cave_biomes.json'
rm 'servidor_minecraft/config/iceandfire/ice_dragon_skeleton_biomes.json'
rm 'servidor_minecraft/config/iceandfire/jungle_myrmex_biomes.json'
rm 'servidor_minecraft/config/iceandfire/lightning_dragon_biomes.json'
rm 'servidor_minecraft/config/iceandfire/lightning_dragon_cave_biomes.json'
rm 'servidor_minecraft/config/iceandfire/lightning_dragon_skeleton_biomes.json'
rm 'servidor_minecraft/config/iceandfire/lightning_lily_biomes.json'
rm 'servidor_minecraft/config/iceandfire/mausoleum_biomes.json'
rm 'servidor_minecraft/config/iceandfire/mountain_troll_biomes.json'
rm 'servidor_minecraft/config/iceandfire/ore_gen_biomes.json'
rm 'servidor_minecraft/config/iceandfire/pixie_village_biomes.json'
rm 'servidor_minecraft/config/iceandfire/sapphire_gen_biomes.json'
rm 'servidor_minecraft/config/iceandfire/sea_serpent_biomes.json'
rm 'servidor_minecraft/config/iceandfire/siren_biomes.json'
rm 'servidor_minecraft/config/iceandfire/snowy_troll_biomes.json'
rm 'servidor_minecraft/config/iceandfire/stymphalian_bird_biomes.json'
rm 'servidor_minecraft/config/iceandfire/wandering_cyclops_biomes.json'
rm 'servidor_minecraft/config/immediatelyfast.json'
rm 'servidor_minecraft/config/inventorypets-common.toml'
rm 'servidor_minecraft/config/jade/server-plugin-overrides.json'
rm 'servidor_minecraft/config/jade/sort-order.json'
rm 'servidor_minecraft/config/jeresources-common.toml'
rm 'servidor_minecraft/config/jeresources.toml'
rm 'servidor_minecraft/config/just_leveling-common.toml'
rm 'servidor_minecraft/config/lithium.properties'
rm 'servidor_minecraft/config/majruszlibrary.json'
rm 'servidor_minecraft/config/majruszsdifficulty.json'
rm 'servidor_minecraft/config/majruszsenchantments.json'
rm 'servidor_minecraft/config/mca.json'
rm 'servidor_minecraft/config/mysticsbiomes-common.toml'
rm 'servidor_minecraft/config/playerrevive.json'
rm 'servidor_minecraft/config/sodium-extra.properties'
rm 'servidor_minecraft/config/spawnermod.json'
rm 'servidor_minecraft/config/structure_gel-common.toml'
rm 'servidor_minecraft/config/tact-common.toml'
rm 'servidor_minecraft/config/terrablender.toml'
rm 'servidor_minecraft/config/tetra.toml'
rm 'servidor_minecraft/config/theoneprobe-common.toml'
rm 'servidor_minecraft/config/tombstone-common.toml'
rm 'servidor_minecraft/config/tombstone-server.toml'
rm 'servidor_minecraft/config/trashslot-common.toml'
rm 'servidor_minecraft/config/travelersbackpack-common.toml'
rm 'servidor_minecraft/config/yacl.json5'
rm 'servidor_minecraft/configuracion.json'
rm 'servidor_minecraft/crash-reports/crash-2024-08-01_03.17.33-server.txt'
rm 'servidor_minecraft/crash-reports/crash-2024-08-01_03.24.36-server.txt'
rm 'servidor_minecraft/crash-reports/crash-2024-08-01_03.33.05-server.txt'
rm 'servidor_minecraft/eula.txt'
rm 'servidor_minecraft/forge.jar'
rm 'servidor_minecraft/forge.jar.log'
rm 'servidor_minecraft/journeymap/server/5.10/journeymap.server.aoa3~barathos.config'
rm 'servidor_minecraft/journeymap/server/5.10/journeymap.server.aoa3~deeplands.config'
rm 'servidor_minecraft/journeymap/server/5.10/journeymap.server.aoa3~lborean.config'
rm 'servidor_minecraft/journeymap/server/5.10/journeymap.server.aoa3~lelyetia.config'
rm 'servidor_minecraft/journeymap/server/5.10/journeymap.server.aoa3~nowhere.config'
rm 'servidor_minecraft/journeymap/server/5.10/journeymap.server.aoa3~precasia.config'
rm 'servidor_minecraft/journeymap/server/5.10/journeymap.server.aoa3~precasia_backup.config'
rm 'servidor_minecraft/journeymap/server/5.10/journeymap.server.deeperdarker~otherside.config'
rm 'servidor_minecraft/journeymap/server/5.10/journeymap.server.default.config'
rm 'servidor_minecraft/journeymap/server/5.10/journeymap.server.global.config'
rm 'servidor_minecraft/journeymap/server/5.10/journeymap.server.minecraft~overworld.config'
rm 'servidor_minecraft/journeymap/server/5.10/journeymap.server.minecraft~the_end.config'
rm 'servidor_minecraft/journeymap/server/5.10/journeymap.server.minecraft~the_nether.config'
rm 'servidor_minecraft/journeymap/server/5.10/journeymap.server.world~madnessdimension.config'
rm 'servidor_minecraft/journeymap/server/5.10/journeymap.server.world~worldtest_1.config'
rm 'servidor_minecraft/libraries/com/electronwill/night-config/core/3.6.4/core-3.6.4.jar'
rm 'servidor_minecraft/libraries/com/electronwill/night-config/toml/3.6.4/toml-3.6.4.jar'
rm 'servidor_minecraft/libraries/com/github/jponge/lzma-java/1.3/lzma-java-1.3.jar'
rm 'servidor_minecraft/libraries/com/github/oshi/oshi-core/6.2.2/oshi-core-6.2.2.jar'
rm 'servidor_minecraft/libraries/com/google/code/findbugs/jsr305/3.0.2/jsr305-3.0.2.jar'
rm 'servidor_minecraft/libraries/com/google/code/gson/gson/2.10/gson-2.10.jar'
rm 'servidor_minecraft/libraries/com/google/code/gson/gson/2.8.7/gson-2.8.7.jar'
rm 'servidor_minecraft/libraries/com/google/errorprone/error_prone_annotations/2.1.3/error_prone_annotations-2.1.3.jar'
rm 'servidor_minecraft/libraries/com/google/guava/failureaccess/1.0.1/failureaccess-1.0.1.jar'
rm 'servidor_minecraft/libraries/com/google/guava/guava/20.0/guava-20.0.jar'
rm 'servidor_minecraft/libraries/com/google/guava/guava/25.1-jre/guava-25.1-jre.jar'
rm 'servidor_minecraft/libraries/com/google/guava/guava/31.1-jre/guava-31.1-jre.jar'
rm 'servidor_minecraft/libraries/com/google/j2objc/j2objc-annotations/1.1/j2objc-annotations-1.1.jar'
rm 'servidor_minecraft/libraries/com/mojang/authlib/4.0.43/authlib-4.0.43.jar'
rm 'servidor_minecraft/libraries/com/mojang/brigadier/1.1.8/brigadier-1.1.8.jar'
rm 'servidor_minecraft/libraries/com/mojang/datafixerupper/6.0.8/datafixerupper-6.0.8.jar'
rm 'servidor_minecraft/libraries/com/mojang/logging/1.1.1/logging-1.1.1.jar'
rm 'servidor_minecraft/libraries/com/nothome/javaxdelta/2.0.1/javaxdelta-2.0.1.jar'
rm 'servidor_minecraft/libraries/com/opencsv/opencsv/4.4/opencsv-4.4.jar'
rm 'servidor_minecraft/libraries/commons-beanutils/commons-beanutils/1.9.3/commons-beanutils-1.9.3.jar'
rm 'servidor_minecraft/libraries/commons-collections/commons-collections/3.2.2/commons-collections-3.2.2.jar'
rm 'servidor_minecraft/libraries/commons-io/commons-io/2.11.0/commons-io-2.11.0.jar'
rm 'servidor_minecraft/libraries/commons-io/commons-io/2.4/commons-io-2.4.jar'
rm 'servidor_minecraft/libraries/commons-logging/commons-logging/1.2/commons-logging-1.2.jar'
rm 'servidor_minecraft/libraries/cpw/mods/bootstraplauncher/1.1.2/bootstraplauncher-1.1.2.jar'
rm 'servidor_minecraft/libraries/cpw/mods/modlauncher/10.0.9/modlauncher-10.0.9.jar'
rm 'servidor_minecraft/libraries/cpw/mods/securejarhandler/2.1.10/securejarhandler-2.1.10.jar'
rm 'servidor_minecraft/libraries/de/oceanlabs/mcp/mcp_config/1.20.1-20230612.114412/mcp_config-1.20.1-20230612.114412-mappings-merged.txt'
rm 'servidor_minecraft/libraries/de/oceanlabs/mcp/mcp_config/1.20.1-20230612.114412/mcp_config-1.20.1-20230612.114412-mappings.txt'
rm 'servidor_minecraft/libraries/de/oceanlabs/mcp/mcp_config/1.20.1-20230612.114412/mcp_config-1.20.1-20230612.114412.zip'
rm 'servidor_minecraft/libraries/de/siegmar/fastcsv/2.0.0/fastcsv-2.0.0.jar'
rm 'servidor_minecraft/libraries/io/netty/netty-buffer/4.1.82.Final/netty-buffer-4.1.82.Final.jar'
rm 'servidor_minecraft/libraries/io/netty/netty-codec/4.1.82.Final/netty-codec-4.1.82.Final.jar'
rm 'servidor_minecraft/libraries/io/netty/netty-common/4.1.82.Final/netty-common-4.1.82.Final.jar'
rm 'servidor_minecraft/libraries/io/netty/netty-handler/4.1.82.Final/netty-handler-4.1.82.Final.jar'
rm 'servidor_minecraft/libraries/io/netty/netty-resolver/4.1.82.Final/netty-resolver-4.1.82.Final.jar'
rm 'servidor_minecraft/libraries/io/netty/netty-transport-classes-epoll/4.1.82.Final/netty-transport-classes-epoll-4.1.82.Final.jar'
rm 'servidor_minecraft/libraries/io/netty/netty-transport-native-epoll/4.1.82.Final/netty-transport-native-epoll-4.1.82.Final-linux-aarch_64.jar'
rm 'servidor_minecraft/libraries/io/netty/netty-transport-native-epoll/4.1.82.Final/netty-transport-native-epoll-4.1.82.Final-linux-x86_64.jar'
rm 'servidor_minecraft/libraries/io/netty/netty-transport-native-unix-common/4.1.82.Final/netty-transport-native-unix-common-4.1.82.Final.jar'
rm 'servidor_minecraft/libraries/io/netty/netty-transport/4.1.82.Final/netty-transport-4.1.82.Final.jar'
rm 'servidor_minecraft/libraries/it/unimi/dsi/fastutil/8.5.9/fastutil-8.5.9.jar'
rm 'servidor_minecraft/libraries/net/java/dev/jna/jna-platform/5.12.1/jna-platform-5.12.1.jar'
rm 'servidor_minecraft/libraries/net/java/dev/jna/jna/5.12.1/jna-5.12.1.jar'
rm 'servidor_minecraft/libraries/net/jodah/typetools/0.6.3/typetools-0.6.3.jar'
rm 'servidor_minecraft/libraries/net/md-5/SpecialSource/1.11.0/SpecialSource-1.11.0.jar'
rm 'servidor_minecraft/libraries/net/minecraft/server/1.20.1-20230612.114412/server-1.20.1-20230612.114412-extra.jar'
rm 'servidor_minecraft/libraries/net/minecraft/server/1.20.1-20230612.114412/server-1.20.1-20230612.114412-extra.jar.cache'
rm 'servidor_minecraft/libraries/net/minecraft/server/1.20.1-20230612.114412/server-1.20.1-20230612.114412-mappings.txt'
rm 'servidor_minecraft/libraries/net/minecraft/server/1.20.1-20230612.114412/server-1.20.1-20230612.114412-slim.jar'
rm 'servidor_minecraft/libraries/net/minecraft/server/1.20.1-20230612.114412/server-1.20.1-20230612.114412-slim.jar.cache'
rm 'servidor_minecraft/libraries/net/minecraft/server/1.20.1-20230612.114412/server-1.20.1-20230612.114412-srg.jar'
rm 'servidor_minecraft/libraries/net/minecraft/server/1.20.1-20230612.114412/server-1.20.1-20230612.114412-unpacked.jar'
rm 'servidor_minecraft/libraries/net/minecraft/server/1.20.1/server-1.20.1.jar'
rm 'servidor_minecraft/libraries/net/minecraftforge/ForgeAutoRenamingTool/0.1.22/ForgeAutoRenamingTool-0.1.22-all.jar'
rm 'servidor_minecraft/libraries/net/minecraftforge/JarJarFileSystems/0.3.19/JarJarFileSystems-0.3.19.jar'
rm 'servidor_minecraft/libraries/net/minecraftforge/JarJarMetadata/0.3.19/JarJarMetadata-0.3.19.jar'
rm 'servidor_minecraft/libraries/net/minecraftforge/JarJarSelector/0.3.19/JarJarSelector-0.3.19.jar'
rm 'servidor_minecraft/libraries/net/minecraftforge/accesstransformers/8.0.4/accesstransformers-8.0.4.jar'
rm 'servidor_minecraft/libraries/net/minecraftforge/binarypatcher/1.1.1/binarypatcher-1.1.1.jar'
rm 'servidor_minecraft/libraries/net/minecraftforge/coremods/5.0.1/coremods-5.0.1.jar'
rm 'servidor_minecraft/libraries/net/minecraftforge/eventbus/6.0.5/eventbus-6.0.5.jar'
rm 'servidor_minecraft/libraries/net/minecraftforge/fmlcore/1.20.1-47.2.0/fmlcore-1.20.1-47.2.0.jar'
rm 'servidor_minecraft/libraries/net/minecraftforge/fmlearlydisplay/1.20.1-47.2.0/fmlearlydisplay-1.20.1-47.2.0.jar'
rm 'servidor_minecraft/libraries/net/minecraftforge/fmlloader/1.20.1-47.2.0/fmlloader-1.20.1-47.2.0.jar'
rm 'servidor_minecraft/libraries/net/minecraftforge/forge/1.20.1-47.2.0/forge-1.20.1-47.2.0-server.jar'
rm 'servidor_minecraft/libraries/net/minecraftforge/forge/1.20.1-47.2.0/forge-1.20.1-47.2.0-universal.jar'
rm 'servidor_minecraft/libraries/net/minecraftforge/forge/1.20.1-47.2.0/unix_args.txt'
rm 'servidor_minecraft/libraries/net/minecraftforge/forge/1.20.1-47.2.0/win_args.txt'
rm 'servidor_minecraft/libraries/net/minecraftforge/forgespi/7.0.1/forgespi-7.0.1.jar'
rm 'servidor_minecraft/libraries/net/minecraftforge/installertools/1.3.0/installertools-1.3.0.jar'
rm 'servidor_minecraft/libraries/net/minecraftforge/jarsplitter/1.1.4/jarsplitter-1.1.4.jar'
rm 'servidor_minecraft/libraries/net/minecraftforge/javafmllanguage/1.20.1-47.2.0/javafmllanguage-1.20.1-47.2.0.jar'
rm 'servidor_minecraft/libraries/net/minecraftforge/lowcodelanguage/1.20.1-47.2.0/lowcodelanguage-1.20.1-47.2.0.jar'
rm 'servidor_minecraft/libraries/net/minecraftforge/mclanguage/1.20.1-47.2.0/mclanguage-1.20.1-47.2.0.jar'
rm 'servidor_minecraft/libraries/net/minecraftforge/mergetool/1.1.5/mergetool-1.1.5-api.jar'
rm 'servidor_minecraft/libraries/net/minecraftforge/srgutils/0.4.11/srgutils-0.4.11.jar'
rm 'servidor_minecraft/libraries/net/minecraftforge/srgutils/0.4.3/srgutils-0.4.3.jar'
rm 'servidor_minecraft/libraries/net/minecraftforge/srgutils/0.4.9/srgutils-0.4.9.jar'
rm 'servidor_minecraft/libraries/net/minecraftforge/unsafe/0.2.0/unsafe-0.2.0.jar'
rm 'servidor_minecraft/libraries/net/minecrell/terminalconsoleappender/1.2.0/terminalconsoleappender-1.2.0.jar'
rm 'servidor_minecraft/libraries/net/sf/jopt-simple/jopt-simple/5.0.4/jopt-simple-5.0.4.jar'
rm 'servidor_minecraft/libraries/net/sf/jopt-simple/jopt-simple/6.0-alpha-3/jopt-simple-6.0-alpha-3.jar'
rm 'servidor_minecraft/libraries/org/antlr/antlr4-runtime/4.9.1/antlr4-runtime-4.9.1.jar'
rm 'servidor_minecraft/libraries/org/apache/commons/commons-collections4/4.2/commons-collections4-4.2.jar'
rm 'servidor_minecraft/libraries/org/apache/commons/commons-lang3/3.12.0/commons-lang3-3.12.0.jar'
rm 'servidor_minecraft/libraries/org/apache/commons/commons-lang3/3.8.1/commons-lang3-3.8.1.jar'
rm 'servidor_minecraft/libraries/org/apache/commons/commons-text/1.3/commons-text-1.3.jar'
rm 'servidor_minecraft/libraries/org/apache/logging/log4j/log4j-api/2.19.0/log4j-api-2.19.0.jar'
rm 'servidor_minecraft/libraries/org/apache/logging/log4j/log4j-core/2.19.0/log4j-core-2.19.0.jar'
rm 'servidor_minecraft/libraries/org/apache/logging/log4j/log4j-slf4j2-impl/2.19.0/log4j-slf4j2-impl-2.19.0.jar'
rm 'servidor_minecraft/libraries/org/apache/maven/maven-artifact/3.8.5/maven-artifact-3.8.5.jar'
rm 'servidor_minecraft/libraries/org/checkerframework/checker-qual/2.0.0/checker-qual-2.0.0.jar'
rm 'servidor_minecraft/libraries/org/codehaus/mojo/animal-sniffer-annotations/1.14/animal-sniffer-annotations-1.14.jar'
rm 'servidor_minecraft/libraries/org/jline/jline-reader/3.12.1/jline-reader-3.12.1.jar'
rm 'servidor_minecraft/libraries/org/jline/jline-terminal/3.12.1/jline-terminal-3.12.1.jar'
rm 'servidor_minecraft/libraries/org/joml/joml/1.10.5/joml-1.10.5.jar'
rm 'servidor_minecraft/libraries/org/openjdk/nashorn/nashorn-core/15.3/nashorn-core-15.3.jar'
rm 'servidor_minecraft/libraries/org/ow2/asm/asm-analysis/9.2/asm-analysis-9.2.jar'
rm 'servidor_minecraft/libraries/org/ow2/asm/asm-analysis/9.3/asm-analysis-9.3.jar'
rm 'servidor_minecraft/libraries/org/ow2/asm/asm-analysis/9.5/asm-analysis-9.5.jar'
rm 'servidor_minecraft/libraries/org/ow2/asm/asm-commons/9.2/asm-commons-9.2.jar'
rm 'servidor_minecraft/libraries/org/ow2/asm/asm-commons/9.3/asm-commons-9.3.jar'
rm 'servidor_minecraft/libraries/org/ow2/asm/asm-commons/9.5/asm-commons-9.5.jar'
rm 'servidor_minecraft/libraries/org/ow2/asm/asm-tree/9.2/asm-tree-9.2.jar'
rm 'servidor_minecraft/libraries/org/ow2/asm/asm-tree/9.3/asm-tree-9.3.jar'
rm 'servidor_minecraft/libraries/org/ow2/asm/asm-tree/9.5/asm-tree-9.5.jar'
rm 'servidor_minecraft/libraries/org/ow2/asm/asm-util/9.5/asm-util-9.5.jar'
rm 'servidor_minecraft/libraries/org/ow2/asm/asm/9.2/asm-9.2.jar'
rm 'servidor_minecraft/libraries/org/ow2/asm/asm/9.3/asm-9.3.jar'
rm 'servidor_minecraft/libraries/org/ow2/asm/asm/9.5/asm-9.5.jar'
rm 'servidor_minecraft/libraries/org/slf4j/slf4j-api/2.0.1/slf4j-api-2.0.1.jar'
rm 'servidor_minecraft/libraries/org/spongepowered/mixin/0.8.5/mixin-0.8.5.jar'
rm 'servidor_minecraft/libraries/trove/trove/1.0.2/trove-1.0.2.jar'
rm 'servidor_minecraft/logs/2024-07-22-10.log.gz'
rm 'servidor_minecraft/logs/2024-07-22-11.log.gz'
rm 'servidor_minecraft/logs/2024-07-22-12.log.gz'
rm 'servidor_minecraft/logs/2024-07-22-2.log.gz'
rm 'servidor_minecraft/logs/2024-07-22-3.log.gz'
rm 'servidor_minecraft/logs/2024-07-22-4.log.gz'
rm 'servidor_minecraft/logs/2024-07-22-5.log.gz'
rm 'servidor_minecraft/logs/2024-07-22-6.log.gz'
rm 'servidor_minecraft/logs/2024-07-22-7.log.gz'
rm 'servidor_minecraft/logs/2024-07-22-8.log.gz'
rm 'servidor_minecraft/logs/2024-07-22-9.log.gz'
rm 'servidor_minecraft/logs/2024-07-24-2.log.gz'
rm 'servidor_minecraft/logs/2024-07-24-3.log.gz'
rm 'servidor_minecraft/logs/2024-07-25-2.log.gz'
rm 'servidor_minecraft/logs/2024-07-25-3.log.gz'
rm 'servidor_minecraft/logs/2024-08-01-2.log.gz'
rm 'servidor_minecraft/logs/2024-08-01-3.log.gz'
rm 'servidor_minecraft/logs/2024-08-01-4.log.gz'
rm 'servidor_minecraft/logs/2024-08-01-5.log.gz'
rm 'servidor_minecraft/logs/2024-09-28-2.log.gz'
rm 'servidor_minecraft/logs/2024-10-21-1.log.gz'
rm 'servidor_minecraft/logs/2024-10-21-2.log.gz'
rm 'servidor_minecraft/logs/2024-10-21-3.log.gz'
rm 'servidor_minecraft/logs/2024-10-21-4.log.gz'
rm 'servidor_minecraft/logs/2024-10-21-5.log.gz'
rm 'servidor_minecraft/logs/2024-10-21-6.log.gz'
rm 'servidor_minecraft/logs/2024-10-21-7.log.gz'
rm 'servidor_minecraft/logs/2024-10-21-8.log.gz'
rm 'servidor_minecraft/logs/2024-10-22-1.log.gz'
rm 'servidor_minecraft/logs/2024-10-22-2.log.gz'
rm 'servidor_minecraft/logs/debug-1.log.gz'
rm 'servidor_minecraft/logs/debug-2.log.gz'
rm 'servidor_minecraft/logs/debug-3.log.gz'
rm 'servidor_minecraft/logs/debug-4.log.gz'
rm 'servidor_minecraft/logs/debug-5.log.gz'
rm 'servidor_minecraft/logs/debug.log'
rm 'servidor_minecraft/logs/latest.log'
rm 'servidor_minecraft/modgest_config.json'
rm 'servidor_minecraft/modgest_debian_x64'
rm 'servidor_minecraft/mods/Apotheosis-1.20.1-7.4.0.jar'
rm 'servidor_minecraft/mods/ApothicAttributes-1.20.1-1.3.5.jar'
rm 'servidor_minecraft/mods/Bookshelf-Forge-1.20.1-20.2.13.jar'
rm 'servidor_minecraft/mods/ConfigurableCane-1.20-2.5.2.jar'
rm 'servidor_minecraft/mods/CreativeCore_FORGE_v2.11.31_mc1.20.1.jar'
rm 'servidor_minecraft/mods/DungeonsArise-1.20.x-2.1.58-release.jar'
rm 'servidor_minecraft/mods/EnchantmentDescriptions-Forge-1.20.1-17.0.16.jar'
rm 'servidor_minecraft/mods/ImmediatelyFast-Forge-1.2.8+1.20.4.jar'
rm 'servidor_minecraft/mods/Incendium_1.20.x_v5.3.5.jar'
rm 'servidor_minecraft/mods/Jade-1.20.1-forge-11.9.4.jar'
rm 'servidor_minecraft/mods/JustEnoughResources-1.20.1-1.4.0.247.jar'
rm 'servidor_minecraft/mods/KOTM-CaliganBetaUpdate.jar'
rm 'servidor_minecraft/mods/L_Enders_Cataclysm-1.99.6-1.20.1.jar'
rm 'servidor_minecraft/mods/MaxHealthFix-Forge-1.20.1-12.0.3.jar'
rm 'servidor_minecraft/mods/Patchouli-1.20.1-84-FORGE.jar'
rm 'servidor_minecraft/mods/Placebo-1.20.1-8.6.2.jar'
rm 'servidor_minecraft/mods/PlayerRevive_FORGE_v2.0.25_mc1.20.1.jar'
rm 'servidor_minecraft/mods/Structory_1.20.x_v1.3.5.jar'
rm 'servidor_minecraft/mods/TaxCastlePillager+M.1.20.1+ForM.1.0.1.jar'
rm 'servidor_minecraft/mods/TerraBlender-forge-1.20.1-3.0.1.7.jar'
rm 'servidor_minecraft/mods/YetAnotherConfigLib-3.5.0+1.20.1-forge.jar'
rm 'servidor_minecraft/mods/alexscaves-2.0.0.jar'
rm 'servidor_minecraft/mods/alexsmobs-1.22.8.jar'
rm 'servidor_minecraft/mods/aquamirae-6.API15.jar'
rm 'servidor_minecraft/mods/architectury-9.2.14-forge.jar'
rm 'servidor_minecraft/mods/balm-forge-1.20.1-7.3.6-all.jar'
rm 'servidor_minecraft/mods/born_in_chaos_[Forge]1.20.1_1.3.1.jar'
rm 'servidor_minecraft/mods/carryon-forge-1.20.1-2.1.2.7.jar'
rm 'servidor_minecraft/mods/citadel-2.6.0-1.20.1.jar'
rm 'servidor_minecraft/mods/cloth-config-11.1.118-forge.jar'
rm 'servidor_minecraft/mods/combatroll-forge-1.3.2+1.20.1.jar'
rm 'servidor_minecraft/mods/curios-forge-5.9.1+1.20.1.jar'
rm 'servidor_minecraft/mods/deeperdarker-forge-1.20.1-1.2.1.jar'
rm 'servidor_minecraft/mods/elenaidodge2-1.1.jar'
rm 'servidor_minecraft/mods/embeddium-0.3.24+mc1.20.1.jar'
rm 'servidor_minecraft/mods/feathers-1.1.jar'
rm 'servidor_minecraft/mods/ferritecore-6.0.1-forge.jar'
rm 'servidor_minecraft/mods/geckolib-forge-1.20.1-4.4.7.jar'
rm 'servidor_minecraft/mods/iceandfire-2.1.13-1.20.1-beta-5.jar'
rm 'servidor_minecraft/mods/inventorypets-1.20.1-2.1.2.jar'
rm 'servidor_minecraft/mods/jei-1.20.1-forge-15.3.0.8.jar'
rm 'servidor_minecraft/mods/journeymap-1.20.1-5.10.0-forge.jar'
rm 'servidor_minecraft/mods/justleveling-forge-1.20.x-v1.7.jar'
rm 'servidor_minecraft/mods/lionfishapi-1.9.jar'
rm 'servidor_minecraft/mods/loot_journal-3.1.1.jar'
rm 'servidor_minecraft/mods/majrusz-library-forge-1.20.1-7.0.8.jar'
rm 'servidor_minecraft/mods/majruszs-difficulty-forge-1.20.1-1.9.10.jar'
rm 'servidor_minecraft/mods/majruszs-enchantments-forge-1.20.1-1.10.8.jar'
rm 'servidor_minecraft/mods/mokels_witch_boss-1.0-forge-1.20.1.jar'
rm 'servidor_minecraft/mods/mutil-1.20.1-6.1.1.jar'
rm 'servidor_minecraft/mods/obscure_api-15.jar'
rm 'servidor_minecraft/mods/player-animation-lib-forge-1.0.2-rc1+1.20.jar'
rm 'servidor_minecraft/mods/plushie_buddies-0.1.1-1.20.1.jar'
rm 'servidor_minecraft/mods/polytone-1.20-2.3.3.jar'
rm 'servidor_minecraft/mods/radium-mc1.20.1-0.12.2+git.5f80f74.jar'
rm 'servidor_minecraft/mods/realmrpg_fallen_adventurers_1.0.3_forge_1.20.1.jar'
rm 'servidor_minecraft/mods/realmrpg_imps_and_demons_0.9.0_forge_1.20.1.jar'
rm 'servidor_minecraft/mods/rrls-4.0.6.1+mc1.20.1-forge.jar'
rm 'servidor_minecraft/mods/rubidium-extra-0.5.4.3+mc1.20.1-build.121.jar'
rm 'servidor_minecraft/mods/spawnermod-1.20.1-1.9.3+Forge.jar'
rm 'servidor_minecraft/mods/structure_gel-1.20.1-2.16.2.jar'
rm 'servidor_minecraft/mods/tact-1.2.0+1.20.1.jar'
rm 'servidor_minecraft/mods/tctcore-1.4-forge-1.20.1.jar'
rm 'servidor_minecraft/mods/tetra-1.20.1-6.4.0.jar'
rm 'servidor_minecraft/mods/the-conjurer-1.20.1-1.1.6.jar'
rm 'servidor_minecraft/mods/theoneprobe-1.20.1-10.0.2.jar'
rm 'servidor_minecraft/mods/tombstone-1.20.1-8.6.7.jar'
rm 'servidor_minecraft/mods/trashslot-forge-1.20-15.1.0.jar'
rm 'servidor_minecraft/mods/travelersbackpack-forge-1.20.1-9.1.14.jar'
rm 'servidor_minecraft/mods/warriors_of_past_epoch_[Forge]_1.20.1_1.3.jar'
rm 'servidor_minecraft/ops.json'
rm 'servidor_minecraft/playit.status'
rm 'servidor_minecraft/playit.tunnels'
rm 'servidor_minecraft/run.bat'
rm 'servidor_minecraft/run.sh'
rm 'servidor_minecraft/server.properties'
rm 'servidor_minecraft/user_jvm_args.txt'
rm 'servidor_minecraft/usercache.json'
rm 'servidor_minecraft/usernamecache.json'
rm 'servidor_minecraft/whitelist.json'
rm 'servidor_minecraft/world/DIM-1/data/capabilities.dat'
rm 'servidor_minecraft/world/DIM-1/data/clearlagc_worldvars.dat'
rm 'servidor_minecraft/world/DIM-1/data/raids.dat'
rm 'servidor_minecraft/world/DIM1/data/capabilities.dat'
rm 'servidor_minecraft/world/DIM1/data/clearlagc_worldvars.dat'
rm 'servidor_minecraft/world/DIM1/data/raids_end.dat'
rm 'servidor_minecraft/world/advancements/43d79b3e-4afa-37fb-a395-aac4dcd856c6.json'
rm 'servidor_minecraft/world/advancements/9221eae4-d002-3ea6-a2ca-c4c421bfbe27.json'
rm 'servidor_minecraft/world/advancements/ed821a9b-cfc7-343b-9491-331781f0bba2.json'
rm 'servidor_minecraft/world/data/JMPlayerSettings.dat'
rm 'servidor_minecraft/world/data/WorldUUID.dat'
rm 'servidor_minecraft/world/data/alexsmobs_world_data.dat'
rm 'servidor_minecraft/world/data/capabilities.dat'
rm 'servidor_minecraft/world/data/cataclysm_world_data.dat'
rm 'servidor_minecraft/world/data/chunks.dat'
rm 'servidor_minecraft/world/data/citadel_world_data.dat'
rm 'servidor_minecraft/world/data/clearlagc_worldvars.dat'
rm 'servidor_minecraft/world/data/iceandfire_general.dat'
rm 'servidor_minecraft/world/data/idcounts.dat'
rm 'servidor_minecraft/world/data/majruszsdifficulty.dat'
rm 'servidor_minecraft/world/data/map_0.dat'
rm 'servidor_minecraft/world/data/raids.dat'
rm 'servidor_minecraft/world/data/random_sequences.dat'
rm 'servidor_minecraft/world/data/scoreboard.dat'
rm 'servidor_minecraft/world/dimensions/deeperdarker/otherside/data/capabilities.dat'
rm 'servidor_minecraft/world/dimensions/deeperdarker/otherside/data/clearlagc_worldvars.dat'
rm 'servidor_minecraft/world/dimensions/deeperdarker/otherside/data/raids.dat'
rm 'servidor_minecraft/world/entities/r.-1.-1.mca'
rm 'servidor_minecraft/world/entities/r.-1.-2.mca'
rm 'servidor_minecraft/world/entities/r.-1.-3.mca'
rm 'servidor_minecraft/world/entities/r.-1.0.mca'
rm 'servidor_minecraft/world/entities/r.-1.1.mca'
rm 'servidor_minecraft/world/entities/r.-2.-1.mca'
rm 'servidor_minecraft/world/entities/r.-2.0.mca'
rm 'servidor_minecraft/world/entities/r.-2.1.mca'
rm 'servidor_minecraft/world/entities/r.0.-1.mca'
rm 'servidor_minecraft/world/entities/r.0.-2.mca'
rm 'servidor_minecraft/world/entities/r.0.-3.mca'
rm 'servidor_minecraft/world/entities/r.0.0.mca'
rm 'servidor_minecraft/world/entities/r.1.-1.mca'
rm 'servidor_minecraft/world/entities/r.1.-2.mca'
rm 'servidor_minecraft/world/entities/r.1.-3.mca'
rm 'servidor_minecraft/world/entities/r.1.-4.mca'
rm 'servidor_minecraft/world/entities/r.2.-2.mca'
rm 'servidor_minecraft/world/entities/r.2.-3.mca'
rm 'servidor_minecraft/world/entities/r.2.-4.mca'
rm 'servidor_minecraft/world/entities/r.3.-3.mca'
rm 'servidor_minecraft/world/entities/r.3.-4.mca'
rm 'servidor_minecraft/world/level.dat'
rm 'servidor_minecraft/world/level.dat_old'
rm 'servidor_minecraft/world/playerdata/43d79b3e-4afa-37fb-a395-aac4dcd856c6.dat'
rm 'servidor_minecraft/world/playerdata/43d79b3e-4afa-37fb-a395-aac4dcd856c6.dat_old'
rm 'servidor_minecraft/world/playerdata/9221eae4-d002-3ea6-a2ca-c4c421bfbe27.dat'
rm 'servidor_minecraft/world/playerdata/9221eae4-d002-3ea6-a2ca-c4c421bfbe27.dat_old'
rm 'servidor_minecraft/world/playerdata/ed821a9b-cfc7-343b-9491-331781f0bba2.dat'
rm 'servidor_minecraft/world/playerdata/ed821a9b-cfc7-343b-9491-331781f0bba2.dat_old'
rm 'servidor_minecraft/world/poi/r.-1.-1.mca'
rm 'servidor_minecraft/world/poi/r.-1.-2.mca'
rm 'servidor_minecraft/world/poi/r.-1.-3.mca'
rm 'servidor_minecraft/world/poi/r.-1.-4.mca'
rm 'servidor_minecraft/world/poi/r.-1.0.mca'
rm 'servidor_minecraft/world/poi/r.-1.1.mca'
rm 'servidor_minecraft/world/poi/r.-2.-1.mca'
rm 'servidor_minecraft/world/poi/r.-2.0.mca'
rm 'servidor_minecraft/world/poi/r.-2.1.mca'
rm 'servidor_minecraft/world/poi/r.0.-1.mca'
rm 'servidor_minecraft/world/poi/r.0.-2.mca'
rm 'servidor_minecraft/world/poi/r.0.-3.mca'
rm 'servidor_minecraft/world/poi/r.0.-4.mca'
rm 'servidor_minecraft/world/poi/r.0.0.mca'
rm 'servidor_minecraft/world/poi/r.1.-1.mca'
rm 'servidor_minecraft/world/poi/r.1.-2.mca'
rm 'servidor_minecraft/world/poi/r.1.-3.mca'
rm 'servidor_minecraft/world/poi/r.1.-4.mca'
rm 'servidor_minecraft/world/poi/r.1.0.mca'
rm 'servidor_minecraft/world/poi/r.2.-2.mca'
rm 'servidor_minecraft/world/poi/r.2.-3.mca'
rm 'servidor_minecraft/world/poi/r.2.-4.mca'
rm 'servidor_minecraft/world/poi/r.3.-2.mca'
rm 'servidor_minecraft/world/poi/r.3.-3.mca'
rm 'servidor_minecraft/world/poi/r.3.-4.mca'
rm 'servidor_minecraft/world/region/r.-1.-1.mca'
rm 'servidor_minecraft/world/region/r.-1.-2.mca'
rm 'servidor_minecraft/world/region/r.-1.-3.mca'
rm 'servidor_minecraft/world/region/r.-1.-4.mca'
rm 'servidor_minecraft/world/region/r.-1.0.mca'
rm 'servidor_minecraft/world/region/r.-1.1.mca'
rm 'servidor_minecraft/world/region/r.-2.-1.mca'
rm 'servidor_minecraft/world/region/r.-2.-2.mca'
rm 'servidor_minecraft/world/region/r.-2.0.mca'
rm 'servidor_minecraft/world/region/r.-2.1.mca'
rm 'servidor_minecraft/world/region/r.0.-1.mca'
rm 'servidor_minecraft/world/region/r.0.-2.mca'
rm 'servidor_minecraft/world/region/r.0.-4.mca'
rm 'servidor_minecraft/world/region/r.0.0.mca'
rm 'servidor_minecraft/world/region/r.1.-1.mca'
rm 'servidor_minecraft/world/region/r.1.-2.mca'
rm 'servidor_minecraft/world/region/r.1.-3.mca'
rm 'servidor_minecraft/world/region/r.1.-4.mca'
rm 'servidor_minecraft/world/region/r.1.0.mca'
rm 'servidor_minecraft/world/region/r.2.-2.mca'
rm 'servidor_minecraft/world/region/r.2.-3.mca'
rm 'servidor_minecraft/world/region/r.2.-4.mca'
rm 'servidor_minecraft/world/region/r.3.-2.mca'
rm 'servidor_minecraft/world/region/r.3.-3.mca'
rm 'servidor_minecraft/world/region/r.3.-4.mca'
rm 'servidor_minecraft/world/serverconfig/configurablecane-server.toml'
rm 'servidor_minecraft/world/serverconfig/curios-server.toml'
rm 'servidor_minecraft/world/serverconfig/forge-server.toml'
rm 'servidor_minecraft/world/serverconfig/jei-server.toml'
rm 'servidor_minecraft/world/serverconfig/journeymap-server.toml'
rm 'servidor_minecraft/world/session.lock'
rm 'servidor_minecraft/world/stats/43d79b3e-4afa-37fb-a395-aac4dcd856c6.json'
rm 'servidor_minecraft/world/stats/9221eae4-d002-3ea6-a2ca-c4c421bfbe27.json'
rm 'servidor_minecraft/world/stats/ed821a9b-cfc7-343b-9491-331781f0bba2.json'
rm 'servidor_minecraft/world/tombstone/loottables/tombstone-pool-archaeology.json'
rm 'servidor_minecraft/world/tombstone/loottables/tombstone-pool-cat_morning.json'
rm 'servidor_minecraft/world/tombstone/loottables/tombstone-pool-chest_treasure.bak'
rm 'servidor_minecraft/world/tombstone/loottables/tombstone-pool-chest_treasure.json'
rm 'servidor_minecraft/world/tombstone/loottables/tombstone-pool-lost_treasure.json'
rm 'servidor_minecraft/world/tombstone/loottables/tombstone-pool-seeker_rod.json'
rm 'servidor_minecraft/world/tombstone/loottables/tombstone-pool-sniffer_digging.json'
rm 'servidor_minecraft/world/tombstone/loottables/tombstone-pool-undead_boss.json'
rm 'servidor_minecraft/world/tombstone/loottables/tombstone-pool-undead_mob.json'
rm 'servidor_minecraft/world/tombstone/saved_players/43d79b3e-4afa-37fb-a395-aac4dcd856c6/20241021-140013.save'
rm 'servidor_minecraft/world/tombstone/saved_players/43d79b3e-4afa-37fb-a395-aac4dcd856c6/20241021-232918.save'
rm 'servidor_minecraft/world/tombstone/saved_players/43d79b3e-4afa-37fb-a395-aac4dcd856c6/20241021-234441.save'
rm 'servidor_minecraft/world/tombstone/saved_players/43d79b3e-4afa-37fb-a395-aac4dcd856c6/20241022-000441.save'
rm 'servidor_minecraft/world/tombstone/saved_players/43d79b3e-4afa-37fb-a395-aac4dcd856c6/20241022-002441.save'
rm 'servidor_minecraft/world/tombstone/saved_players/9221eae4-d002-3ea6-a2ca-c4c421bfbe27/20241021-232918.save'
rm 'servidor_minecraft/world/tombstone/saved_players/9221eae4-d002-3ea6-a2ca-c4c421bfbe27/20241021-233108.save'
rm 'servidor_minecraft/world/tombstone/saved_players/9221eae4-d002-3ea6-a2ca-c4c421bfbe27/20241021-233117.save'
rm 'servidor_minecraft/world/tombstone/saved_players/9221eae4-d002-3ea6-a2ca-c4c421bfbe27/20241021-233305.save'
rm 'servidor_minecraft/world/tombstone/saved_players/9221eae4-d002-3ea6-a2ca-c4c421bfbe27/20241021-233725.save'
rm 'servidor_minecraft/world/tombstone/saved_players/9221eae4-d002-3ea6-a2ca-c4c421bfbe27/20241021-233935.save'
rm 'servidor_minecraft/world/tombstone/saved_players/9221eae4-d002-3ea6-a2ca-c4c421bfbe27/20241021-234022.save'
rm 'servidor_minecraft/world/tombstone/saved_players/9221eae4-d002-3ea6-a2ca-c4c421bfbe27/20241021-234441.save'
rm 'servidor_minecraft/world/tombstone/saved_players/9221eae4-d002-3ea6-a2ca-c4c421bfbe27/20241021-234456.save'
rm 'servidor_minecraft/world/tombstone/saved_players/9221eae4-d002-3ea6-a2ca-c4c421bfbe27/20241022-000441.save'
rm 'servidor_minecraft/world/tombstone/saved_players/9221eae4-d002-3ea6-a2ca-c4c421bfbe27/20241022-001502.save'
rm 'servidor_minecraft/world/tombstone/saved_players/9221eae4-d002-3ea6-a2ca-c4c421bfbe27/20241022-002441.save'
rm 'servidor_minecraft/world/tombstone/saved_players/9221eae4-d002-3ea6-a2ca-c4c421bfbe27/20241022-003438.save'
rm 'servidor_minecraft/world/tombstone/saved_players/ed821a9b-cfc7-343b-9491-331781f0bba2/20241021-232918.save'
rm 'servidor_minecraft/world/tombstone/version.info'
fatal: a branch named 'Minecraft_branch' already exists
fatal: confused by unstable object source data for bbedfa5d97c28497a8b44f8e11de5102c28691ee
stat: cannot stat 'servidor_minecraft/mods/ClearLag': No such file or directory
fatal: pathspec 'servidor_minecraft/mods/ClearLag' did not match any files
stat: cannot stat '1.20.1.jar': No such file or directory
fatal: pathspec '1.20.1.jar' did not match any files
stat: cannot stat 'servidor_minecraft/mods/Explorify': No such file or directory
fatal: pathspec 'servidor_minecraft/mods/Explorify' did not match any files
stat: cannot stat 'v1.6.1': No such file or directory
fatal: pathspec 'v1.6.1' did not match any files
stat: cannot stat 'f10-48.jar': No such file or directory
fatal: pathspec 'f10-48.jar' did not match any files
stat: cannot stat 'servidor_minecraft/mods/ironchest-1.20.1-14.4.4': No such file or directory
fatal: pathspec 'servidor_minecraft/mods/ironchest-1.20.1-14.4.4' did not match any files
stat: cannot stat '(1).jar': No such file or directory
fatal: pathspec '(1).jar' did not match any files
stat: cannot stat 'servidor_minecraft/mods/Cardinal': No such file or directory
fatal: pathspec 'servidor_minecraft/mods/Cardinal' did not match any files
stat: cannot stat 'Sins': No such file or directory
fatal: pathspec 'Sins' did not match any files
stat: cannot stat '1.0.3.jar': No such file or directory
fatal: pathspec '1.0.3.jar' did not match any files
Obteniendo cambios del remoto...
Fusionando cambios del remoto en la rama actual...
Already up to date.
Realizando push forzado en la rama Minecraft_branch con archivos menores de 100 MB
remote: warning: See https://gh.io/lfs for more information.        
remote: warning: File servidor_minecraft/mods/alexscaves-2.0.0.jar is 71.31 MB; this is larger than GitHub's recommended maximum file size of 50.00 MB        
remote: warning: GH001: Large files detected. You may want to try Git Large File Storage - https://git-lfs.github.com.        
To https://github.com/jaime412/Minecraft_branch.git
 + 4c9f123...2a6196c Minecraft_branch -> Minecraft_branch (forced update)
Push forzado realizado con éxito en la rama Minecraft_branch.
[Minecraft_branch 751570b] Añadido excluded_files.txt con los archivos grandes excluidos
 1 file changed, 0 insertions(+), 0 deletions(-)
 create mode 100644 excluded_files.txt
To https://github.com/jaime412/Minecraft_branch.git
   2a6196c..751570b  Minecraft_branch -> Minecraft_branch
Esperando 10 minutos antes de la próxima ejecución...
Esperando 10 minutos antes de la primera ejecución...
Iniciando proceso de sincronización...
Nombre de la rama actual: Minecraft_branch
Obteniendo la URL del repositorio remoto
origin	https://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@github.com/jaime412/Minecraft_branch.git (fetch)
origin	https://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@github.com/jaime412/Minecraft_branch.git (push)
rm '.gitignore'
rm 'addons/Branchutil.addon'
rm 'addons/Utilidades.py'
rm 'addons/url-del-branch.json'
rm 'configuracion.json'
rm 'excluded_files.txt'
rm 'output.log'
rm 'playit.status'
rm 'playit.tunnels'
rm 'respaldos/world_respaldo.zip'
rm 'server (1).py'
rm 'servidor_minecraft/banned-ips.json'
rm 'servidor_minecraft/banned-players.json'
rm 'servidor_minecraft/config/Elenai-Dodge-2-Common.toml'
rm 'servidor_minecraft/config/Feathers-Common.toml'
rm 'servidor_minecraft/config/Obscuria/aquamirae-common.toml'
rm 'servidor_minecraft/config/Plushie_Buddies-Common.toml'
rm 'servidor_minecraft/config/ShieldExpansion-common.toml'
rm 'servidor_minecraft/config/alexscaves-general.toml'
rm 'servidor_minecraft/config/alexscaves_biome_generation/abyssal_chasm.json'
rm 'servidor_minecraft/config/alexscaves_biome_generation/candy_cavity.json'
rm 'servidor_minecraft/config/alexscaves_biome_generation/forlorn_hollows.json'
rm 'servidor_minecraft/config/alexscaves_biome_generation/magnetic_caves.json'
rm 'servidor_minecraft/config/alexscaves_biome_generation/primordial_caves.json'
rm 'servidor_minecraft/config/alexscaves_biome_generation/toxic_caves.json'
rm 'servidor_minecraft/config/alexsmobs.toml'
rm 'servidor_minecraft/config/alexsmobs/alligator_snapping_turtle_spawns.json'
rm 'servidor_minecraft/config/alexsmobs/anaconda_spawns.json'
rm 'servidor_minecraft/config/alexsmobs/anteater_spawns.json'
rm 'servidor_minecraft/config/alexsmobs/bald_eagle_spawns.json'
rm 'servidor_minecraft/config/alexsmobs/banana_slug_spawns.json'
rm 'servidor_minecraft/config/alexsmobs/bison_spawns.json'
rm 'servidor_minecraft/config/alexsmobs/blobfish_spawns.json'
rm 'servidor_minecraft/config/alexsmobs/blue_jay_spawns.json'
rm 'servidor_minecraft/config/alexsmobs/bone_serpent_spawns.json'
rm 'servidor_minecraft/config/alexsmobs/bunfungus_spawns.json'
rm 'servidor_minecraft/config/alexsmobs/cachalot_whale_beached_spawns.json'
rm 'servidor_minecraft/config/alexsmobs/cachalot_whale_spawns.json'
rm 'servidor_minecraft/config/alexsmobs/caiman_spawns.json'
rm 'servidor_minecraft/config/alexsmobs/capuchin_monkey_spawns.json'
rm 'servidor_minecraft/config/alexsmobs/catfish_spawns.json'
rm 'servidor_minecraft/config/alexsmobs/cave_centipede_spawns.json'
rm 'servidor_minecraft/config/alexsmobs/cockroach_spawns.json'
rm 'servidor_minecraft/config/alexsmobs/comb_jelly_spawns.json'
rm 'servidor_minecraft/config/alexsmobs/cosmaw_spawns.json'
rm 'servidor_minecraft/config/alexsmobs/cosmic_cod_spawns.json'
rm 'servidor_minecraft/config/alexsmobs/crimson_mosquito_spawns.json'
rm 'servidor_minecraft/config/alexsmobs/crocodile_spawns.json'
rm 'servidor_minecraft/config/alexsmobs/crow_spawns.json'
rm 'servidor_minecraft/config/alexsmobs/devils_hole_pupfish_spawns.json'
rm 'servidor_minecraft/config/alexsmobs/dropbear_spawns.json'
rm 'servidor_minecraft/config/alexsmobs/elephant_spawns.json'
rm 'servidor_minecraft/config/alexsmobs/emu_spawns.json'
rm 'servidor_minecraft/config/alexsmobs/endergrade_spawns.json'
rm 'servidor_minecraft/config/alexsmobs/enderiophage_spawns.json'
rm 'servidor_minecraft/config/alexsmobs/farseer.json'
rm 'servidor_minecraft/config/alexsmobs/flutter_spawns.json'
rm 'servidor_minecraft/config/alexsmobs/fly_spawns.json'
rm 'servidor_minecraft/config/alexsmobs/flying_fish_spawns.json'
rm 'servidor_minecraft/config/alexsmobs/frilled_shark_spawns.json'
rm 'servidor_minecraft/config/alexsmobs/froststalker_spawns.json'
rm 'servidor_minecraft/config/alexsmobs/gazelle_spawns.json'
rm 'servidor_minecraft/config/alexsmobs/gelada_monkey_spawns.json'
rm 'servidor_minecraft/config/alexsmobs/giant_squid_spawns.json'
rm 'servidor_minecraft/config/alexsmobs/gorilla_spawns.json'
rm 'servidor_minecraft/config/alexsmobs/grizzly_bear_spawns.json'
rm 'servidor_minecraft/config/alexsmobs/guster_spawns.json'
rm 'servidor_minecraft/config/alexsmobs/hammerhead_shark_spawns.json'
rm 'servidor_minecraft/config/alexsmobs/hummingbird_spawns.json'
rm 'servidor_minecraft/config/alexsmobs/jerboa_spawns.json'
rm 'servidor_minecraft/config/alexsmobs/kangaroo_spawns.json'
rm 'servidor_minecraft/config/alexsmobs/komodo_dragon_spawns.json'
rm 'servidor_minecraft/config/alexsmobs/laviathan_spawns.json'
rm 'servidor_minecraft/config/alexsmobs/leafcutter_anthill_spawns.json'
rm 'servidor_minecraft/config/alexsmobs/lobster_spawns.json'
rm 'servidor_minecraft/config/alexsmobs/maned_wolf_spawns.json'
rm 'servidor_minecraft/config/alexsmobs/mantis_shrimp_spawns.json'
rm 'servidor_minecraft/config/alexsmobs/mimic_octopus_spawns.json'
rm 'servidor_minecraft/config/alexsmobs/mimicube_spawns.json'
rm 'servidor_minecraft/config/alexsmobs/moose_spawns.json'
rm 'servidor_minecraft/config/alexsmobs/mudskipper_spawns.json'
rm 'servidor_minecraft/config/alexsmobs/mungus_spawns.json'
rm 'servidor_minecraft/config/alexsmobs/murmur.json'
rm 'servidor_minecraft/config/alexsmobs/orca_spawns.json'
rm 'servidor_minecraft/config/alexsmobs/platypus_spawns.json'
rm 'servidor_minecraft/config/alexsmobs/potoo_spawns.json'
rm 'servidor_minecraft/config/alexsmobs/raccoon_spawns.json'
rm 'servidor_minecraft/config/alexsmobs/rain_frog_spawns.json'
rm 'servidor_minecraft/config/alexsmobs/rattlesnake_spawns.json'
rm 'servidor_minecraft/config/alexsmobs/rhinoceros_spawns.json'
rm 'servidor_minecraft/config/alexsmobs/roadrunner_spawns.json'
rm 'servidor_minecraft/config/alexsmobs/rocky_roller_spawns.json'
rm 'servidor_minecraft/config/alexsmobs/seagull_spawns.json'
rm 'servidor_minecraft/config/alexsmobs/seal_spawns.json'
rm 'servidor_minecraft/config/alexsmobs/shoebill_spawns.json'
rm 'servidor_minecraft/config/alexsmobs/skelewag_spawns.json'
rm 'servidor_minecraft/config/alexsmobs/skreecher.json'
rm 'servidor_minecraft/config/alexsmobs/skunk_spawns.json'
rm 'servidor_minecraft/config/alexsmobs/snow_leopard_spawns.json'
rm 'servidor_minecraft/config/alexsmobs/soul_vulture_spawns.json'
rm 'servidor_minecraft/config/alexsmobs/spectre_spawns.json'
rm 'servidor_minecraft/config/alexsmobs/straddler_spawns.json'
rm 'servidor_minecraft/config/alexsmobs/stradpole_spawns.json'
rm 'servidor_minecraft/config/alexsmobs/sugar_glider_spawns.json'
rm 'servidor_minecraft/config/alexsmobs/sunbird_spawns.json'
rm 'servidor_minecraft/config/alexsmobs/tarantula_hawk_spawns.json'
rm 'servidor_minecraft/config/alexsmobs/tasmanian_devil_spawns.json'
rm 'servidor_minecraft/config/alexsmobs/terrapin_spawns.json'
rm 'servidor_minecraft/config/alexsmobs/tiger_spawns.json'
rm 'servidor_minecraft/config/alexsmobs/toucan_spawns.json'
rm 'servidor_minecraft/config/alexsmobs/triops_spawns.json'
rm 'servidor_minecraft/config/alexsmobs/tusklin_spawns.json'
rm 'servidor_minecraft/config/alexsmobs/underminer.json'
rm 'servidor_minecraft/config/alexsmobs/void_worm_spawns.json'
rm 'servidor_minecraft/config/alexsmobs/warped_mosco_spawns.json'
rm 'servidor_minecraft/config/alexsmobs/warped_toad_spawns.json'
rm 'servidor_minecraft/config/aoa3/integrations_config.toml'
rm 'servidor_minecraft/config/apotheosis/adventure.cfg'
rm 'servidor_minecraft/config/apotheosis/apotheosis.cfg'
rm 'servidor_minecraft/config/apotheosis/ench.cfg'
rm 'servidor_minecraft/config/apotheosis/enchantments.cfg'
rm 'servidor_minecraft/config/apotheosis/garden.cfg'
rm 'servidor_minecraft/config/apotheosis/names.cfg'
rm 'servidor_minecraft/config/apotheosis/potion.cfg'
rm 'servidor_minecraft/config/apotheosis/spawner.cfg'
rm 'servidor_minecraft/config/apotheosis/village.cfg'
rm 'servidor_minecraft/config/attributeslib.cfg'
rm 'servidor_minecraft/config/balm-common.toml'
rm 'servidor_minecraft/config/bettercombat/fallback_compatibility.json'
rm 'servidor_minecraft/config/bettercombat/server.json5'
rm 'servidor_minecraft/config/carryon-common.toml'
rm 'servidor_minecraft/config/cataclysm.toml'
rm 'servidor_minecraft/config/cataclysm/amethyst_crab_spawns.json'
rm 'servidor_minecraft/config/cataclysm/coral_golem_spawns.json'
rm 'servidor_minecraft/config/cataclysm/deepling_angler_spawns.json'
rm 'servidor_minecraft/config/cataclysm/deepling_brute_spawns.json'
rm 'servidor_minecraft/config/cataclysm/deepling_priest_spawns.json'
rm 'servidor_minecraft/config/cataclysm/deepling_spawns.json'
rm 'servidor_minecraft/config/cataclysm/deepling_warlock_spawns.json'
rm 'servidor_minecraft/config/cataclysm/koboleton_spawns.json'
rm 'servidor_minecraft/config/citadel-common.toml'
rm 'servidor_minecraft/config/combatroll/enchantments.json'
rm 'servidor_minecraft/config/combatroll/server.json5'
rm 'servidor_minecraft/config/curios-common.toml'
rm 'servidor_minecraft/config/embeddium-mixins.properties'
rm 'servidor_minecraft/config/embeddium-options.json'
rm 'servidor_minecraft/config/epicknights/armor.json5'
rm 'servidor_minecraft/config/epicknights/general.json5'
rm 'servidor_minecraft/config/epicknights/mobs_equipment.json5'
rm 'servidor_minecraft/config/epicknights/shields.json5'
rm 'servidor_minecraft/config/epicknights/weapons.json5'
rm 'servidor_minecraft/config/ferritecore-mixin.toml'
rm 'servidor_minecraft/config/fml.toml'
rm 'servidor_minecraft/config/iceandfire-common.toml'
rm 'servidor_minecraft/config/iceandfire/amphithere_biomes.json'
rm 'servidor_minecraft/config/iceandfire/cockatrice_biomes.json'
rm 'servidor_minecraft/config/iceandfire/cyclops_cave_biomes.json'
rm 'servidor_minecraft/config/iceandfire/deathworm_biomes.json'
rm 'servidor_minecraft/config/iceandfire/desert_myrmex_biomes.json'
rm 'servidor_minecraft/config/iceandfire/fire_dragon_biomes.json'
rm 'servidor_minecraft/config/iceandfire/fire_dragon_cave_biomes.json'
rm 'servidor_minecraft/config/iceandfire/fire_dragon_skeleton_biomes.json'
rm 'servidor_minecraft/config/iceandfire/fire_lily_biomes.json'
rm 'servidor_minecraft/config/iceandfire/forest_troll_biomes.json'
rm 'servidor_minecraft/config/iceandfire/frost_lily_biomes.json'
rm 'servidor_minecraft/config/iceandfire/gorgon_temple_biomes.json'
rm 'servidor_minecraft/config/iceandfire/graveyard_biomes.json'
rm 'servidor_minecraft/config/iceandfire/hippocampus_biomes.json'
rm 'servidor_minecraft/config/iceandfire/hippogryph_biomes.json'
rm 'servidor_minecraft/config/iceandfire/hippogryph_black_biomes.json'
rm 'servidor_minecraft/config/iceandfire/hippogryph_brown_biomes.json'
rm 'servidor_minecraft/config/iceandfire/hippogryph_chestnut_biomes.json'
rm 'servidor_minecraft/config/iceandfire/hippogryph_creamy_biomes.json'
rm 'servidor_minecraft/config/iceandfire/hippogryph_dark_brown_biomes.json'
rm 'servidor_minecraft/config/iceandfire/hippogryph_gray_biomes.json'
rm 'servidor_minecraft/config/iceandfire/hippogryph_white_biomes.json'
rm 'servidor_minecraft/config/iceandfire/hydra_cave_biomes.json'
rm 'servidor_minecraft/config/iceandfire/ice_dragon_biomes.json'
rm 'servidor_minecraft/config/iceandfire/ice_dragon_cave_biomes.json'
rm 'servidor_minecraft/config/iceandfire/ice_dragon_skeleton_biomes.json'
rm 'servidor_minecraft/config/iceandfire/jungle_myrmex_biomes.json'
rm 'servidor_minecraft/config/iceandfire/lightning_dragon_biomes.json'
rm 'servidor_minecraft/config/iceandfire/lightning_dragon_cave_biomes.json'
rm 'servidor_minecraft/config/iceandfire/lightning_dragon_skeleton_biomes.json'
rm 'servidor_minecraft/config/iceandfire/lightning_lily_biomes.json'
rm 'servidor_minecraft/config/iceandfire/mausoleum_biomes.json'
rm 'servidor_minecraft/config/iceandfire/mountain_troll_biomes.json'
rm 'servidor_minecraft/config/iceandfire/ore_gen_biomes.json'
rm 'servidor_minecraft/config/iceandfire/pixie_village_biomes.json'
rm 'servidor_minecraft/config/iceandfire/sapphire_gen_biomes.json'
rm 'servidor_minecraft/config/iceandfire/sea_serpent_biomes.json'
rm 'servidor_minecraft/config/iceandfire/siren_biomes.json'
rm 'servidor_minecraft/config/iceandfire/snowy_troll_biomes.json'
rm 'servidor_minecraft/config/iceandfire/stymphalian_bird_biomes.json'
rm 'servidor_minecraft/config/iceandfire/wandering_cyclops_biomes.json'
rm 'servidor_minecraft/config/immediatelyfast.json'
rm 'servidor_minecraft/config/inventorypets-common.toml'
rm 'servidor_minecraft/config/jade/server-plugin-overrides.json'
rm 'servidor_minecraft/config/jade/sort-order.json'
rm 'servidor_minecraft/config/jeresources-common.toml'
rm 'servidor_minecraft/config/jeresources.toml'
rm 'servidor_minecraft/config/just_leveling-common.toml'
rm 'servidor_minecraft/config/lithium.properties'
rm 'servidor_minecraft/config/majruszlibrary.json'
rm 'servidor_minecraft/config/majruszsdifficulty.json'
rm 'servidor_minecraft/config/majruszsenchantments.json'
rm 'servidor_minecraft/config/mca.json'
rm 'servidor_minecraft/config/mysticsbiomes-common.toml'
rm 'servidor_minecraft/config/playerrevive.json'
rm 'servidor_minecraft/config/sodium-extra.properties'
rm 'servidor_minecraft/config/spawnermod.json'
rm 'servidor_minecraft/config/structure_gel-common.toml'
rm 'servidor_minecraft/config/tact-common.toml'
rm 'servidor_minecraft/config/terrablender.toml'
rm 'servidor_minecraft/config/tetra.toml'
rm 'servidor_minecraft/config/theoneprobe-common.toml'
rm 'servidor_minecraft/config/tombstone-common.toml'
rm 'servidor_minecraft/config/tombstone-server.toml'
rm 'servidor_minecraft/config/trashslot-common.toml'
rm 'servidor_minecraft/config/travelersbackpack-common.toml'
rm 'servidor_minecraft/config/yacl.json5'
rm 'servidor_minecraft/configuracion.json'
rm 'servidor_minecraft/crash-reports/crash-2024-08-01_03.17.33-server.txt'
rm 'servidor_minecraft/crash-reports/crash-2024-08-01_03.24.36-server.txt'
rm 'servidor_minecraft/crash-reports/crash-2024-08-01_03.33.05-server.txt'
rm 'servidor_minecraft/eula.txt'
rm 'servidor_minecraft/forge.jar'
rm 'servidor_minecraft/forge.jar.log'
rm 'servidor_minecraft/journeymap/server/5.10/journeymap.server.aoa3~barathos.config'
rm 'servidor_minecraft/journeymap/server/5.10/journeymap.server.aoa3~deeplands.config'
rm 'servidor_minecraft/journeymap/server/5.10/journeymap.server.aoa3~lborean.config'
rm 'servidor_minecraft/journeymap/server/5.10/journeymap.server.aoa3~lelyetia.config'
rm 'servidor_minecraft/journeymap/server/5.10/journeymap.server.aoa3~nowhere.config'
rm 'servidor_minecraft/journeymap/server/5.10/journeymap.server.aoa3~precasia.config'
rm 'servidor_minecraft/journeymap/server/5.10/journeymap.server.aoa3~precasia_backup.config'
rm 'servidor_minecraft/journeymap/server/5.10/journeymap.server.deeperdarker~otherside.config'
rm 'servidor_minecraft/journeymap/server/5.10/journeymap.server.default.config'
rm 'servidor_minecraft/journeymap/server/5.10/journeymap.server.global.config'
rm 'servidor_minecraft/journeymap/server/5.10/journeymap.server.minecraft~overworld.config'
rm 'servidor_minecraft/journeymap/server/5.10/journeymap.server.minecraft~the_end.config'
rm 'servidor_minecraft/journeymap/server/5.10/journeymap.server.minecraft~the_nether.config'
rm 'servidor_minecraft/journeymap/server/5.10/journeymap.server.world~madnessdimension.config'
rm 'servidor_minecraft/journeymap/server/5.10/journeymap.server.world~worldtest_1.config'
rm 'servidor_minecraft/libraries/com/electronwill/night-config/core/3.6.4/core-3.6.4.jar'
rm 'servidor_minecraft/libraries/com/electronwill/night-config/toml/3.6.4/toml-3.6.4.jar'
rm 'servidor_minecraft/libraries/com/github/jponge/lzma-java/1.3/lzma-java-1.3.jar'
rm 'servidor_minecraft/libraries/com/github/oshi/oshi-core/6.2.2/oshi-core-6.2.2.jar'
rm 'servidor_minecraft/libraries/com/google/code/findbugs/jsr305/3.0.2/jsr305-3.0.2.jar'
rm 'servidor_minecraft/libraries/com/google/code/gson/gson/2.10/gson-2.10.jar'
rm 'servidor_minecraft/libraries/com/google/code/gson/gson/2.8.7/gson-2.8.7.jar'
rm 'servidor_minecraft/libraries/com/google/errorprone/error_prone_annotations/2.1.3/error_prone_annotations-2.1.3.jar'
rm 'servidor_minecraft/libraries/com/google/guava/failureaccess/1.0.1/failureaccess-1.0.1.jar'
rm 'servidor_minecraft/libraries/com/google/guava/guava/20.0/guava-20.0.jar'
rm 'servidor_minecraft/libraries/com/google/guava/guava/25.1-jre/guava-25.1-jre.jar'
rm 'servidor_minecraft/libraries/com/google/guava/guava/31.1-jre/guava-31.1-jre.jar'
rm 'servidor_minecraft/libraries/com/google/j2objc/j2objc-annotations/1.1/j2objc-annotations-1.1.jar'
rm 'servidor_minecraft/libraries/com/mojang/authlib/4.0.43/authlib-4.0.43.jar'
rm 'servidor_minecraft/libraries/com/mojang/brigadier/1.1.8/brigadier-1.1.8.jar'
rm 'servidor_minecraft/libraries/com/mojang/datafixerupper/6.0.8/datafixerupper-6.0.8.jar'
rm 'servidor_minecraft/libraries/com/mojang/logging/1.1.1/logging-1.1.1.jar'
rm 'servidor_minecraft/libraries/com/nothome/javaxdelta/2.0.1/javaxdelta-2.0.1.jar'
rm 'servidor_minecraft/libraries/com/opencsv/opencsv/4.4/opencsv-4.4.jar'
rm 'servidor_minecraft/libraries/commons-beanutils/commons-beanutils/1.9.3/commons-beanutils-1.9.3.jar'
rm 'servidor_minecraft/libraries/commons-collections/commons-collections/3.2.2/commons-collections-3.2.2.jar'
rm 'servidor_minecraft/libraries/commons-io/commons-io/2.11.0/commons-io-2.11.0.jar'
rm 'servidor_minecraft/libraries/commons-io/commons-io/2.4/commons-io-2.4.jar'
rm 'servidor_minecraft/libraries/commons-logging/commons-logging/1.2/commons-logging-1.2.jar'
rm 'servidor_minecraft/libraries/cpw/mods/bootstraplauncher/1.1.2/bootstraplauncher-1.1.2.jar'
rm 'servidor_minecraft/libraries/cpw/mods/modlauncher/10.0.9/modlauncher-10.0.9.jar'
rm 'servidor_minecraft/libraries/cpw/mods/securejarhandler/2.1.10/securejarhandler-2.1.10.jar'
rm 'servidor_minecraft/libraries/de/oceanlabs/mcp/mcp_config/1.20.1-20230612.114412/mcp_config-1.20.1-20230612.114412-mappings-merged.txt'
rm 'servidor_minecraft/libraries/de/oceanlabs/mcp/mcp_config/1.20.1-20230612.114412/mcp_config-1.20.1-20230612.114412-mappings.txt'
rm 'servidor_minecraft/libraries/de/oceanlabs/mcp/mcp_config/1.20.1-20230612.114412/mcp_config-1.20.1-20230612.114412.zip'
rm 'servidor_minecraft/libraries/de/siegmar/fastcsv/2.0.0/fastcsv-2.0.0.jar'
rm 'servidor_minecraft/libraries/io/netty/netty-buffer/4.1.82.Final/netty-buffer-4.1.82.Final.jar'
rm 'servidor_minecraft/libraries/io/netty/netty-codec/4.1.82.Final/netty-codec-4.1.82.Final.jar'
rm 'servidor_minecraft/libraries/io/netty/netty-common/4.1.82.Final/netty-common-4.1.82.Final.jar'
rm 'servidor_minecraft/libraries/io/netty/netty-handler/4.1.82.Final/netty-handler-4.1.82.Final.jar'
rm 'servidor_minecraft/libraries/io/netty/netty-resolver/4.1.82.Final/netty-resolver-4.1.82.Final.jar'
rm 'servidor_minecraft/libraries/io/netty/netty-transport-classes-epoll/4.1.82.Final/netty-transport-classes-epoll-4.1.82.Final.jar'
rm 'servidor_minecraft/libraries/io/netty/netty-transport-native-epoll/4.1.82.Final/netty-transport-native-epoll-4.1.82.Final-linux-aarch_64.jar'
rm 'servidor_minecraft/libraries/io/netty/netty-transport-native-epoll/4.1.82.Final/netty-transport-native-epoll-4.1.82.Final-linux-x86_64.jar'
rm 'servidor_minecraft/libraries/io/netty/netty-transport-native-unix-common/4.1.82.Final/netty-transport-native-unix-common-4.1.82.Final.jar'
rm 'servidor_minecraft/libraries/io/netty/netty-transport/4.1.82.Final/netty-transport-4.1.82.Final.jar'
rm 'servidor_minecraft/libraries/it/unimi/dsi/fastutil/8.5.9/fastutil-8.5.9.jar'
rm 'servidor_minecraft/libraries/net/java/dev/jna/jna-platform/5.12.1/jna-platform-5.12.1.jar'
rm 'servidor_minecraft/libraries/net/java/dev/jna/jna/5.12.1/jna-5.12.1.jar'
rm 'servidor_minecraft/libraries/net/jodah/typetools/0.6.3/typetools-0.6.3.jar'
rm 'servidor_minecraft/libraries/net/md-5/SpecialSource/1.11.0/SpecialSource-1.11.0.jar'
rm 'servidor_minecraft/libraries/net/minecraft/server/1.20.1-20230612.114412/server-1.20.1-20230612.114412-extra.jar'
rm 'servidor_minecraft/libraries/net/minecraft/server/1.20.1-20230612.114412/server-1.20.1-20230612.114412-extra.jar.cache'
rm 'servidor_minecraft/libraries/net/minecraft/server/1.20.1-20230612.114412/server-1.20.1-20230612.114412-mappings.txt'
rm 'servidor_minecraft/libraries/net/minecraft/server/1.20.1-20230612.114412/server-1.20.1-20230612.114412-slim.jar'
rm 'servidor_minecraft/libraries/net/minecraft/server/1.20.1-20230612.114412/server-1.20.1-20230612.114412-slim.jar.cache'
rm 'servidor_minecraft/libraries/net/minecraft/server/1.20.1-20230612.114412/server-1.20.1-20230612.114412-srg.jar'
rm 'servidor_minecraft/libraries/net/minecraft/server/1.20.1-20230612.114412/server-1.20.1-20230612.114412-unpacked.jar'
rm 'servidor_minecraft/libraries/net/minecraft/server/1.20.1/server-1.20.1.jar'
rm 'servidor_minecraft/libraries/net/minecraftforge/ForgeAutoRenamingTool/0.1.22/ForgeAutoRenamingTool-0.1.22-all.jar'
rm 'servidor_minecraft/libraries/net/minecraftforge/JarJarFileSystems/0.3.19/JarJarFileSystems-0.3.19.jar'
rm 'servidor_minecraft/libraries/net/minecraftforge/JarJarMetadata/0.3.19/JarJarMetadata-0.3.19.jar'
rm 'servidor_minecraft/libraries/net/minecraftforge/JarJarSelector/0.3.19/JarJarSelector-0.3.19.jar'
rm 'servidor_minecraft/libraries/net/minecraftforge/accesstransformers/8.0.4/accesstransformers-8.0.4.jar'
rm 'servidor_minecraft/libraries/net/minecraftforge/binarypatcher/1.1.1/binarypatcher-1.1.1.jar'
rm 'servidor_minecraft/libraries/net/minecraftforge/coremods/5.0.1/coremods-5.0.1.jar'
rm 'servidor_minecraft/libraries/net/minecraftforge/eventbus/6.0.5/eventbus-6.0.5.jar'
rm 'servidor_minecraft/libraries/net/minecraftforge/fmlcore/1.20.1-47.2.0/fmlcore-1.20.1-47.2.0.jar'
rm 'servidor_minecraft/libraries/net/minecraftforge/fmlearlydisplay/1.20.1-47.2.0/fmlearlydisplay-1.20.1-47.2.0.jar'
rm 'servidor_minecraft/libraries/net/minecraftforge/fmlloader/1.20.1-47.2.0/fmlloader-1.20.1-47.2.0.jar'
rm 'servidor_minecraft/libraries/net/minecraftforge/forge/1.20.1-47.2.0/forge-1.20.1-47.2.0-server.jar'
rm 'servidor_minecraft/libraries/net/minecraftforge/forge/1.20.1-47.2.0/forge-1.20.1-47.2.0-universal.jar'
rm 'servidor_minecraft/libraries/net/minecraftforge/forge/1.20.1-47.2.0/unix_args.txt'
rm 'servidor_minecraft/libraries/net/minecraftforge/forge/1.20.1-47.2.0/win_args.txt'
rm 'servidor_minecraft/libraries/net/minecraftforge/forgespi/7.0.1/forgespi-7.0.1.jar'
rm 'servidor_minecraft/libraries/net/minecraftforge/installertools/1.3.0/installertools-1.3.0.jar'
rm 'servidor_minecraft/libraries/net/minecraftforge/jarsplitter/1.1.4/jarsplitter-1.1.4.jar'
rm 'servidor_minecraft/libraries/net/minecraftforge/javafmllanguage/1.20.1-47.2.0/javafmllanguage-1.20.1-47.2.0.jar'
rm 'servidor_minecraft/libraries/net/minecraftforge/lowcodelanguage/1.20.1-47.2.0/lowcodelanguage-1.20.1-47.2.0.jar'
rm 'servidor_minecraft/libraries/net/minecraftforge/mclanguage/1.20.1-47.2.0/mclanguage-1.20.1-47.2.0.jar'
rm 'servidor_minecraft/libraries/net/minecraftforge/mergetool/1.1.5/mergetool-1.1.5-api.jar'
rm 'servidor_minecraft/libraries/net/minecraftforge/srgutils/0.4.11/srgutils-0.4.11.jar'
rm 'servidor_minecraft/libraries/net/minecraftforge/srgutils/0.4.3/srgutils-0.4.3.jar'
rm 'servidor_minecraft/libraries/net/minecraftforge/srgutils/0.4.9/srgutils-0.4.9.jar'
rm 'servidor_minecraft/libraries/net/minecraftforge/unsafe/0.2.0/unsafe-0.2.0.jar'
rm 'servidor_minecraft/libraries/net/minecrell/terminalconsoleappender/1.2.0/terminalconsoleappender-1.2.0.jar'
rm 'servidor_minecraft/libraries/net/sf/jopt-simple/jopt-simple/5.0.4/jopt-simple-5.0.4.jar'
rm 'servidor_minecraft/libraries/net/sf/jopt-simple/jopt-simple/6.0-alpha-3/jopt-simple-6.0-alpha-3.jar'
rm 'servidor_minecraft/libraries/org/antlr/antlr4-runtime/4.9.1/antlr4-runtime-4.9.1.jar'
rm 'servidor_minecraft/libraries/org/apache/commons/commons-collections4/4.2/commons-collections4-4.2.jar'
rm 'servidor_minecraft/libraries/org/apache/commons/commons-lang3/3.12.0/commons-lang3-3.12.0.jar'
rm 'servidor_minecraft/libraries/org/apache/commons/commons-lang3/3.8.1/commons-lang3-3.8.1.jar'
rm 'servidor_minecraft/libraries/org/apache/commons/commons-text/1.3/commons-text-1.3.jar'
rm 'servidor_minecraft/libraries/org/apache/logging/log4j/log4j-api/2.19.0/log4j-api-2.19.0.jar'
rm 'servidor_minecraft/libraries/org/apache/logging/log4j/log4j-core/2.19.0/log4j-core-2.19.0.jar'
rm 'servidor_minecraft/libraries/org/apache/logging/log4j/log4j-slf4j2-impl/2.19.0/log4j-slf4j2-impl-2.19.0.jar'
rm 'servidor_minecraft/libraries/org/apache/maven/maven-artifact/3.8.5/maven-artifact-3.8.5.jar'
rm 'servidor_minecraft/libraries/org/checkerframework/checker-qual/2.0.0/checker-qual-2.0.0.jar'
rm 'servidor_minecraft/libraries/org/codehaus/mojo/animal-sniffer-annotations/1.14/animal-sniffer-annotations-1.14.jar'
rm 'servidor_minecraft/libraries/org/jline/jline-reader/3.12.1/jline-reader-3.12.1.jar'
rm 'servidor_minecraft/libraries/org/jline/jline-terminal/3.12.1/jline-terminal-3.12.1.jar'
rm 'servidor_minecraft/libraries/org/joml/joml/1.10.5/joml-1.10.5.jar'
rm 'servidor_minecraft/libraries/org/openjdk/nashorn/nashorn-core/15.3/nashorn-core-15.3.jar'
rm 'servidor_minecraft/libraries/org/ow2/asm/asm-analysis/9.2/asm-analysis-9.2.jar'
rm 'servidor_minecraft/libraries/org/ow2/asm/asm-analysis/9.3/asm-analysis-9.3.jar'
rm 'servidor_minecraft/libraries/org/ow2/asm/asm-analysis/9.5/asm-analysis-9.5.jar'
rm 'servidor_minecraft/libraries/org/ow2/asm/asm-commons/9.2/asm-commons-9.2.jar'
rm 'servidor_minecraft/libraries/org/ow2/asm/asm-commons/9.3/asm-commons-9.3.jar'
rm 'servidor_minecraft/libraries/org/ow2/asm/asm-commons/9.5/asm-commons-9.5.jar'
rm 'servidor_minecraft/libraries/org/ow2/asm/asm-tree/9.2/asm-tree-9.2.jar'
rm 'servidor_minecraft/libraries/org/ow2/asm/asm-tree/9.3/asm-tree-9.3.jar'
rm 'servidor_minecraft/libraries/org/ow2/asm/asm-tree/9.5/asm-tree-9.5.jar'
rm 'servidor_minecraft/libraries/org/ow2/asm/asm-util/9.5/asm-util-9.5.jar'
rm 'servidor_minecraft/libraries/org/ow2/asm/asm/9.2/asm-9.2.jar'
rm 'servidor_minecraft/libraries/org/ow2/asm/asm/9.3/asm-9.3.jar'
rm 'servidor_minecraft/libraries/org/ow2/asm/asm/9.5/asm-9.5.jar'
rm 'servidor_minecraft/libraries/org/slf4j/slf4j-api/2.0.1/slf4j-api-2.0.1.jar'
rm 'servidor_minecraft/libraries/org/spongepowered/mixin/0.8.5/mixin-0.8.5.jar'
rm 'servidor_minecraft/libraries/trove/trove/1.0.2/trove-1.0.2.jar'
rm 'servidor_minecraft/logs/2024-07-22-10.log.gz'
rm 'servidor_minecraft/logs/2024-07-22-11.log.gz'
rm 'servidor_minecraft/logs/2024-07-22-12.log.gz'
rm 'servidor_minecraft/logs/2024-07-22-2.log.gz'
rm 'servidor_minecraft/logs/2024-07-22-3.log.gz'
rm 'servidor_minecraft/logs/2024-07-22-4.log.gz'
rm 'servidor_minecraft/logs/2024-07-22-5.log.gz'
rm 'servidor_minecraft/logs/2024-07-22-6.log.gz'
rm 'servidor_minecraft/logs/2024-07-22-7.log.gz'
rm 'servidor_minecraft/logs/2024-07-22-8.log.gz'
rm 'servidor_minecraft/logs/2024-07-22-9.log.gz'
rm 'servidor_minecraft/logs/2024-07-24-2.log.gz'
rm 'servidor_minecraft/logs/2024-07-24-3.log.gz'
rm 'servidor_minecraft/logs/2024-07-25-2.log.gz'
rm 'servidor_minecraft/logs/2024-07-25-3.log.gz'
rm 'servidor_minecraft/logs/2024-08-01-2.log.gz'
rm 'servidor_minecraft/logs/2024-08-01-3.log.gz'
rm 'servidor_minecraft/logs/2024-08-01-4.log.gz'
rm 'servidor_minecraft/logs/2024-08-01-5.log.gz'
rm 'servidor_minecraft/logs/2024-09-28-2.log.gz'
rm 'servidor_minecraft/logs/2024-10-21-1.log.gz'
rm 'servidor_minecraft/logs/2024-10-21-2.log.gz'
rm 'servidor_minecraft/logs/2024-10-21-3.log.gz'
rm 'servidor_minecraft/logs/2024-10-21-4.log.gz'
rm 'servidor_minecraft/logs/2024-10-21-5.log.gz'
rm 'servidor_minecraft/logs/2024-10-21-6.log.gz'
rm 'servidor_minecraft/logs/2024-10-21-7.log.gz'
rm 'servidor_minecraft/logs/2024-10-21-8.log.gz'
rm 'servidor_minecraft/logs/2024-10-22-1.log.gz'
rm 'servidor_minecraft/logs/2024-10-22-2.log.gz'
rm 'servidor_minecraft/logs/debug-1.log.gz'
rm 'servidor_minecraft/logs/debug-2.log.gz'
rm 'servidor_minecraft/logs/debug-3.log.gz'
rm 'servidor_minecraft/logs/debug-4.log.gz'
rm 'servidor_minecraft/logs/debug-5.log.gz'
rm 'servidor_minecraft/logs/debug.log'
rm 'servidor_minecraft/logs/latest.log'
rm 'servidor_minecraft/modgest_config.json'
rm 'servidor_minecraft/modgest_debian_x64'
rm 'servidor_minecraft/mods/Apotheosis-1.20.1-7.4.0.jar'
rm 'servidor_minecraft/mods/ApothicAttributes-1.20.1-1.3.5.jar'
rm 'servidor_minecraft/mods/Bookshelf-Forge-1.20.1-20.2.13.jar'
rm 'servidor_minecraft/mods/ConfigurableCane-1.20-2.5.2.jar'
rm 'servidor_minecraft/mods/CreativeCore_FORGE_v2.11.31_mc1.20.1.jar'
rm 'servidor_minecraft/mods/DungeonsArise-1.20.x-2.1.58-release.jar'
rm 'servidor_minecraft/mods/EnchantmentDescriptions-Forge-1.20.1-17.0.16.jar'
rm 'servidor_minecraft/mods/ImmediatelyFast-Forge-1.2.8+1.20.4.jar'
rm 'servidor_minecraft/mods/Incendium_1.20.x_v5.3.5.jar'
rm 'servidor_minecraft/mods/Jade-1.20.1-forge-11.9.4.jar'
rm 'servidor_minecraft/mods/JustEnoughResources-1.20.1-1.4.0.247.jar'
rm 'servidor_minecraft/mods/KOTM-CaliganBetaUpdate.jar'
rm 'servidor_minecraft/mods/L_Enders_Cataclysm-1.99.6-1.20.1.jar'
rm 'servidor_minecraft/mods/MaxHealthFix-Forge-1.20.1-12.0.3.jar'
rm 'servidor_minecraft/mods/Patchouli-1.20.1-84-FORGE.jar'
rm 'servidor_minecraft/mods/Placebo-1.20.1-8.6.2.jar'
rm 'servidor_minecraft/mods/PlayerRevive_FORGE_v2.0.25_mc1.20.1.jar'
rm 'servidor_minecraft/mods/Structory_1.20.x_v1.3.5.jar'
rm 'servidor_minecraft/mods/TaxCastlePillager+M.1.20.1+ForM.1.0.1.jar'
rm 'servidor_minecraft/mods/TerraBlender-forge-1.20.1-3.0.1.7.jar'
rm 'servidor_minecraft/mods/YetAnotherConfigLib-3.5.0+1.20.1-forge.jar'
rm 'servidor_minecraft/mods/alexscaves-2.0.0.jar'
rm 'servidor_minecraft/mods/alexsmobs-1.22.8.jar'
rm 'servidor_minecraft/mods/aquamirae-6.API15.jar'
rm 'servidor_minecraft/mods/architectury-9.2.14-forge.jar'
rm 'servidor_minecraft/mods/balm-forge-1.20.1-7.3.6-all.jar'
rm 'servidor_minecraft/mods/born_in_chaos_[Forge]1.20.1_1.3.1.jar'
rm 'servidor_minecraft/mods/carryon-forge-1.20.1-2.1.2.7.jar'
rm 'servidor_minecraft/mods/citadel-2.6.0-1.20.1.jar'
rm 'servidor_minecraft/mods/cloth-config-11.1.118-forge.jar'
rm 'servidor_minecraft/mods/combatroll-forge-1.3.2+1.20.1.jar'
rm 'servidor_minecraft/mods/curios-forge-5.9.1+1.20.1.jar'
rm 'servidor_minecraft/mods/deeperdarker-forge-1.20.1-1.2.1.jar'
rm 'servidor_minecraft/mods/elenaidodge2-1.1.jar'
rm 'servidor_minecraft/mods/embeddium-0.3.24+mc1.20.1.jar'
rm 'servidor_minecraft/mods/feathers-1.1.jar'
rm 'servidor_minecraft/mods/ferritecore-6.0.1-forge.jar'
rm 'servidor_minecraft/mods/geckolib-forge-1.20.1-4.4.7.jar'
rm 'servidor_minecraft/mods/iceandfire-2.1.13-1.20.1-beta-5.jar'
rm 'servidor_minecraft/mods/inventorypets-1.20.1-2.1.2.jar'
rm 'servidor_minecraft/mods/jei-1.20.1-forge-15.3.0.8.jar'
rm 'servidor_minecraft/mods/journeymap-1.20.1-5.10.0-forge.jar'
rm 'servidor_minecraft/mods/justleveling-forge-1.20.x-v1.7.jar'
rm 'servidor_minecraft/mods/lionfishapi-1.9.jar'
rm 'servidor_minecraft/mods/loot_journal-3.1.1.jar'
rm 'servidor_minecraft/mods/majrusz-library-forge-1.20.1-7.0.8.jar'
rm 'servidor_minecraft/mods/majruszs-difficulty-forge-1.20.1-1.9.10.jar'
rm 'servidor_minecraft/mods/majruszs-enchantments-forge-1.20.1-1.10.8.jar'
rm 'servidor_minecraft/mods/mokels_witch_boss-1.0-forge-1.20.1.jar'
rm 'servidor_minecraft/mods/mutil-1.20.1-6.1.1.jar'
rm 'servidor_minecraft/mods/obscure_api-15.jar'
rm 'servidor_minecraft/mods/player-animation-lib-forge-1.0.2-rc1+1.20.jar'
rm 'servidor_minecraft/mods/plushie_buddies-0.1.1-1.20.1.jar'
rm 'servidor_minecraft/mods/polytone-1.20-2.3.3.jar'
rm 'servidor_minecraft/mods/radium-mc1.20.1-0.12.2+git.5f80f74.jar'
rm 'servidor_minecraft/mods/realmrpg_fallen_adventurers_1.0.3_forge_1.20.1.jar'
rm 'servidor_minecraft/mods/realmrpg_imps_and_demons_0.9.0_forge_1.20.1.jar'
rm 'servidor_minecraft/mods/rrls-4.0.6.1+mc1.20.1-forge.jar'
rm 'servidor_minecraft/mods/rubidium-extra-0.5.4.3+mc1.20.1-build.121.jar'
rm 'servidor_minecraft/mods/spawnermod-1.20.1-1.9.3+Forge.jar'
rm 'servidor_minecraft/mods/structure_gel-1.20.1-2.16.2.jar'
rm 'servidor_minecraft/mods/tact-1.2.0+1.20.1.jar'
rm 'servidor_minecraft/mods/tctcore-1.4-forge-1.20.1.jar'
rm 'servidor_minecraft/mods/tetra-1.20.1-6.4.0.jar'
rm 'servidor_minecraft/mods/the-conjurer-1.20.1-1.1.6.jar'
rm 'servidor_minecraft/mods/theoneprobe-1.20.1-10.0.2.jar'
rm 'servidor_minecraft/mods/tombstone-1.20.1-8.6.7.jar'
rm 'servidor_minecraft/mods/trashslot-forge-1.20-15.1.0.jar'
rm 'servidor_minecraft/mods/travelersbackpack-forge-1.20.1-9.1.14.jar'
rm 'servidor_minecraft/mods/warriors_of_past_epoch_[Forge]_1.20.1_1.3.jar'
rm 'servidor_minecraft/ops.json'
rm 'servidor_minecraft/playit.status'
rm 'servidor_minecraft/playit.tunnels'
rm 'servidor_minecraft/run.bat'
rm 'servidor_minecraft/run.sh'
rm 'servidor_minecraft/server.properties'
rm 'servidor_minecraft/user_jvm_args.txt'
rm 'servidor_minecraft/usercache.json'
rm 'servidor_minecraft/usernamecache.json'
rm 'servidor_minecraft/whitelist.json'
rm 'servidor_minecraft/world/DIM-1/data/capabilities.dat'
rm 'servidor_minecraft/world/DIM-1/data/clearlagc_worldvars.dat'
rm 'servidor_minecraft/world/DIM-1/data/raids.dat'
rm 'servidor_minecraft/world/DIM1/data/capabilities.dat'
rm 'servidor_minecraft/world/DIM1/data/clearlagc_worldvars.dat'
rm 'servidor_minecraft/world/DIM1/data/raids_end.dat'
rm 'servidor_minecraft/world/advancements/43d79b3e-4afa-37fb-a395-aac4dcd856c6.json'
rm 'servidor_minecraft/world/advancements/9221eae4-d002-3ea6-a2ca-c4c421bfbe27.json'
rm 'servidor_minecraft/world/advancements/ed821a9b-cfc7-343b-9491-331781f0bba2.json'
rm 'servidor_minecraft/world/data/JMPlayerSettings.dat'
rm 'servidor_minecraft/world/data/WorldUUID.dat'
rm 'servidor_minecraft/world/data/alexsmobs_world_data.dat'
rm 'servidor_minecraft/world/data/capabilities.dat'
rm 'servidor_minecraft/world/data/cataclysm_world_data.dat'
rm 'servidor_minecraft/world/data/chunks.dat'
rm 'servidor_minecraft/world/data/citadel_world_data.dat'
rm 'servidor_minecraft/world/data/clearlagc_worldvars.dat'
rm 'servidor_minecraft/world/data/iceandfire_general.dat'
rm 'servidor_minecraft/world/data/idcounts.dat'
rm 'servidor_minecraft/world/data/majruszsdifficulty.dat'
rm 'servidor_minecraft/world/data/map_0.dat'
rm 'servidor_minecraft/world/data/raids.dat'
rm 'servidor_minecraft/world/data/random_sequences.dat'
rm 'servidor_minecraft/world/data/scoreboard.dat'
rm 'servidor_minecraft/world/dimensions/deeperdarker/otherside/data/capabilities.dat'
rm 'servidor_minecraft/world/dimensions/deeperdarker/otherside/data/clearlagc_worldvars.dat'
rm 'servidor_minecraft/world/dimensions/deeperdarker/otherside/data/raids.dat'
rm 'servidor_minecraft/world/entities/r.-1.-1.mca'
rm 'servidor_minecraft/world/entities/r.-1.-2.mca'
rm 'servidor_minecraft/world/entities/r.-1.-3.mca'
rm 'servidor_minecraft/world/entities/r.-1.-4.mca'
rm 'servidor_minecraft/world/entities/r.-1.0.mca'
rm 'servidor_minecraft/world/entities/r.-1.1.mca'
rm 'servidor_minecraft/world/entities/r.-2.-1.mca'
rm 'servidor_minecraft/world/entities/r.-2.0.mca'
rm 'servidor_minecraft/world/entities/r.-2.1.mca'
rm 'servidor_minecraft/world/entities/r.0.-1.mca'
rm 'servidor_minecraft/world/entities/r.0.-2.mca'
rm 'servidor_minecraft/world/entities/r.0.-3.mca'
rm 'servidor_minecraft/world/entities/r.0.-4.mca'
rm 'servidor_minecraft/world/entities/r.0.0.mca'
rm 'servidor_minecraft/world/entities/r.1.-1.mca'
rm 'servidor_minecraft/world/entities/r.1.-2.mca'
rm 'servidor_minecraft/world/entities/r.1.-3.mca'
rm 'servidor_minecraft/world/entities/r.1.-4.mca'
rm 'servidor_minecraft/world/entities/r.2.-2.mca'
rm 'servidor_minecraft/world/entities/r.2.-3.mca'
rm 'servidor_minecraft/world/entities/r.2.-4.mca'
rm 'servidor_minecraft/world/entities/r.3.-3.mca'
rm 'servidor_minecraft/world/entities/r.3.-4.mca'
rm 'servidor_minecraft/world/level.dat'
rm 'servidor_minecraft/world/level.dat_old'
rm 'servidor_minecraft/world/playerdata/43d79b3e-4afa-37fb-a395-aac4dcd856c6.dat'
rm 'servidor_minecraft/world/playerdata/43d79b3e-4afa-37fb-a395-aac4dcd856c6.dat_old'
rm 'servidor_minecraft/world/playerdata/9221eae4-d002-3ea6-a2ca-c4c421bfbe27.dat'
rm 'servidor_minecraft/world/playerdata/9221eae4-d002-3ea6-a2ca-c4c421bfbe27.dat_old'
rm 'servidor_minecraft/world/playerdata/ed821a9b-cfc7-343b-9491-331781f0bba2.dat'
rm 'servidor_minecraft/world/playerdata/ed821a9b-cfc7-343b-9491-331781f0bba2.dat_old'
rm 'servidor_minecraft/world/poi/r.-1.-1.mca'
rm 'servidor_minecraft/world/poi/r.-1.-2.mca'
rm 'servidor_minecraft/world/poi/r.-1.-3.mca'
rm 'servidor_minecraft/world/poi/r.-1.-4.mca'
rm 'servidor_minecraft/world/poi/r.-1.0.mca'
rm 'servidor_minecraft/world/poi/r.-1.1.mca'
rm 'servidor_minecraft/world/poi/r.-2.-1.mca'
rm 'servidor_minecraft/world/poi/r.-2.-3.mca'
rm 'servidor_minecraft/world/poi/r.-2.0.mca'
rm 'servidor_minecraft/world/poi/r.-2.1.mca'
rm 'servidor_minecraft/world/poi/r.0.-1.mca'
rm 'servidor_minecraft/world/poi/r.0.-2.mca'
rm 'servidor_minecraft/world/poi/r.0.-3.mca'
rm 'servidor_minecraft/world/poi/r.0.-4.mca'
rm 'servidor_minecraft/world/poi/r.0.0.mca'
rm 'servidor_minecraft/world/poi/r.1.-1.mca'
rm 'servidor_minecraft/world/poi/r.1.-2.mca'
rm 'servidor_minecraft/world/poi/r.1.-3.mca'
rm 'servidor_minecraft/world/poi/r.1.-4.mca'
rm 'servidor_minecraft/world/poi/r.1.0.mca'
rm 'servidor_minecraft/world/poi/r.2.-2.mca'
rm 'servidor_minecraft/world/poi/r.2.-3.mca'
rm 'servidor_minecraft/world/poi/r.2.-4.mca'
rm 'servidor_minecraft/world/poi/r.3.-2.mca'
rm 'servidor_minecraft/world/poi/r.3.-3.mca'
rm 'servidor_minecraft/world/poi/r.3.-4.mca'
rm 'servidor_minecraft/world/region/r.-1.-1.mca'
rm 'servidor_minecraft/world/region/r.-1.-2.mca'
rm 'servidor_minecraft/world/region/r.-1.-4.mca'
rm 'servidor_minecraft/world/region/r.-1.0.mca'
rm 'servidor_minecraft/world/region/r.-1.1.mca'
rm 'servidor_minecraft/world/region/r.-2.-1.mca'
rm 'servidor_minecraft/world/region/r.-2.-2.mca'
rm 'servidor_minecraft/world/region/r.-2.-3.mca'
rm 'servidor_minecraft/world/region/r.-2.-4.mca'
rm 'servidor_minecraft/world/region/r.-2.0.mca'
rm 'servidor_minecraft/world/region/r.-2.1.mca'
rm 'servidor_minecraft/world/region/r.0.-1.mca'
rm 'servidor_minecraft/world/region/r.0.-2.mca'
rm 'servidor_minecraft/world/region/r.0.-3.mca'
rm 'servidor_minecraft/world/region/r.0.-4.mca'
rm 'servidor_minecraft/world/region/r.0.0.mca'
rm 'servidor_minecraft/world/region/r.1.-1.mca'
rm 'servidor_minecraft/world/region/r.1.-2.mca'
rm 'servidor_minecraft/world/region/r.1.-3.mca'
rm 'servidor_minecraft/world/region/r.1.-4.mca'
rm 'servidor_minecraft/world/region/r.1.0.mca'
rm 'servidor_minecraft/world/region/r.2.-2.mca'
rm 'servidor_minecraft/world/region/r.2.-3.mca'
rm 'servidor_minecraft/world/region/r.2.-4.mca'
rm 'servidor_minecraft/world/region/r.3.-2.mca'
rm 'servidor_minecraft/world/region/r.3.-3.mca'
rm 'servidor_minecraft/world/region/r.3.-4.mca'
rm 'servidor_minecraft/world/serverconfig/configurablecane-server.toml'
rm 'servidor_minecraft/world/serverconfig/curios-server.toml'
rm 'servidor_minecraft/world/serverconfig/forge-server.toml'
rm 'servidor_minecraft/world/serverconfig/jei-server.toml'
rm 'servidor_minecraft/world/serverconfig/journeymap-server.toml'
rm 'servidor_minecraft/world/session.lock'
rm 'servidor_minecraft/world/stats/43d79b3e-4afa-37fb-a395-aac4dcd856c6.json'
rm 'servidor_minecraft/world/stats/9221eae4-d002-3ea6-a2ca-c4c421bfbe27.json'
rm 'servidor_minecraft/world/stats/ed821a9b-cfc7-343b-9491-331781f0bba2.json'
rm 'servidor_minecraft/world/tombstone/loottables/tombstone-pool-archaeology.json'
rm 'servidor_minecraft/world/tombstone/loottables/tombstone-pool-cat_morning.json'
rm 'servidor_minecraft/world/tombstone/loottables/tombstone-pool-chest_treasure.bak'
rm 'servidor_minecraft/world/tombstone/loottables/tombstone-pool-chest_treasure.json'
rm 'servidor_minecraft/world/tombstone/loottables/tombstone-pool-lost_treasure.json'
rm 'servidor_minecraft/world/tombstone/loottables/tombstone-pool-seeker_rod.json'
rm 'servidor_minecraft/world/tombstone/loottables/tombstone-pool-sniffer_digging.json'
rm 'servidor_minecraft/world/tombstone/loottables/tombstone-pool-undead_boss.json'
rm 'servidor_minecraft/world/tombstone/loottables/tombstone-pool-undead_mob.json'
rm 'servidor_minecraft/world/tombstone/saved_players/43d79b3e-4afa-37fb-a395-aac4dcd856c6/20241021-140013.save'
rm 'servidor_minecraft/world/tombstone/saved_players/43d79b3e-4afa-37fb-a395-aac4dcd856c6/20241021-232918.save'
rm 'servidor_minecraft/world/tombstone/saved_players/43d79b3e-4afa-37fb-a395-aac4dcd856c6/20241021-234441.save'
rm 'servidor_minecraft/world/tombstone/saved_players/43d79b3e-4afa-37fb-a395-aac4dcd856c6/20241022-000441.save'
rm 'servidor_minecraft/world/tombstone/saved_players/43d79b3e-4afa-37fb-a395-aac4dcd856c6/20241022-002441.save'
rm 'servidor_minecraft/world/tombstone/saved_players/9221eae4-d002-3ea6-a2ca-c4c421bfbe27/20241021-232918.save'
rm 'servidor_minecraft/world/tombstone/saved_players/9221eae4-d002-3ea6-a2ca-c4c421bfbe27/20241021-233108.save'
rm 'servidor_minecraft/world/tombstone/saved_players/9221eae4-d002-3ea6-a2ca-c4c421bfbe27/20241021-233117.save'
rm 'servidor_minecraft/world/tombstone/saved_players/9221eae4-d002-3ea6-a2ca-c4c421bfbe27/20241021-233305.save'
rm 'servidor_minecraft/world/tombstone/saved_players/9221eae4-d002-3ea6-a2ca-c4c421bfbe27/20241021-233725.save'
rm 'servidor_minecraft/world/tombstone/saved_players/9221eae4-d002-3ea6-a2ca-c4c421bfbe27/20241021-233935.save'
rm 'servidor_minecraft/world/tombstone/saved_players/9221eae4-d002-3ea6-a2ca-c4c421bfbe27/20241021-234022.save'
rm 'servidor_minecraft/world/tombstone/saved_players/9221eae4-d002-3ea6-a2ca-c4c421bfbe27/20241021-234441.save'
rm 'servidor_minecraft/world/tombstone/saved_players/9221eae4-d002-3ea6-a2ca-c4c421bfbe27/20241021-234456.save'
rm 'servidor_minecraft/world/tombstone/saved_players/9221eae4-d002-3ea6-a2ca-c4c421bfbe27/20241022-000441.save'
rm 'servidor_minecraft/world/tombstone/saved_players/9221eae4-d002-3ea6-a2ca-c4c421bfbe27/20241022-001502.save'
rm 'servidor_minecraft/world/tombstone/saved_players/9221eae4-d002-3ea6-a2ca-c4c421bfbe27/20241022-002441.save'
rm 'servidor_minecraft/world/tombstone/saved_players/9221eae4-d002-3ea6-a2ca-c4c421bfbe27/20241022-003438.save'
rm 'servidor_minecraft/world/tombstone/saved_players/ed821a9b-cfc7-343b-9491-331781f0bba2/20241021-232918.save'
rm 'servidor_minecraft/world/tombstone/version.info'
fatal: a branch named 'Minecraft_branch' already exists
stat: cannot stat 'servidor_minecraft/mods/ClearLag': No such file or directory
fatal: pathspec 'servidor_minecraft/mods/ClearLag' did not match any files
stat: cannot stat '1.20.1.jar': No such file or directory
fatal: pathspec '1.20.1.jar' did not match any files
stat: cannot stat 'servidor_minecraft/mods/Explorify': No such file or directory
fatal: pathspec 'servidor_minecraft/mods/Explorify' did not match any files
stat: cannot stat 'v1.6.1': No such file or directory
fatal: pathspec 'v1.6.1' did not match any files
stat: cannot stat 'f10-48.jar': No such file or directory
fatal: pathspec 'f10-48.jar' did not match any files
stat: cannot stat 'servidor_minecraft/mods/ironchest-1.20.1-14.4.4': No such file or directory
fatal: pathspec 'servidor_minecraft/mods/ironchest-1.20.1-14.4.4' did not match any files
stat: cannot stat '(1).jar': No such file or directory
fatal: pathspec '(1).jar' did not match any files
stat: cannot stat 'servidor_minecraft/mods/Cardinal': No such file or directory
fatal: pathspec 'servidor_minecraft/mods/Cardinal' did not match any files
stat: cannot stat 'Sins': No such file or directory
fatal: pathspec 'Sins' did not match any files
stat: cannot stat '1.0.3.jar': No such file or directory
fatal: pathspec '1.0.3.jar' did not match any files
stat: cannot stat 'server': No such file or directory
stat: cannot stat '(1).py': No such file or directory
Obteniendo cambios del remoto...
Fusionando cambios del remoto en la rama actual...
Already up to date.
Realizando push forzado en la rama Minecraft_branch con archivos menores de 100 MB
remote: warning: See https://gh.io/lfs for more information.        
remote: warning: File servidor_minecraft/mods/alexscaves-2.0.0.jar is 71.31 MB; this is larger than GitHub's recommended maximum file size of 50.00 MB        
remote: warning: GH001: Large files detected. You may want to try Git Large File Storage - https://git-lfs.github.com.        
To https://github.com/jaime412/Minecraft_branch.git
 + 751570b...fa495ca Minecraft_branch -> Minecraft_branch (forced update)
Push forzado realizado con éxito en la rama Minecraft_branch.
[Minecraft_branch bb31dbc] Añadido excluded_files.txt con los archivos grandes excluidos
 1 file changed, 0 insertions(+), 0 deletions(-)
 create mode 100644 excluded_files.txt
remote: error: GH013: Repository rule violations found for refs/heads/Minecraft_branch.        
remote: 
remote: - GITHUB PUSH PROTECTION        
remote:   —————————————————————————————————————————        
remote:     Resolve the following violations before pushing again        
remote: 
remote:     - Push cannot contain secrets        
remote: 
remote:             
remote:      (?) Learn how to resolve a blocked push        
remote:      https://docs.github.com/code-security/secret-scanning/working-with-secret-scanning-and-push-protection/working-with-push-protection-from-the-command-line#resolving-a-blocked-push        
remote:             
remote:             
remote:       —— GitHub Personal Access Token ——————————————————————        
remote:        locations:        
remote:          - commit: 91f5e72f5c410257c1442e9900f4b5b9ed9b8c57        
remote:            path: output.log:5        
remote:          - commit: 91f5e72f5c410257c1442e9900f4b5b9ed9b8c57        
remote:            path: output.log:6        
remote:          - commit: 91f5e72f5c410257c1442e9900f4b5b9ed9b8c57        
remote:            path: output.log:682        
remote:          - commit: 91f5e72f5c410257c1442e9900f4b5b9ed9b8c57        
remote:            path: output.log:683        
remote:          - commit: 91f5e72f5c410257c1442e9900f4b5b9ed9b8c57        
remote:            path: output.log:1340        
remote:             
remote:        (?) To push, remove secret from commit(s) or follow this URL to allow the secret.        
remote:        https://github.com/jaime412/Minecraft_branch/security/secret-scanning/unblock-secret/2nrJ4qehUWlk9HwsUljjVkFw2xW        
remote:             
remote: 
remote: 
To https://github.com/jaime412/Minecraft_branch.git
 ! [remote rejected] Minecraft_branch -> Minecraft_branch (push declined due to repository rule violations)
error: failed to push some refs to 'https://github.com/jaime412/Minecraft_branch.git'
Esperando 10 minutos antes de la próxima ejecución...
Iniciando proceso de sincronización...
Nombre de la rama actual: Minecraft_branch
Obteniendo la URL del repositorio remoto
origin	https://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@github.com/jaime412/Minecraft_branch.git (fetch)
origin	https://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@github.com/jaime412/Minecraft_branch.git (push)
rm '.gitignore'
rm 'addons/Branchutil.addon'
rm 'addons/Utilidades.py'
rm 'addons/url-del-branch.json'
rm 'configuracion.json'
rm 'excluded_files.txt'
rm 'output.log'
rm 'playit.status'
rm 'playit.tunnels'
rm 'respaldos/world_respaldo.zip'
rm 'server (1).py'
rm 'servidor_minecraft/banned-ips.json'
rm 'servidor_minecraft/banned-players.json'
rm 'servidor_minecraft/config/Elenai-Dodge-2-Common.toml'
rm 'servidor_minecraft/config/Feathers-Common.toml'
rm 'servidor_minecraft/config/Obscuria/aquamirae-common.toml'
rm 'servidor_minecraft/config/Plushie_Buddies-Common.toml'
rm 'servidor_minecraft/config/ShieldExpansion-common.toml'
rm 'servidor_minecraft/config/alexscaves-general.toml'
rm 'servidor_minecraft/config/alexscaves_biome_generation/abyssal_chasm.json'
rm 'servidor_minecraft/config/alexscaves_biome_generation/candy_cavity.json'
rm 'servidor_minecraft/config/alexscaves_biome_generation/forlorn_hollows.json'
rm 'servidor_minecraft/config/alexscaves_biome_generation/magnetic_caves.json'
rm 'servidor_minecraft/config/alexscaves_biome_generation/primordial_caves.json'
rm 'servidor_minecraft/config/alexscaves_biome_generation/toxic_caves.json'
rm 'servidor_minecraft/config/alexsmobs.toml'
rm 'servidor_minecraft/config/alexsmobs/alligator_snapping_turtle_spawns.json'
rm 'servidor_minecraft/config/alexsmobs/anaconda_spawns.json'
rm 'servidor_minecraft/config/alexsmobs/anteater_spawns.json'
rm 'servidor_minecraft/config/alexsmobs/bald_eagle_spawns.json'
rm 'servidor_minecraft/config/alexsmobs/banana_slug_spawns.json'
rm 'servidor_minecraft/config/alexsmobs/bison_spawns.json'
rm 'servidor_minecraft/config/alexsmobs/blobfish_spawns.json'
rm 'servidor_minecraft/config/alexsmobs/blue_jay_spawns.json'
rm 'servidor_minecraft/config/alexsmobs/bone_serpent_spawns.json'
rm 'servidor_minecraft/config/alexsmobs/bunfungus_spawns.json'
rm 'servidor_minecraft/config/alexsmobs/cachalot_whale_beached_spawns.json'
rm 'servidor_minecraft/config/alexsmobs/cachalot_whale_spawns.json'
rm 'servidor_minecraft/config/alexsmobs/caiman_spawns.json'
rm 'servidor_minecraft/config/alexsmobs/capuchin_monkey_spawns.json'
rm 'servidor_minecraft/config/alexsmobs/catfish_spawns.json'
rm 'servidor_minecraft/config/alexsmobs/cave_centipede_spawns.json'
rm 'servidor_minecraft/config/alexsmobs/cockroach_spawns.json'
rm 'servidor_minecraft/config/alexsmobs/comb_jelly_spawns.json'
rm 'servidor_minecraft/config/alexsmobs/cosmaw_spawns.json'
rm 'servidor_minecraft/config/alexsmobs/cosmic_cod_spawns.json'
rm 'servidor_minecraft/config/alexsmobs/crimson_mosquito_spawns.json'
rm 'servidor_minecraft/config/alexsmobs/crocodile_spawns.json'
rm 'servidor_minecraft/config/alexsmobs/crow_spawns.json'
rm 'servidor_minecraft/config/alexsmobs/devils_hole_pupfish_spawns.json'
rm 'servidor_minecraft/config/alexsmobs/dropbear_spawns.json'
rm 'servidor_minecraft/config/alexsmobs/elephant_spawns.json'
rm 'servidor_minecraft/config/alexsmobs/emu_spawns.json'
rm 'servidor_minecraft/config/alexsmobs/endergrade_spawns.json'
rm 'servidor_minecraft/config/alexsmobs/enderiophage_spawns.json'
rm 'servidor_minecraft/config/alexsmobs/farseer.json'
rm 'servidor_minecraft/config/alexsmobs/flutter_spawns.json'
rm 'servidor_minecraft/config/alexsmobs/fly_spawns.json'
rm 'servidor_minecraft/config/alexsmobs/flying_fish_spawns.json'
rm 'servidor_minecraft/config/alexsmobs/frilled_shark_spawns.json'
rm 'servidor_minecraft/config/alexsmobs/froststalker_spawns.json'
rm 'servidor_minecraft/config/alexsmobs/gazelle_spawns.json'
rm 'servidor_minecraft/config/alexsmobs/gelada_monkey_spawns.json'
rm 'servidor_minecraft/config/alexsmobs/giant_squid_spawns.json'
rm 'servidor_minecraft/config/alexsmobs/gorilla_spawns.json'
rm 'servidor_minecraft/config/alexsmobs/grizzly_bear_spawns.json'
rm 'servidor_minecraft/config/alexsmobs/guster_spawns.json'
rm 'servidor_minecraft/config/alexsmobs/hammerhead_shark_spawns.json'
rm 'servidor_minecraft/config/alexsmobs/hummingbird_spawns.json'
rm 'servidor_minecraft/config/alexsmobs/jerboa_spawns.json'
rm 'servidor_minecraft/config/alexsmobs/kangaroo_spawns.json'
rm 'servidor_minecraft/config/alexsmobs/komodo_dragon_spawns.json'
rm 'servidor_minecraft/config/alexsmobs/laviathan_spawns.json'
rm 'servidor_minecraft/config/alexsmobs/leafcutter_anthill_spawns.json'
rm 'servidor_minecraft/config/alexsmobs/lobster_spawns.json'
rm 'servidor_minecraft/config/alexsmobs/maned_wolf_spawns.json'
rm 'servidor_minecraft/config/alexsmobs/mantis_shrimp_spawns.json'
rm 'servidor_minecraft/config/alexsmobs/mimic_octopus_spawns.json'
rm 'servidor_minecraft/config/alexsmobs/mimicube_spawns.json'
rm 'servidor_minecraft/config/alexsmobs/moose_spawns.json'
rm 'servidor_minecraft/config/alexsmobs/mudskipper_spawns.json'
rm 'servidor_minecraft/config/alexsmobs/mungus_spawns.json'
rm 'servidor_minecraft/config/alexsmobs/murmur.json'
rm 'servidor_minecraft/config/alexsmobs/orca_spawns.json'
rm 'servidor_minecraft/config/alexsmobs/platypus_spawns.json'
rm 'servidor_minecraft/config/alexsmobs/potoo_spawns.json'
rm 'servidor_minecraft/config/alexsmobs/raccoon_spawns.json'
rm 'servidor_minecraft/config/alexsmobs/rain_frog_spawns.json'
rm 'servidor_minecraft/config/alexsmobs/rattlesnake_spawns.json'
rm 'servidor_minecraft/config/alexsmobs/rhinoceros_spawns.json'
rm 'servidor_minecraft/config/alexsmobs/roadrunner_spawns.json'
rm 'servidor_minecraft/config/alexsmobs/rocky_roller_spawns.json'
rm 'servidor_minecraft/config/alexsmobs/seagull_spawns.json'
rm 'servidor_minecraft/config/alexsmobs/seal_spawns.json'
rm 'servidor_minecraft/config/alexsmobs/shoebill_spawns.json'
rm 'servidor_minecraft/config/alexsmobs/skelewag_spawns.json'
rm 'servidor_minecraft/config/alexsmobs/skreecher.json'
rm 'servidor_minecraft/config/alexsmobs/skunk_spawns.json'
rm 'servidor_minecraft/config/alexsmobs/snow_leopard_spawns.json'
rm 'servidor_minecraft/config/alexsmobs/soul_vulture_spawns.json'
rm 'servidor_minecraft/config/alexsmobs/spectre_spawns.json'
rm 'servidor_minecraft/config/alexsmobs/straddler_spawns.json'
rm 'servidor_minecraft/config/alexsmobs/stradpole_spawns.json'
rm 'servidor_minecraft/config/alexsmobs/sugar_glider_spawns.json'
rm 'servidor_minecraft/config/alexsmobs/sunbird_spawns.json'
rm 'servidor_minecraft/config/alexsmobs/tarantula_hawk_spawns.json'
rm 'servidor_minecraft/config/alexsmobs/tasmanian_devil_spawns.json'
rm 'servidor_minecraft/config/alexsmobs/terrapin_spawns.json'
rm 'servidor_minecraft/config/alexsmobs/tiger_spawns.json'
rm 'servidor_minecraft/config/alexsmobs/toucan_spawns.json'
rm 'servidor_minecraft/config/alexsmobs/triops_spawns.json'
rm 'servidor_minecraft/config/alexsmobs/tusklin_spawns.json'
rm 'servidor_minecraft/config/alexsmobs/underminer.json'
rm 'servidor_minecraft/config/alexsmobs/void_worm_spawns.json'
rm 'servidor_minecraft/config/alexsmobs/warped_mosco_spawns.json'
rm 'servidor_minecraft/config/alexsmobs/warped_toad_spawns.json'
rm 'servidor_minecraft/config/aoa3/integrations_config.toml'
rm 'servidor_minecraft/config/apotheosis/adventure.cfg'
rm 'servidor_minecraft/config/apotheosis/apotheosis.cfg'
rm 'servidor_minecraft/config/apotheosis/ench.cfg'
rm 'servidor_minecraft/config/apotheosis/enchantments.cfg'
rm 'servidor_minecraft/config/apotheosis/garden.cfg'
rm 'servidor_minecraft/config/apotheosis/names.cfg'
rm 'servidor_minecraft/config/apotheosis/potion.cfg'
rm 'servidor_minecraft/config/apotheosis/spawner.cfg'
rm 'servidor_minecraft/config/apotheosis/village.cfg'
rm 'servidor_minecraft/config/attributeslib.cfg'
rm 'servidor_minecraft/config/balm-common.toml'
rm 'servidor_minecraft/config/bettercombat/fallback_compatibility.json'
rm 'servidor_minecraft/config/bettercombat/server.json5'
rm 'servidor_minecraft/config/carryon-common.toml'
rm 'servidor_minecraft/config/cataclysm.toml'
rm 'servidor_minecraft/config/cataclysm/amethyst_crab_spawns.json'
rm 'servidor_minecraft/config/cataclysm/coral_golem_spawns.json'
rm 'servidor_minecraft/config/cataclysm/deepling_angler_spawns.json'
rm 'servidor_minecraft/config/cataclysm/deepling_brute_spawns.json'
rm 'servidor_minecraft/config/cataclysm/deepling_priest_spawns.json'
rm 'servidor_minecraft/config/cataclysm/deepling_spawns.json'
rm 'servidor_minecraft/config/cataclysm/deepling_warlock_spawns.json'
rm 'servidor_minecraft/config/cataclysm/koboleton_spawns.json'
rm 'servidor_minecraft/config/citadel-common.toml'
rm 'servidor_minecraft/config/combatroll/enchantments.json'
rm 'servidor_minecraft/config/combatroll/server.json5'
rm 'servidor_minecraft/config/curios-common.toml'
rm 'servidor_minecraft/config/embeddium-mixins.properties'
rm 'servidor_minecraft/config/embeddium-options.json'
rm 'servidor_minecraft/config/epicknights/armor.json5'
rm 'servidor_minecraft/config/epicknights/general.json5'
rm 'servidor_minecraft/config/epicknights/mobs_equipment.json5'
rm 'servidor_minecraft/config/epicknights/shields.json5'
rm 'servidor_minecraft/config/epicknights/weapons.json5'
rm 'servidor_minecraft/config/ferritecore-mixin.toml'
rm 'servidor_minecraft/config/fml.toml'
rm 'servidor_minecraft/config/iceandfire-common.toml'
rm 'servidor_minecraft/config/iceandfire/amphithere_biomes.json'
rm 'servidor_minecraft/config/iceandfire/cockatrice_biomes.json'
rm 'servidor_minecraft/config/iceandfire/cyclops_cave_biomes.json'
rm 'servidor_minecraft/config/iceandfire/deathworm_biomes.json'
rm 'servidor_minecraft/config/iceandfire/desert_myrmex_biomes.json'
rm 'servidor_minecraft/config/iceandfire/fire_dragon_biomes.json'
rm 'servidor_minecraft/config/iceandfire/fire_dragon_cave_biomes.json'
rm 'servidor_minecraft/config/iceandfire/fire_dragon_skeleton_biomes.json'
rm 'servidor_minecraft/config/iceandfire/fire_lily_biomes.json'
rm 'servidor_minecraft/config/iceandfire/forest_troll_biomes.json'
rm 'servidor_minecraft/config/iceandfire/frost_lily_biomes.json'
rm 'servidor_minecraft/config/iceandfire/gorgon_temple_biomes.json'
rm 'servidor_minecraft/config/iceandfire/graveyard_biomes.json'
rm 'servidor_minecraft/config/iceandfire/hippocampus_biomes.json'
rm 'servidor_minecraft/config/iceandfire/hippogryph_biomes.json'
rm 'servidor_minecraft/config/iceandfire/hippogryph_black_biomes.json'
rm 'servidor_minecraft/config/iceandfire/hippogryph_brown_biomes.json'
rm 'servidor_minecraft/config/iceandfire/hippogryph_chestnut_biomes.json'
rm 'servidor_minecraft/config/iceandfire/hippogryph_creamy_biomes.json'
rm 'servidor_minecraft/config/iceandfire/hippogryph_dark_brown_biomes.json'
rm 'servidor_minecraft/config/iceandfire/hippogryph_gray_biomes.json'
rm 'servidor_minecraft/config/iceandfire/hippogryph_white_biomes.json'
rm 'servidor_minecraft/config/iceandfire/hydra_cave_biomes.json'
rm 'servidor_minecraft/config/iceandfire/ice_dragon_biomes.json'
rm 'servidor_minecraft/config/iceandfire/ice_dragon_cave_biomes.json'
rm 'servidor_minecraft/config/iceandfire/ice_dragon_skeleton_biomes.json'
rm 'servidor_minecraft/config/iceandfire/jungle_myrmex_biomes.json'
rm 'servidor_minecraft/config/iceandfire/lightning_dragon_biomes.json'
rm 'servidor_minecraft/config/iceandfire/lightning_dragon_cave_biomes.json'
rm 'servidor_minecraft/config/iceandfire/lightning_dragon_skeleton_biomes.json'
rm 'servidor_minecraft/config/iceandfire/lightning_lily_biomes.json'
rm 'servidor_minecraft/config/iceandfire/mausoleum_biomes.json'
rm 'servidor_minecraft/config/iceandfire/mountain_troll_biomes.json'
rm 'servidor_minecraft/config/iceandfire/ore_gen_biomes.json'
rm 'servidor_minecraft/config/iceandfire/pixie_village_biomes.json'
rm 'servidor_minecraft/config/iceandfire/sapphire_gen_biomes.json'
rm 'servidor_minecraft/config/iceandfire/sea_serpent_biomes.json'
rm 'servidor_minecraft/config/iceandfire/siren_biomes.json'
rm 'servidor_minecraft/config/iceandfire/snowy_troll_biomes.json'
rm 'servidor_minecraft/config/iceandfire/stymphalian_bird_biomes.json'
rm 'servidor_minecraft/config/iceandfire/wandering_cyclops_biomes.json'
rm 'servidor_minecraft/config/immediatelyfast.json'
rm 'servidor_minecraft/config/inventorypets-common.toml'
rm 'servidor_minecraft/config/jade/server-plugin-overrides.json'
rm 'servidor_minecraft/config/jade/sort-order.json'
rm 'servidor_minecraft/config/jeresources-common.toml'
rm 'servidor_minecraft/config/jeresources.toml'
rm 'servidor_minecraft/config/just_leveling-common.toml'
rm 'servidor_minecraft/config/lithium.properties'
rm 'servidor_minecraft/config/majruszlibrary.json'
rm 'servidor_minecraft/config/majruszsdifficulty.json'
rm 'servidor_minecraft/config/majruszsenchantments.json'
rm 'servidor_minecraft/config/mca.json'
rm 'servidor_minecraft/config/mysticsbiomes-common.toml'
rm 'servidor_minecraft/config/playerrevive.json'
rm 'servidor_minecraft/config/sodium-extra.properties'
rm 'servidor_minecraft/config/spawnermod.json'
rm 'servidor_minecraft/config/structure_gel-common.toml'
rm 'servidor_minecraft/config/tact-common.toml'
rm 'servidor_minecraft/config/terrablender.toml'
rm 'servidor_minecraft/config/tetra.toml'
rm 'servidor_minecraft/config/theoneprobe-common.toml'
rm 'servidor_minecraft/config/tombstone-common.toml'
rm 'servidor_minecraft/config/tombstone-server.toml'
rm 'servidor_minecraft/config/trashslot-common.toml'
rm 'servidor_minecraft/config/travelersbackpack-common.toml'
rm 'servidor_minecraft/config/yacl.json5'
rm 'servidor_minecraft/configuracion.json'
rm 'servidor_minecraft/crash-reports/crash-2024-08-01_03.17.33-server.txt'
rm 'servidor_minecraft/crash-reports/crash-2024-08-01_03.24.36-server.txt'
rm 'servidor_minecraft/crash-reports/crash-2024-08-01_03.33.05-server.txt'
rm 'servidor_minecraft/eula.txt'
rm 'servidor_minecraft/forge.jar'
rm 'servidor_minecraft/forge.jar.log'
rm 'servidor_minecraft/journeymap/server/5.10/journeymap.server.aoa3~barathos.config'
rm 'servidor_minecraft/journeymap/server/5.10/journeymap.server.aoa3~deeplands.config'
rm 'servidor_minecraft/journeymap/server/5.10/journeymap.server.aoa3~lborean.config'
rm 'servidor_minecraft/journeymap/server/5.10/journeymap.server.aoa3~lelyetia.config'
rm 'servidor_minecraft/journeymap/server/5.10/journeymap.server.aoa3~nowhere.config'
rm 'servidor_minecraft/journeymap/server/5.10/journeymap.server.aoa3~precasia.config'
rm 'servidor_minecraft/journeymap/server/5.10/journeymap.server.aoa3~precasia_backup.config'
rm 'servidor_minecraft/journeymap/server/5.10/journeymap.server.deeperdarker~otherside.config'
rm 'servidor_minecraft/journeymap/server/5.10/journeymap.server.default.config'
rm 'servidor_minecraft/journeymap/server/5.10/journeymap.server.global.config'
rm 'servidor_minecraft/journeymap/server/5.10/journeymap.server.minecraft~overworld.config'
rm 'servidor_minecraft/journeymap/server/5.10/journeymap.server.minecraft~the_end.config'
rm 'servidor_minecraft/journeymap/server/5.10/journeymap.server.minecraft~the_nether.config'
rm 'servidor_minecraft/journeymap/server/5.10/journeymap.server.world~madnessdimension.config'
rm 'servidor_minecraft/journeymap/server/5.10/journeymap.server.world~worldtest_1.config'
rm 'servidor_minecraft/libraries/com/electronwill/night-config/core/3.6.4/core-3.6.4.jar'
rm 'servidor_minecraft/libraries/com/electronwill/night-config/toml/3.6.4/toml-3.6.4.jar'
rm 'servidor_minecraft/libraries/com/github/jponge/lzma-java/1.3/lzma-java-1.3.jar'
rm 'servidor_minecraft/libraries/com/github/oshi/oshi-core/6.2.2/oshi-core-6.2.2.jar'
rm 'servidor_minecraft/libraries/com/google/code/findbugs/jsr305/3.0.2/jsr305-3.0.2.jar'
rm 'servidor_minecraft/libraries/com/google/code/gson/gson/2.10/gson-2.10.jar'
rm 'servidor_minecraft/libraries/com/google/code/gson/gson/2.8.7/gson-2.8.7.jar'
rm 'servidor_minecraft/libraries/com/google/errorprone/error_prone_annotations/2.1.3/error_prone_annotations-2.1.3.jar'
rm 'servidor_minecraft/libraries/com/google/guava/failureaccess/1.0.1/failureaccess-1.0.1.jar'
rm 'servidor_minecraft/libraries/com/google/guava/guava/20.0/guava-20.0.jar'
rm 'servidor_minecraft/libraries/com/google/guava/guava/25.1-jre/guava-25.1-jre.jar'
rm 'servidor_minecraft/libraries/com/google/guava/guava/31.1-jre/guava-31.1-jre.jar'
rm 'servidor_minecraft/libraries/com/google/j2objc/j2objc-annotations/1.1/j2objc-annotations-1.1.jar'
rm 'servidor_minecraft/libraries/com/mojang/authlib/4.0.43/authlib-4.0.43.jar'
rm 'servidor_minecraft/libraries/com/mojang/brigadier/1.1.8/brigadier-1.1.8.jar'
rm 'servidor_minecraft/libraries/com/mojang/datafixerupper/6.0.8/datafixerupper-6.0.8.jar'
rm 'servidor_minecraft/libraries/com/mojang/logging/1.1.1/logging-1.1.1.jar'
rm 'servidor_minecraft/libraries/com/nothome/javaxdelta/2.0.1/javaxdelta-2.0.1.jar'
rm 'servidor_minecraft/libraries/com/opencsv/opencsv/4.4/opencsv-4.4.jar'
rm 'servidor_minecraft/libraries/commons-beanutils/commons-beanutils/1.9.3/commons-beanutils-1.9.3.jar'
rm 'servidor_minecraft/libraries/commons-collections/commons-collections/3.2.2/commons-collections-3.2.2.jar'
rm 'servidor_minecraft/libraries/commons-io/commons-io/2.11.0/commons-io-2.11.0.jar'
rm 'servidor_minecraft/libraries/commons-io/commons-io/2.4/commons-io-2.4.jar'
rm 'servidor_minecraft/libraries/commons-logging/commons-logging/1.2/commons-logging-1.2.jar'
rm 'servidor_minecraft/libraries/cpw/mods/bootstraplauncher/1.1.2/bootstraplauncher-1.1.2.jar'
rm 'servidor_minecraft/libraries/cpw/mods/modlauncher/10.0.9/modlauncher-10.0.9.jar'
rm 'servidor_minecraft/libraries/cpw/mods/securejarhandler/2.1.10/securejarhandler-2.1.10.jar'
rm 'servidor_minecraft/libraries/de/oceanlabs/mcp/mcp_config/1.20.1-20230612.114412/mcp_config-1.20.1-20230612.114412-mappings-merged.txt'
rm 'servidor_minecraft/libraries/de/oceanlabs/mcp/mcp_config/1.20.1-20230612.114412/mcp_config-1.20.1-20230612.114412-mappings.txt'
rm 'servidor_minecraft/libraries/de/oceanlabs/mcp/mcp_config/1.20.1-20230612.114412/mcp_config-1.20.1-20230612.114412.zip'
rm 'servidor_minecraft/libraries/de/siegmar/fastcsv/2.0.0/fastcsv-2.0.0.jar'
rm 'servidor_minecraft/libraries/io/netty/netty-buffer/4.1.82.Final/netty-buffer-4.1.82.Final.jar'
rm 'servidor_minecraft/libraries/io/netty/netty-codec/4.1.82.Final/netty-codec-4.1.82.Final.jar'
rm 'servidor_minecraft/libraries/io/netty/netty-common/4.1.82.Final/netty-common-4.1.82.Final.jar'
rm 'servidor_minecraft/libraries/io/netty/netty-handler/4.1.82.Final/netty-handler-4.1.82.Final.jar'
rm 'servidor_minecraft/libraries/io/netty/netty-resolver/4.1.82.Final/netty-resolver-4.1.82.Final.jar'
rm 'servidor_minecraft/libraries/io/netty/netty-transport-classes-epoll/4.1.82.Final/netty-transport-classes-epoll-4.1.82.Final.jar'
rm 'servidor_minecraft/libraries/io/netty/netty-transport-native-epoll/4.1.82.Final/netty-transport-native-epoll-4.1.82.Final-linux-aarch_64.jar'
rm 'servidor_minecraft/libraries/io/netty/netty-transport-native-epoll/4.1.82.Final/netty-transport-native-epoll-4.1.82.Final-linux-x86_64.jar'
rm 'servidor_minecraft/libraries/io/netty/netty-transport-native-unix-common/4.1.82.Final/netty-transport-native-unix-common-4.1.82.Final.jar'
rm 'servidor_minecraft/libraries/io/netty/netty-transport/4.1.82.Final/netty-transport-4.1.82.Final.jar'
rm 'servidor_minecraft/libraries/it/unimi/dsi/fastutil/8.5.9/fastutil-8.5.9.jar'
rm 'servidor_minecraft/libraries/net/java/dev/jna/jna-platform/5.12.1/jna-platform-5.12.1.jar'
rm 'servidor_minecraft/libraries/net/java/dev/jna/jna/5.12.1/jna-5.12.1.jar'
rm 'servidor_minecraft/libraries/net/jodah/typetools/0.6.3/typetools-0.6.3.jar'
rm 'servidor_minecraft/libraries/net/md-5/SpecialSource/1.11.0/SpecialSource-1.11.0.jar'
rm 'servidor_minecraft/libraries/net/minecraft/server/1.20.1-20230612.114412/server-1.20.1-20230612.114412-extra.jar'
rm 'servidor_minecraft/libraries/net/minecraft/server/1.20.1-20230612.114412/server-1.20.1-20230612.114412-extra.jar.cache'
rm 'servidor_minecraft/libraries/net/minecraft/server/1.20.1-20230612.114412/server-1.20.1-20230612.114412-mappings.txt'
rm 'servidor_minecraft/libraries/net/minecraft/server/1.20.1-20230612.114412/server-1.20.1-20230612.114412-slim.jar'
rm 'servidor_minecraft/libraries/net/minecraft/server/1.20.1-20230612.114412/server-1.20.1-20230612.114412-slim.jar.cache'
rm 'servidor_minecraft/libraries/net/minecraft/server/1.20.1-20230612.114412/server-1.20.1-20230612.114412-srg.jar'
rm 'servidor_minecraft/libraries/net/minecraft/server/1.20.1-20230612.114412/server-1.20.1-20230612.114412-unpacked.jar'
rm 'servidor_minecraft/libraries/net/minecraft/server/1.20.1/server-1.20.1.jar'
rm 'servidor_minecraft/libraries/net/minecraftforge/ForgeAutoRenamingTool/0.1.22/ForgeAutoRenamingTool-0.1.22-all.jar'
rm 'servidor_minecraft/libraries/net/minecraftforge/JarJarFileSystems/0.3.19/JarJarFileSystems-0.3.19.jar'
rm 'servidor_minecraft/libraries/net/minecraftforge/JarJarMetadata/0.3.19/JarJarMetadata-0.3.19.jar'
rm 'servidor_minecraft/libraries/net/minecraftforge/JarJarSelector/0.3.19/JarJarSelector-0.3.19.jar'
rm 'servidor_minecraft/libraries/net/minecraftforge/accesstransformers/8.0.4/accesstransformers-8.0.4.jar'
rm 'servidor_minecraft/libraries/net/minecraftforge/binarypatcher/1.1.1/binarypatcher-1.1.1.jar'
rm 'servidor_minecraft/libraries/net/minecraftforge/coremods/5.0.1/coremods-5.0.1.jar'
rm 'servidor_minecraft/libraries/net/minecraftforge/eventbus/6.0.5/eventbus-6.0.5.jar'
rm 'servidor_minecraft/libraries/net/minecraftforge/fmlcore/1.20.1-47.2.0/fmlcore-1.20.1-47.2.0.jar'
rm 'servidor_minecraft/libraries/net/minecraftforge/fmlearlydisplay/1.20.1-47.2.0/fmlearlydisplay-1.20.1-47.2.0.jar'
rm 'servidor_minecraft/libraries/net/minecraftforge/fmlloader/1.20.1-47.2.0/fmlloader-1.20.1-47.2.0.jar'
rm 'servidor_minecraft/libraries/net/minecraftforge/forge/1.20.1-47.2.0/forge-1.20.1-47.2.0-server.jar'
rm 'servidor_minecraft/libraries/net/minecraftforge/forge/1.20.1-47.2.0/forge-1.20.1-47.2.0-universal.jar'
rm 'servidor_minecraft/libraries/net/minecraftforge/forge/1.20.1-47.2.0/unix_args.txt'
rm 'servidor_minecraft/libraries/net/minecraftforge/forge/1.20.1-47.2.0/win_args.txt'
rm 'servidor_minecraft/libraries/net/minecraftforge/forgespi/7.0.1/forgespi-7.0.1.jar'
rm 'servidor_minecraft/libraries/net/minecraftforge/installertools/1.3.0/installertools-1.3.0.jar'
rm 'servidor_minecraft/libraries/net/minecraftforge/jarsplitter/1.1.4/jarsplitter-1.1.4.jar'
rm 'servidor_minecraft/libraries/net/minecraftforge/javafmllanguage/1.20.1-47.2.0/javafmllanguage-1.20.1-47.2.0.jar'
rm 'servidor_minecraft/libraries/net/minecraftforge/lowcodelanguage/1.20.1-47.2.0/lowcodelanguage-1.20.1-47.2.0.jar'
rm 'servidor_minecraft/libraries/net/minecraftforge/mclanguage/1.20.1-47.2.0/mclanguage-1.20.1-47.2.0.jar'
rm 'servidor_minecraft/libraries/net/minecraftforge/mergetool/1.1.5/mergetool-1.1.5-api.jar'
rm 'servidor_minecraft/libraries/net/minecraftforge/srgutils/0.4.11/srgutils-0.4.11.jar'
rm 'servidor_minecraft/libraries/net/minecraftforge/srgutils/0.4.3/srgutils-0.4.3.jar'
rm 'servidor_minecraft/libraries/net/minecraftforge/srgutils/0.4.9/srgutils-0.4.9.jar'
rm 'servidor_minecraft/libraries/net/minecraftforge/unsafe/0.2.0/unsafe-0.2.0.jar'
rm 'servidor_minecraft/libraries/net/minecrell/terminalconsoleappender/1.2.0/terminalconsoleappender-1.2.0.jar'
rm 'servidor_minecraft/libraries/net/sf/jopt-simple/jopt-simple/5.0.4/jopt-simple-5.0.4.jar'
rm 'servidor_minecraft/libraries/net/sf/jopt-simple/jopt-simple/6.0-alpha-3/jopt-simple-6.0-alpha-3.jar'
rm 'servidor_minecraft/libraries/org/antlr/antlr4-runtime/4.9.1/antlr4-runtime-4.9.1.jar'
rm 'servidor_minecraft/libraries/org/apache/commons/commons-collections4/4.2/commons-collections4-4.2.jar'
rm 'servidor_minecraft/libraries/org/apache/commons/commons-lang3/3.12.0/commons-lang3-3.12.0.jar'
rm 'servidor_minecraft/libraries/org/apache/commons/commons-lang3/3.8.1/commons-lang3-3.8.1.jar'
rm 'servidor_minecraft/libraries/org/apache/commons/commons-text/1.3/commons-text-1.3.jar'
rm 'servidor_minecraft/libraries/org/apache/logging/log4j/log4j-api/2.19.0/log4j-api-2.19.0.jar'
rm 'servidor_minecraft/libraries/org/apache/logging/log4j/log4j-core/2.19.0/log4j-core-2.19.0.jar'
rm 'servidor_minecraft/libraries/org/apache/logging/log4j/log4j-slf4j2-impl/2.19.0/log4j-slf4j2-impl-2.19.0.jar'
rm 'servidor_minecraft/libraries/org/apache/maven/maven-artifact/3.8.5/maven-artifact-3.8.5.jar'
rm 'servidor_minecraft/libraries/org/checkerframework/checker-qual/2.0.0/checker-qual-2.0.0.jar'
rm 'servidor_minecraft/libraries/org/codehaus/mojo/animal-sniffer-annotations/1.14/animal-sniffer-annotations-1.14.jar'
rm 'servidor_minecraft/libraries/org/jline/jline-reader/3.12.1/jline-reader-3.12.1.jar'
rm 'servidor_minecraft/libraries/org/jline/jline-terminal/3.12.1/jline-terminal-3.12.1.jar'
rm 'servidor_minecraft/libraries/org/joml/joml/1.10.5/joml-1.10.5.jar'
rm 'servidor_minecraft/libraries/org/openjdk/nashorn/nashorn-core/15.3/nashorn-core-15.3.jar'
rm 'servidor_minecraft/libraries/org/ow2/asm/asm-analysis/9.2/asm-analysis-9.2.jar'
rm 'servidor_minecraft/libraries/org/ow2/asm/asm-analysis/9.3/asm-analysis-9.3.jar'
rm 'servidor_minecraft/libraries/org/ow2/asm/asm-analysis/9.5/asm-analysis-9.5.jar'
rm 'servidor_minecraft/libraries/org/ow2/asm/asm-commons/9.2/asm-commons-9.2.jar'
rm 'servidor_minecraft/libraries/org/ow2/asm/asm-commons/9.3/asm-commons-9.3.jar'
rm 'servidor_minecraft/libraries/org/ow2/asm/asm-commons/9.5/asm-commons-9.5.jar'
rm 'servidor_minecraft/libraries/org/ow2/asm/asm-tree/9.2/asm-tree-9.2.jar'
rm 'servidor_minecraft/libraries/org/ow2/asm/asm-tree/9.3/asm-tree-9.3.jar'
rm 'servidor_minecraft/libraries/org/ow2/asm/asm-tree/9.5/asm-tree-9.5.jar'
rm 'servidor_minecraft/libraries/org/ow2/asm/asm-util/9.5/asm-util-9.5.jar'
rm 'servidor_minecraft/libraries/org/ow2/asm/asm/9.2/asm-9.2.jar'
rm 'servidor_minecraft/libraries/org/ow2/asm/asm/9.3/asm-9.3.jar'
rm 'servidor_minecraft/libraries/org/ow2/asm/asm/9.5/asm-9.5.jar'
rm 'servidor_minecraft/libraries/org/slf4j/slf4j-api/2.0.1/slf4j-api-2.0.1.jar'
rm 'servidor_minecraft/libraries/org/spongepowered/mixin/0.8.5/mixin-0.8.5.jar'
rm 'servidor_minecraft/libraries/trove/trove/1.0.2/trove-1.0.2.jar'
rm 'servidor_minecraft/logs/2024-07-22-10.log.gz'
rm 'servidor_minecraft/logs/2024-07-22-11.log.gz'
rm 'servidor_minecraft/logs/2024-07-22-12.log.gz'
rm 'servidor_minecraft/logs/2024-07-22-2.log.gz'
rm 'servidor_minecraft/logs/2024-07-22-3.log.gz'
rm 'servidor_minecraft/logs/2024-07-22-4.log.gz'
rm 'servidor_minecraft/logs/2024-07-22-5.log.gz'
rm 'servidor_minecraft/logs/2024-07-22-6.log.gz'
rm 'servidor_minecraft/logs/2024-07-22-7.log.gz'
rm 'servidor_minecraft/logs/2024-07-22-8.log.gz'
rm 'servidor_minecraft/logs/2024-07-22-9.log.gz'
rm 'servidor_minecraft/logs/2024-07-24-2.log.gz'
rm 'servidor_minecraft/logs/2024-07-24-3.log.gz'
rm 'servidor_minecraft/logs/2024-07-25-2.log.gz'
rm 'servidor_minecraft/logs/2024-07-25-3.log.gz'
rm 'servidor_minecraft/logs/2024-08-01-2.log.gz'
rm 'servidor_minecraft/logs/2024-08-01-3.log.gz'
rm 'servidor_minecraft/logs/2024-08-01-4.log.gz'
rm 'servidor_minecraft/logs/2024-08-01-5.log.gz'
rm 'servidor_minecraft/logs/2024-09-28-2.log.gz'
rm 'servidor_minecraft/logs/2024-10-21-1.log.gz'
rm 'servidor_minecraft/logs/2024-10-21-2.log.gz'
rm 'servidor_minecraft/logs/2024-10-21-3.log.gz'
rm 'servidor_minecraft/logs/2024-10-21-4.log.gz'
rm 'servidor_minecraft/logs/2024-10-21-5.log.gz'
rm 'servidor_minecraft/logs/2024-10-21-6.log.gz'
rm 'servidor_minecraft/logs/2024-10-21-7.log.gz'
rm 'servidor_minecraft/logs/2024-10-21-8.log.gz'
rm 'servidor_minecraft/logs/2024-10-22-2.log.gz'
rm 'servidor_minecraft/logs/2024-10-22-3.log.gz'
rm 'servidor_minecraft/logs/2024-10-22-4.log.gz'
rm 'servidor_minecraft/logs/debug-1.log.gz'
rm 'servidor_minecraft/logs/debug-2.log.gz'
rm 'servidor_minecraft/logs/debug-3.log.gz'
rm 'servidor_minecraft/logs/debug-4.log.gz'
rm 'servidor_minecraft/logs/debug-5.log.gz'
rm 'servidor_minecraft/logs/debug.log'
rm 'servidor_minecraft/logs/latest.log'
rm 'servidor_minecraft/modgest_config.json'
rm 'servidor_minecraft/modgest_debian_x64'
rm 'servidor_minecraft/mods/Apotheosis-1.20.1-7.4.0.jar'
rm 'servidor_minecraft/mods/ApothicAttributes-1.20.1-1.3.5.jar'
rm 'servidor_minecraft/mods/Bookshelf-Forge-1.20.1-20.2.13.jar'
rm 'servidor_minecraft/mods/ConfigurableCane-1.20-2.5.2.jar'
rm 'servidor_minecraft/mods/CreativeCore_FORGE_v2.11.31_mc1.20.1.jar'
rm 'servidor_minecraft/mods/DungeonsArise-1.20.x-2.1.58-release.jar'
rm 'servidor_minecraft/mods/EnchantmentDescriptions-Forge-1.20.1-17.0.16.jar'
rm 'servidor_minecraft/mods/ImmediatelyFast-Forge-1.2.8+1.20.4.jar'
rm 'servidor_minecraft/mods/Incendium_1.20.x_v5.3.5.jar'
rm 'servidor_minecraft/mods/Jade-1.20.1-forge-11.9.4.jar'
rm 'servidor_minecraft/mods/JustEnoughResources-1.20.1-1.4.0.247.jar'
rm 'servidor_minecraft/mods/KOTM-CaliganBetaUpdate.jar'
rm 'servidor_minecraft/mods/L_Enders_Cataclysm-1.99.6-1.20.1.jar'
rm 'servidor_minecraft/mods/MaxHealthFix-Forge-1.20.1-12.0.3.jar'
rm 'servidor_minecraft/mods/Patchouli-1.20.1-84-FORGE.jar'
rm 'servidor_minecraft/mods/Placebo-1.20.1-8.6.2.jar'
rm 'servidor_minecraft/mods/PlayerRevive_FORGE_v2.0.25_mc1.20.1.jar'
rm 'servidor_minecraft/mods/Structory_1.20.x_v1.3.5.jar'
rm 'servidor_minecraft/mods/TaxCastlePillager+M.1.20.1+ForM.1.0.1.jar'
rm 'servidor_minecraft/mods/TerraBlender-forge-1.20.1-3.0.1.7.jar'
rm 'servidor_minecraft/mods/YetAnotherConfigLib-3.5.0+1.20.1-forge.jar'
rm 'servidor_minecraft/mods/alexscaves-2.0.0.jar'
rm 'servidor_minecraft/mods/alexsmobs-1.22.8.jar'
rm 'servidor_minecraft/mods/aquamirae-6.API15.jar'
rm 'servidor_minecraft/mods/architectury-9.2.14-forge.jar'
rm 'servidor_minecraft/mods/balm-forge-1.20.1-7.3.6-all.jar'
rm 'servidor_minecraft/mods/born_in_chaos_[Forge]1.20.1_1.3.1.jar'
rm 'servidor_minecraft/mods/carryon-forge-1.20.1-2.1.2.7.jar'
rm 'servidor_minecraft/mods/citadel-2.6.0-1.20.1.jar'
rm 'servidor_minecraft/mods/cloth-config-11.1.118-forge.jar'
rm 'servidor_minecraft/mods/combatroll-forge-1.3.2+1.20.1.jar'
rm 'servidor_minecraft/mods/curios-forge-5.9.1+1.20.1.jar'
rm 'servidor_minecraft/mods/deeperdarker-forge-1.20.1-1.2.1.jar'
rm 'servidor_minecraft/mods/elenaidodge2-1.1.jar'
rm 'servidor_minecraft/mods/embeddium-0.3.24+mc1.20.1.jar'
rm 'servidor_minecraft/mods/feathers-1.1.jar'
rm 'servidor_minecraft/mods/ferritecore-6.0.1-forge.jar'
rm 'servidor_minecraft/mods/geckolib-forge-1.20.1-4.4.7.jar'
rm 'servidor_minecraft/mods/iceandfire-2.1.13-1.20.1-beta-5.jar'
rm 'servidor_minecraft/mods/inventorypets-1.20.1-2.1.2.jar'
rm 'servidor_minecraft/mods/jei-1.20.1-forge-15.3.0.8.jar'
rm 'servidor_minecraft/mods/journeymap-1.20.1-5.10.0-forge.jar'
rm 'servidor_minecraft/mods/justleveling-forge-1.20.x-v1.7.jar'
rm 'servidor_minecraft/mods/lionfishapi-1.9.jar'
rm 'servidor_minecraft/mods/loot_journal-3.1.1.jar'
rm 'servidor_minecraft/mods/majrusz-library-forge-1.20.1-7.0.8.jar'
rm 'servidor_minecraft/mods/majruszs-difficulty-forge-1.20.1-1.9.10.jar'
rm 'servidor_minecraft/mods/majruszs-enchantments-forge-1.20.1-1.10.8.jar'
rm 'servidor_minecraft/mods/mokels_witch_boss-1.0-forge-1.20.1.jar'
rm 'servidor_minecraft/mods/mutil-1.20.1-6.1.1.jar'
rm 'servidor_minecraft/mods/obscure_api-15.jar'
rm 'servidor_minecraft/mods/player-animation-lib-forge-1.0.2-rc1+1.20.jar'
rm 'servidor_minecraft/mods/plushie_buddies-0.1.1-1.20.1.jar'
rm 'servidor_minecraft/mods/polytone-1.20-2.3.3.jar'
rm 'servidor_minecraft/mods/radium-mc1.20.1-0.12.2+git.5f80f74.jar'
rm 'servidor_minecraft/mods/realmrpg_fallen_adventurers_1.0.3_forge_1.20.1.jar'
rm 'servidor_minecraft/mods/realmrpg_imps_and_demons_0.9.0_forge_1.20.1.jar'
rm 'servidor_minecraft/mods/rrls-4.0.6.1+mc1.20.1-forge.jar'
rm 'servidor_minecraft/mods/rubidium-extra-0.5.4.3+mc1.20.1-build.121.jar'
rm 'servidor_minecraft/mods/spawnermod-1.20.1-1.9.3+Forge.jar'
rm 'servidor_minecraft/mods/structure_gel-1.20.1-2.16.2.jar'
rm 'servidor_minecraft/mods/tact-1.2.0+1.20.1.jar'
rm 'servidor_minecraft/mods/tctcore-1.4-forge-1.20.1.jar'
rm 'servidor_minecraft/mods/tetra-1.20.1-6.4.0.jar'
rm 'servidor_minecraft/mods/the-conjurer-1.20.1-1.1.6.jar'
rm 'servidor_minecraft/mods/theoneprobe-1.20.1-10.0.2.jar'
rm 'servidor_minecraft/mods/tombstone-1.20.1-8.6.7.jar'
rm 'servidor_minecraft/mods/trashslot-forge-1.20-15.1.0.jar'
rm 'servidor_minecraft/mods/travelersbackpack-forge-1.20.1-9.1.14.jar'
rm 'servidor_minecraft/mods/warriors_of_past_epoch_[Forge]_1.20.1_1.3.jar'
rm 'servidor_minecraft/ops.json'
rm 'servidor_minecraft/playit.status'
rm 'servidor_minecraft/playit.tunnels'
rm 'servidor_minecraft/run.bat'
rm 'servidor_minecraft/run.sh'
rm 'servidor_minecraft/server.properties'
rm 'servidor_minecraft/user_jvm_args.txt'
rm 'servidor_minecraft/usercache.json'
rm 'servidor_minecraft/usernamecache.json'
rm 'servidor_minecraft/whitelist.json'
rm 'servidor_minecraft/world/DIM-1/data/capabilities.dat'
rm 'servidor_minecraft/world/DIM-1/data/clearlagc_worldvars.dat'
rm 'servidor_minecraft/world/DIM-1/data/raids.dat'
rm 'servidor_minecraft/world/DIM1/data/capabilities.dat'
rm 'servidor_minecraft/world/DIM1/data/clearlagc_worldvars.dat'
rm 'servidor_minecraft/world/DIM1/data/raids_end.dat'
rm 'servidor_minecraft/world/advancements/43d79b3e-4afa-37fb-a395-aac4dcd856c6.json'
rm 'servidor_minecraft/world/advancements/9221eae4-d002-3ea6-a2ca-c4c421bfbe27.json'
rm 'servidor_minecraft/world/advancements/ed821a9b-cfc7-343b-9491-331781f0bba2.json'
rm 'servidor_minecraft/world/data/JMPlayerSettings.dat'
rm 'servidor_minecraft/world/data/WorldUUID.dat'
rm 'servidor_minecraft/world/data/alexsmobs_world_data.dat'
rm 'servidor_minecraft/world/data/capabilities.dat'
rm 'servidor_minecraft/world/data/cataclysm_world_data.dat'
rm 'servidor_minecraft/world/data/chunks.dat'
rm 'servidor_minecraft/world/data/citadel_world_data.dat'
rm 'servidor_minecraft/world/data/clearlagc_worldvars.dat'
rm 'servidor_minecraft/world/data/iceandfire_general.dat'
rm 'servidor_minecraft/world/data/idcounts.dat'
rm 'servidor_minecraft/world/data/majruszsdifficulty.dat'
rm 'servidor_minecraft/world/data/map_0.dat'
rm 'servidor_minecraft/world/data/raids.dat'
rm 'servidor_minecraft/world/data/random_sequences.dat'
rm 'servidor_minecraft/world/data/scoreboard.dat'
rm 'servidor_minecraft/world/dimensions/deeperdarker/otherside/data/capabilities.dat'
rm 'servidor_minecraft/world/dimensions/deeperdarker/otherside/data/clearlagc_worldvars.dat'
rm 'servidor_minecraft/world/dimensions/deeperdarker/otherside/data/raids.dat'
rm 'servidor_minecraft/world/entities/r.-1.-1.mca'
rm 'servidor_minecraft/world/entities/r.-1.-2.mca'
rm 'servidor_minecraft/world/entities/r.-1.-3.mca'
rm 'servidor_minecraft/world/entities/r.-1.-4.mca'
rm 'servidor_minecraft/world/entities/r.-1.0.mca'
rm 'servidor_minecraft/world/entities/r.-1.1.mca'
rm 'servidor_minecraft/world/entities/r.-2.-1.mca'
rm 'servidor_minecraft/world/entities/r.-2.0.mca'
rm 'servidor_minecraft/world/entities/r.-2.1.mca'
rm 'servidor_minecraft/world/entities/r.0.-1.mca'
rm 'servidor_minecraft/world/entities/r.0.-2.mca'
rm 'servidor_minecraft/world/entities/r.0.-3.mca'
rm 'servidor_minecraft/world/entities/r.0.-4.mca'
rm 'servidor_minecraft/world/entities/r.0.0.mca'
rm 'servidor_minecraft/world/entities/r.1.-1.mca'
rm 'servidor_minecraft/world/entities/r.1.-2.mca'
rm 'servidor_minecraft/world/entities/r.1.-3.mca'
rm 'servidor_minecraft/world/entities/r.1.-4.mca'
rm 'servidor_minecraft/world/entities/r.2.-2.mca'
rm 'servidor_minecraft/world/entities/r.2.-3.mca'
rm 'servidor_minecraft/world/entities/r.2.-4.mca'
rm 'servidor_minecraft/world/entities/r.3.-3.mca'
rm 'servidor_minecraft/world/entities/r.3.-4.mca'
rm 'servidor_minecraft/world/level.dat'
rm 'servidor_minecraft/world/level.dat_old'
rm 'servidor_minecraft/world/playerdata/43d79b3e-4afa-37fb-a395-aac4dcd856c6.dat'
rm 'servidor_minecraft/world/playerdata/43d79b3e-4afa-37fb-a395-aac4dcd856c6.dat_old'
rm 'servidor_minecraft/world/playerdata/9221eae4-d002-3ea6-a2ca-c4c421bfbe27.dat'
rm 'servidor_minecraft/world/playerdata/9221eae4-d002-3ea6-a2ca-c4c421bfbe27.dat_old'
rm 'servidor_minecraft/world/playerdata/ed821a9b-cfc7-343b-9491-331781f0bba2.dat'
rm 'servidor_minecraft/world/playerdata/ed821a9b-cfc7-343b-9491-331781f0bba2.dat_old'
rm 'servidor_minecraft/world/poi/r.-1.-1.mca'
rm 'servidor_minecraft/world/poi/r.-1.-2.mca'
rm 'servidor_minecraft/world/poi/r.-1.-3.mca'
rm 'servidor_minecraft/world/poi/r.-1.-4.mca'
rm 'servidor_minecraft/world/poi/r.-1.0.mca'
rm 'servidor_minecraft/world/poi/r.-1.1.mca'
rm 'servidor_minecraft/world/poi/r.-2.-1.mca'
rm 'servidor_minecraft/world/poi/r.-2.-3.mca'
rm 'servidor_minecraft/world/poi/r.-2.-4.mca'
rm 'servidor_minecraft/world/poi/r.-2.0.mca'
rm 'servidor_minecraft/world/poi/r.-2.1.mca'
rm 'servidor_minecraft/world/poi/r.0.-1.mca'
rm 'servidor_minecraft/world/poi/r.0.-2.mca'
rm 'servidor_minecraft/world/poi/r.0.-3.mca'
rm 'servidor_minecraft/world/poi/r.0.-4.mca'
rm 'servidor_minecraft/world/poi/r.0.0.mca'
rm 'servidor_minecraft/world/poi/r.1.-1.mca'
rm 'servidor_minecraft/world/poi/r.1.-2.mca'
rm 'servidor_minecraft/world/poi/r.1.-3.mca'
rm 'servidor_minecraft/world/poi/r.1.-4.mca'
rm 'servidor_minecraft/world/poi/r.1.0.mca'
rm 'servidor_minecraft/world/poi/r.2.-2.mca'
rm 'servidor_minecraft/world/poi/r.2.-3.mca'
rm 'servidor_minecraft/world/poi/r.2.-4.mca'
rm 'servidor_minecraft/world/poi/r.3.-2.mca'
rm 'servidor_minecraft/world/poi/r.3.-3.mca'
rm 'servidor_minecraft/world/poi/r.3.-4.mca'
rm 'servidor_minecraft/world/region/r.-1.-1.mca'
rm 'servidor_minecraft/world/region/r.-1.-2.mca'
rm 'servidor_minecraft/world/region/r.-1.-3.mca'
rm 'servidor_minecraft/world/region/r.-1.-4.mca'
rm 'servidor_minecraft/world/region/r.-1.0.mca'
rm 'servidor_minecraft/world/region/r.-1.1.mca'
rm 'servidor_minecraft/world/region/r.-2.-1.mca'
rm 'servidor_minecraft/world/region/r.-2.-2.mca'
rm 'servidor_minecraft/world/region/r.-2.-3.mca'
rm 'servidor_minecraft/world/region/r.-2.-4.mca'
rm 'servidor_minecraft/world/region/r.-2.0.mca'
rm 'servidor_minecraft/world/region/r.-2.1.mca'
rm 'servidor_minecraft/world/region/r.0.-1.mca'
rm 'servidor_minecraft/world/region/r.0.-2.mca'
rm 'servidor_minecraft/world/region/r.0.-3.mca'
rm 'servidor_minecraft/world/region/r.0.-4.mca'
rm 'servidor_minecraft/world/region/r.0.0.mca'
rm 'servidor_minecraft/world/region/r.1.-1.mca'
rm 'servidor_minecraft/world/region/r.1.-2.mca'
rm 'servidor_minecraft/world/region/r.1.-3.mca'
rm 'servidor_minecraft/world/region/r.1.-4.mca'
rm 'servidor_minecraft/world/region/r.1.0.mca'
rm 'servidor_minecraft/world/region/r.2.-2.mca'
rm 'servidor_minecraft/world/region/r.2.-3.mca'
rm 'servidor_minecraft/world/region/r.2.-4.mca'
rm 'servidor_minecraft/world/region/r.3.-2.mca'
rm 'servidor_minecraft/world/region/r.3.-3.mca'
rm 'servidor_minecraft/world/region/r.3.-4.mca'
rm 'servidor_minecraft/world/serverconfig/configurablecane-server.toml'
rm 'servidor_minecraft/world/serverconfig/curios-server.toml'
rm 'servidor_minecraft/world/serverconfig/forge-server.toml'
rm 'servidor_minecraft/world/serverconfig/jei-server.toml'
rm 'servidor_minecraft/world/serverconfig/journeymap-server.toml'
rm 'servidor_minecraft/world/session.lock'
rm 'servidor_minecraft/world/stats/43d79b3e-4afa-37fb-a395-aac4dcd856c6.json'
rm 'servidor_minecraft/world/stats/9221eae4-d002-3ea6-a2ca-c4c421bfbe27.json'
rm 'servidor_minecraft/world/stats/ed821a9b-cfc7-343b-9491-331781f0bba2.json'
rm 'servidor_minecraft/world/tombstone/loottables/tombstone-pool-archaeology.json'
rm 'servidor_minecraft/world/tombstone/loottables/tombstone-pool-cat_morning.json'
rm 'servidor_minecraft/world/tombstone/loottables/tombstone-pool-chest_treasure.bak'
rm 'servidor_minecraft/world/tombstone/loottables/tombstone-pool-chest_treasure.json'
rm 'servidor_minecraft/world/tombstone/loottables/tombstone-pool-lost_treasure.json'
rm 'servidor_minecraft/world/tombstone/loottables/tombstone-pool-seeker_rod.json'
rm 'servidor_minecraft/world/tombstone/loottables/tombstone-pool-sniffer_digging.json'
rm 'servidor_minecraft/world/tombstone/loottables/tombstone-pool-undead_boss.json'
rm 'servidor_minecraft/world/tombstone/loottables/tombstone-pool-undead_mob.json'
rm 'servidor_minecraft/world/tombstone/saved_players/43d79b3e-4afa-37fb-a395-aac4dcd856c6/20241021-140013.save'
rm 'servidor_minecraft/world/tombstone/saved_players/43d79b3e-4afa-37fb-a395-aac4dcd856c6/20241021-232918.save'
rm 'servidor_minecraft/world/tombstone/saved_players/43d79b3e-4afa-37fb-a395-aac4dcd856c6/20241021-234441.save'
rm 'servidor_minecraft/world/tombstone/saved_players/43d79b3e-4afa-37fb-a395-aac4dcd856c6/20241022-000441.save'
rm 'servidor_minecraft/world/tombstone/saved_players/43d79b3e-4afa-37fb-a395-aac4dcd856c6/20241022-002441.save'
rm 'servidor_minecraft/world/tombstone/saved_players/43d79b3e-4afa-37fb-a395-aac4dcd856c6/20241022-140408.save'
rm 'servidor_minecraft/world/tombstone/saved_players/9221eae4-d002-3ea6-a2ca-c4c421bfbe27/20241021-232918.save'
rm 'servidor_minecraft/world/tombstone/saved_players/9221eae4-d002-3ea6-a2ca-c4c421bfbe27/20241021-233108.save'
rm 'servidor_minecraft/world/tombstone/saved_players/9221eae4-d002-3ea6-a2ca-c4c421bfbe27/20241021-233117.save'
rm 'servidor_minecraft/world/tombstone/saved_players/9221eae4-d002-3ea6-a2ca-c4c421bfbe27/20241021-233305.save'
rm 'servidor_minecraft/world/tombstone/saved_players/9221eae4-d002-3ea6-a2ca-c4c421bfbe27/20241021-233725.save'
rm 'servidor_minecraft/world/tombstone/saved_players/9221eae4-d002-3ea6-a2ca-c4c421bfbe27/20241021-233935.save'
rm 'servidor_minecraft/world/tombstone/saved_players/9221eae4-d002-3ea6-a2ca-c4c421bfbe27/20241021-234022.save'
rm 'servidor_minecraft/world/tombstone/saved_players/9221eae4-d002-3ea6-a2ca-c4c421bfbe27/20241021-234441.save'
rm 'servidor_minecraft/world/tombstone/saved_players/9221eae4-d002-3ea6-a2ca-c4c421bfbe27/20241021-234456.save'
rm 'servidor_minecraft/world/tombstone/saved_players/9221eae4-d002-3ea6-a2ca-c4c421bfbe27/20241022-000441.save'
rm 'servidor_minecraft/world/tombstone/saved_players/9221eae4-d002-3ea6-a2ca-c4c421bfbe27/20241022-001502.save'
rm 'servidor_minecraft/world/tombstone/saved_players/9221eae4-d002-3ea6-a2ca-c4c421bfbe27/20241022-002441.save'
rm 'servidor_minecraft/world/tombstone/saved_players/9221eae4-d002-3ea6-a2ca-c4c421bfbe27/20241022-003438.save'
rm 'servidor_minecraft/world/tombstone/saved_players/ed821a9b-cfc7-343b-9491-331781f0bba2/20241021-232918.save'
rm 'servidor_minecraft/world/tombstone/version.info'
fatal: a branch named 'Minecraft_branch' already exists
stat: cannot stat 'servidor_minecraft/mods/ClearLag': No such file or directory
fatal: pathspec 'servidor_minecraft/mods/ClearLag' did not match any files
stat: cannot stat '1.20.1.jar': No such file or directory
fatal: pathspec '1.20.1.jar' did not match any files
stat: cannot stat 'servidor_minecraft/mods/Explorify': No such file or directory
fatal: pathspec 'servidor_minecraft/mods/Explorify' did not match any files
stat: cannot stat 'v1.6.1': No such file or directory
fatal: pathspec 'v1.6.1' did not match any files
stat: cannot stat 'f10-48.jar': No such file or directory
fatal: pathspec 'f10-48.jar' did not match any files
stat: cannot stat 'servidor_minecraft/mods/ironchest-1.20.1-14.4.4': No such file or directory
fatal: pathspec 'servidor_minecraft/mods/ironchest-1.20.1-14.4.4' did not match any files
stat: cannot stat '(1).jar': No such file or directory
fatal: pathspec '(1).jar' did not match any files
stat: cannot stat 'servidor_minecraft/mods/Cardinal': No such file or directory
fatal: pathspec 'servidor_minecraft/mods/Cardinal' did not match any files
stat: cannot stat 'Sins': No such file or directory
fatal: pathspec 'Sins' did not match any files
stat: cannot stat '1.0.3.jar': No such file or directory
fatal: pathspec '1.0.3.jar' did not match any files
stat: cannot stat 'server': No such file or directory
stat: cannot stat '(1).py': No such file or directory
Obteniendo cambios del remoto...
Fusionando cambios del remoto en la rama actual...
Already up to date.
Realizando push forzado en la rama Minecraft_branch con archivos menores de 100 MB
remote: warning: See https://gh.io/lfs for more information.        
remote: warning: File servidor_minecraft/mods/alexscaves-2.0.0.jar is 71.31 MB; this is larger than GitHub's recommended maximum file size of 50.00 MB        
remote: warning: GH001: Large files detected. You may want to try Git Large File Storage - https://git-lfs.github.com.        
To https://github.com/jaime412/Minecraft_branch.git
 + fa495ca...67ccedb Minecraft_branch -> Minecraft_branch (forced update)
Push forzado realizado con éxito en la rama Minecraft_branch.
[Minecraft_branch 9e0bc52] Añadido excluded_files.txt con los archivos grandes excluidos
 1 file changed, 0 insertions(+), 0 deletions(-)
 create mode 100644 excluded_files.txt
To https://github.com/jaime412/Minecraft_branch.git
   67ccedb..9e0bc52  Minecraft_branch -> Minecraft_branch
Esperando 10 minutos antes de la próxima ejecución...
Iniciando proceso de sincronización...
Nombre de la rama actual: Minecraft_branch
Obteniendo la URL del repositorio remoto
origin	https://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@github.com/jaime412/Minecraft_branch.git (fetch)
origin	https://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@github.com/jaime412/Minecraft_branch.git (push)
rm '.gitignore'
rm 'addons/Branchutil.addon'
rm 'addons/Utilidades.py'
rm 'addons/url-del-branch.json'
rm 'configuracion.json'
rm 'excluded_files.txt'
rm 'output.log'
rm 'playit.status'
rm 'playit.tunnels'
rm 'respaldos/world_respaldo.zip'
rm 'server (1).py'
rm 'servidor_minecraft/banned-ips.json'
rm 'servidor_minecraft/banned-players.json'
rm 'servidor_minecraft/config/Elenai-Dodge-2-Common.toml'
rm 'servidor_minecraft/config/Feathers-Common.toml'
rm 'servidor_minecraft/config/Obscuria/aquamirae-common.toml'
rm 'servidor_minecraft/config/Plushie_Buddies-Common.toml'
rm 'servidor_minecraft/config/ShieldExpansion-common.toml'
rm 'servidor_minecraft/config/alexscaves-general.toml'
rm 'servidor_minecraft/config/alexscaves_biome_generation/abyssal_chasm.json'
rm 'servidor_minecraft/config/alexscaves_biome_generation/candy_cavity.json'
rm 'servidor_minecraft/config/alexscaves_biome_generation/forlorn_hollows.json'
rm 'servidor_minecraft/config/alexscaves_biome_generation/magnetic_caves.json'
rm 'servidor_minecraft/config/alexscaves_biome_generation/primordial_caves.json'
rm 'servidor_minecraft/config/alexscaves_biome_generation/toxic_caves.json'
rm 'servidor_minecraft/config/alexsmobs.toml'
rm 'servidor_minecraft/config/alexsmobs/alligator_snapping_turtle_spawns.json'
rm 'servidor_minecraft/config/alexsmobs/anaconda_spawns.json'
rm 'servidor_minecraft/config/alexsmobs/anteater_spawns.json'
rm 'servidor_minecraft/config/alexsmobs/bald_eagle_spawns.json'
rm 'servidor_minecraft/config/alexsmobs/banana_slug_spawns.json'
rm 'servidor_minecraft/config/alexsmobs/bison_spawns.json'
rm 'servidor_minecraft/config/alexsmobs/blobfish_spawns.json'
rm 'servidor_minecraft/config/alexsmobs/blue_jay_spawns.json'
rm 'servidor_minecraft/config/alexsmobs/bone_serpent_spawns.json'
rm 'servidor_minecraft/config/alexsmobs/bunfungus_spawns.json'
rm 'servidor_minecraft/config/alexsmobs/cachalot_whale_beached_spawns.json'
rm 'servidor_minecraft/config/alexsmobs/cachalot_whale_spawns.json'
rm 'servidor_minecraft/config/alexsmobs/caiman_spawns.json'
rm 'servidor_minecraft/config/alexsmobs/capuchin_monkey_spawns.json'
rm 'servidor_minecraft/config/alexsmobs/catfish_spawns.json'
rm 'servidor_minecraft/config/alexsmobs/cave_centipede_spawns.json'
rm 'servidor_minecraft/config/alexsmobs/cockroach_spawns.json'
rm 'servidor_minecraft/config/alexsmobs/comb_jelly_spawns.json'
rm 'servidor_minecraft/config/alexsmobs/cosmaw_spawns.json'
rm 'servidor_minecraft/config/alexsmobs/cosmic_cod_spawns.json'
rm 'servidor_minecraft/config/alexsmobs/crimson_mosquito_spawns.json'
rm 'servidor_minecraft/config/alexsmobs/crocodile_spawns.json'
rm 'servidor_minecraft/config/alexsmobs/crow_spawns.json'
rm 'servidor_minecraft/config/alexsmobs/devils_hole_pupfish_spawns.json'
rm 'servidor_minecraft/config/alexsmobs/dropbear_spawns.json'
rm 'servidor_minecraft/config/alexsmobs/elephant_spawns.json'
rm 'servidor_minecraft/config/alexsmobs/emu_spawns.json'
rm 'servidor_minecraft/config/alexsmobs/endergrade_spawns.json'
rm 'servidor_minecraft/config/alexsmobs/enderiophage_spawns.json'
rm 'servidor_minecraft/config/alexsmobs/farseer.json'
rm 'servidor_minecraft/config/alexsmobs/flutter_spawns.json'
rm 'servidor_minecraft/config/alexsmobs/fly_spawns.json'
rm 'servidor_minecraft/config/alexsmobs/flying_fish_spawns.json'
rm 'servidor_minecraft/config/alexsmobs/frilled_shark_spawns.json'
rm 'servidor_minecraft/config/alexsmobs/froststalker_spawns.json'
rm 'servidor_minecraft/config/alexsmobs/gazelle_spawns.json'
rm 'servidor_minecraft/config/alexsmobs/gelada_monkey_spawns.json'
rm 'servidor_minecraft/config/alexsmobs/giant_squid_spawns.json'
rm 'servidor_minecraft/config/alexsmobs/gorilla_spawns.json'
rm 'servidor_minecraft/config/alexsmobs/grizzly_bear_spawns.json'
rm 'servidor_minecraft/config/alexsmobs/guster_spawns.json'
rm 'servidor_minecraft/config/alexsmobs/hammerhead_shark_spawns.json'
rm 'servidor_minecraft/config/alexsmobs/hummingbird_spawns.json'
rm 'servidor_minecraft/config/alexsmobs/jerboa_spawns.json'
rm 'servidor_minecraft/config/alexsmobs/kangaroo_spawns.json'
rm 'servidor_minecraft/config/alexsmobs/komodo_dragon_spawns.json'
rm 'servidor_minecraft/config/alexsmobs/laviathan_spawns.json'
rm 'servidor_minecraft/config/alexsmobs/leafcutter_anthill_spawns.json'
rm 'servidor_minecraft/config/alexsmobs/lobster_spawns.json'
rm 'servidor_minecraft/config/alexsmobs/maned_wolf_spawns.json'
rm 'servidor_minecraft/config/alexsmobs/mantis_shrimp_spawns.json'
rm 'servidor_minecraft/config/alexsmobs/mimic_octopus_spawns.json'
rm 'servidor_minecraft/config/alexsmobs/mimicube_spawns.json'
rm 'servidor_minecraft/config/alexsmobs/moose_spawns.json'
rm 'servidor_minecraft/config/alexsmobs/mudskipper_spawns.json'
rm 'servidor_minecraft/config/alexsmobs/mungus_spawns.json'
rm 'servidor_minecraft/config/alexsmobs/murmur.json'
rm 'servidor_minecraft/config/alexsmobs/orca_spawns.json'
rm 'servidor_minecraft/config/alexsmobs/platypus_spawns.json'
rm 'servidor_minecraft/config/alexsmobs/potoo_spawns.json'
rm 'servidor_minecraft/config/alexsmobs/raccoon_spawns.json'
rm 'servidor_minecraft/config/alexsmobs/rain_frog_spawns.json'
rm 'servidor_minecraft/config/alexsmobs/rattlesnake_spawns.json'
rm 'servidor_minecraft/config/alexsmobs/rhinoceros_spawns.json'
rm 'servidor_minecraft/config/alexsmobs/roadrunner_spawns.json'
rm 'servidor_minecraft/config/alexsmobs/rocky_roller_spawns.json'
rm 'servidor_minecraft/config/alexsmobs/seagull_spawns.json'
rm 'servidor_minecraft/config/alexsmobs/seal_spawns.json'
rm 'servidor_minecraft/config/alexsmobs/shoebill_spawns.json'
rm 'servidor_minecraft/config/alexsmobs/skelewag_spawns.json'
rm 'servidor_minecraft/config/alexsmobs/skreecher.json'
rm 'servidor_minecraft/config/alexsmobs/skunk_spawns.json'
rm 'servidor_minecraft/config/alexsmobs/snow_leopard_spawns.json'
rm 'servidor_minecraft/config/alexsmobs/soul_vulture_spawns.json'
rm 'servidor_minecraft/config/alexsmobs/spectre_spawns.json'
rm 'servidor_minecraft/config/alexsmobs/straddler_spawns.json'
rm 'servidor_minecraft/config/alexsmobs/stradpole_spawns.json'
rm 'servidor_minecraft/config/alexsmobs/sugar_glider_spawns.json'
rm 'servidor_minecraft/config/alexsmobs/sunbird_spawns.json'
rm 'servidor_minecraft/config/alexsmobs/tarantula_hawk_spawns.json'
rm 'servidor_minecraft/config/alexsmobs/tasmanian_devil_spawns.json'
rm 'servidor_minecraft/config/alexsmobs/terrapin_spawns.json'
rm 'servidor_minecraft/config/alexsmobs/tiger_spawns.json'
rm 'servidor_minecraft/config/alexsmobs/toucan_spawns.json'
rm 'servidor_minecraft/config/alexsmobs/triops_spawns.json'
rm 'servidor_minecraft/config/alexsmobs/tusklin_spawns.json'
rm 'servidor_minecraft/config/alexsmobs/underminer.json'
rm 'servidor_minecraft/config/alexsmobs/void_worm_spawns.json'
rm 'servidor_minecraft/config/alexsmobs/warped_mosco_spawns.json'
rm 'servidor_minecraft/config/alexsmobs/warped_toad_spawns.json'
rm 'servidor_minecraft/config/aoa3/integrations_config.toml'
rm 'servidor_minecraft/config/apotheosis/adventure.cfg'
rm 'servidor_minecraft/config/apotheosis/apotheosis.cfg'
rm 'servidor_minecraft/config/apotheosis/ench.cfg'
rm 'servidor_minecraft/config/apotheosis/enchantments.cfg'
rm 'servidor_minecraft/config/apotheosis/garden.cfg'
rm 'servidor_minecraft/config/apotheosis/names.cfg'
rm 'servidor_minecraft/config/apotheosis/potion.cfg'
rm 'servidor_minecraft/config/apotheosis/spawner.cfg'
rm 'servidor_minecraft/config/apotheosis/village.cfg'
rm 'servidor_minecraft/config/attributeslib.cfg'
rm 'servidor_minecraft/config/balm-common.toml'
rm 'servidor_minecraft/config/bettercombat/fallback_compatibility.json'
rm 'servidor_minecraft/config/bettercombat/server.json5'
rm 'servidor_minecraft/config/carryon-common.toml'
rm 'servidor_minecraft/config/cataclysm.toml'
rm 'servidor_minecraft/config/cataclysm/amethyst_crab_spawns.json'
rm 'servidor_minecraft/config/cataclysm/coral_golem_spawns.json'
rm 'servidor_minecraft/config/cataclysm/deepling_angler_spawns.json'
rm 'servidor_minecraft/config/cataclysm/deepling_brute_spawns.json'
rm 'servidor_minecraft/config/cataclysm/deepling_priest_spawns.json'
rm 'servidor_minecraft/config/cataclysm/deepling_spawns.json'
rm 'servidor_minecraft/config/cataclysm/deepling_warlock_spawns.json'
rm 'servidor_minecraft/config/cataclysm/koboleton_spawns.json'
rm 'servidor_minecraft/config/citadel-common.toml'
rm 'servidor_minecraft/config/combatroll/enchantments.json'
rm 'servidor_minecraft/config/combatroll/server.json5'
rm 'servidor_minecraft/config/curios-common.toml'
rm 'servidor_minecraft/config/embeddium-mixins.properties'
rm 'servidor_minecraft/config/embeddium-options.json'
rm 'servidor_minecraft/config/epicknights/armor.json5'
rm 'servidor_minecraft/config/epicknights/general.json5'
rm 'servidor_minecraft/config/epicknights/mobs_equipment.json5'
rm 'servidor_minecraft/config/epicknights/shields.json5'
rm 'servidor_minecraft/config/epicknights/weapons.json5'
rm 'servidor_minecraft/config/ferritecore-mixin.toml'
rm 'servidor_minecraft/config/fml.toml'
rm 'servidor_minecraft/config/iceandfire-common.toml'
rm 'servidor_minecraft/config/iceandfire/amphithere_biomes.json'
rm 'servidor_minecraft/config/iceandfire/cockatrice_biomes.json'
rm 'servidor_minecraft/config/iceandfire/cyclops_cave_biomes.json'
rm 'servidor_minecraft/config/iceandfire/deathworm_biomes.json'
rm 'servidor_minecraft/config/iceandfire/desert_myrmex_biomes.json'
rm 'servidor_minecraft/config/iceandfire/fire_dragon_biomes.json'
rm 'servidor_minecraft/config/iceandfire/fire_dragon_cave_biomes.json'
rm 'servidor_minecraft/config/iceandfire/fire_dragon_skeleton_biomes.json'
rm 'servidor_minecraft/config/iceandfire/fire_lily_biomes.json'
rm 'servidor_minecraft/config/iceandfire/forest_troll_biomes.json'
rm 'servidor_minecraft/config/iceandfire/frost_lily_biomes.json'
rm 'servidor_minecraft/config/iceandfire/gorgon_temple_biomes.json'
rm 'servidor_minecraft/config/iceandfire/graveyard_biomes.json'
rm 'servidor_minecraft/config/iceandfire/hippocampus_biomes.json'
rm 'servidor_minecraft/config/iceandfire/hippogryph_biomes.json'
rm 'servidor_minecraft/config/iceandfire/hippogryph_black_biomes.json'
rm 'servidor_minecraft/config/iceandfire/hippogryph_brown_biomes.json'
rm 'servidor_minecraft/config/iceandfire/hippogryph_chestnut_biomes.json'
rm 'servidor_minecraft/config/iceandfire/hippogryph_creamy_biomes.json'
rm 'servidor_minecraft/config/iceandfire/hippogryph_dark_brown_biomes.json'
rm 'servidor_minecraft/config/iceandfire/hippogryph_gray_biomes.json'
rm 'servidor_minecraft/config/iceandfire/hippogryph_white_biomes.json'
rm 'servidor_minecraft/config/iceandfire/hydra_cave_biomes.json'
rm 'servidor_minecraft/config/iceandfire/ice_dragon_biomes.json'
rm 'servidor_minecraft/config/iceandfire/ice_dragon_cave_biomes.json'
rm 'servidor_minecraft/config/iceandfire/ice_dragon_skeleton_biomes.json'
rm 'servidor_minecraft/config/iceandfire/jungle_myrmex_biomes.json'
rm 'servidor_minecraft/config/iceandfire/lightning_dragon_biomes.json'
rm 'servidor_minecraft/config/iceandfire/lightning_dragon_cave_biomes.json'
rm 'servidor_minecraft/config/iceandfire/lightning_dragon_skeleton_biomes.json'
rm 'servidor_minecraft/config/iceandfire/lightning_lily_biomes.json'
rm 'servidor_minecraft/config/iceandfire/mausoleum_biomes.json'
rm 'servidor_minecraft/config/iceandfire/mountain_troll_biomes.json'
rm 'servidor_minecraft/config/iceandfire/ore_gen_biomes.json'
rm 'servidor_minecraft/config/iceandfire/pixie_village_biomes.json'
rm 'servidor_minecraft/config/iceandfire/sapphire_gen_biomes.json'
rm 'servidor_minecraft/config/iceandfire/sea_serpent_biomes.json'
rm 'servidor_minecraft/config/iceandfire/siren_biomes.json'
rm 'servidor_minecraft/config/iceandfire/snowy_troll_biomes.json'
rm 'servidor_minecraft/config/iceandfire/stymphalian_bird_biomes.json'
rm 'servidor_minecraft/config/iceandfire/wandering_cyclops_biomes.json'
rm 'servidor_minecraft/config/immediatelyfast.json'
rm 'servidor_minecraft/config/inventorypets-common.toml'
rm 'servidor_minecraft/config/jade/server-plugin-overrides.json'
rm 'servidor_minecraft/config/jade/sort-order.json'
rm 'servidor_minecraft/config/jeresources-common.toml'
rm 'servidor_minecraft/config/jeresources.toml'
rm 'servidor_minecraft/config/just_leveling-common.toml'
rm 'servidor_minecraft/config/lithium.properties'
rm 'servidor_minecraft/config/majruszlibrary.json'
rm 'servidor_minecraft/config/majruszsdifficulty.json'
rm 'servidor_minecraft/config/majruszsenchantments.json'
rm 'servidor_minecraft/config/mca.json'
rm 'servidor_minecraft/config/mysticsbiomes-common.toml'
rm 'servidor_minecraft/config/playerrevive.json'
rm 'servidor_minecraft/config/sodium-extra.properties'
rm 'servidor_minecraft/config/spawnermod.json'
rm 'servidor_minecraft/config/structure_gel-common.toml'
rm 'servidor_minecraft/config/tact-common.toml'
rm 'servidor_minecraft/config/terrablender.toml'
rm 'servidor_minecraft/config/tetra.toml'
rm 'servidor_minecraft/config/theoneprobe-common.toml'
rm 'servidor_minecraft/config/tombstone-common.toml'
rm 'servidor_minecraft/config/tombstone-server.toml'
rm 'servidor_minecraft/config/trashslot-common.toml'
rm 'servidor_minecraft/config/travelersbackpack-common.toml'
rm 'servidor_minecraft/config/yacl.json5'
rm 'servidor_minecraft/configuracion.json'
rm 'servidor_minecraft/crash-reports/crash-2024-08-01_03.17.33-server.txt'
rm 'servidor_minecraft/crash-reports/crash-2024-08-01_03.24.36-server.txt'
rm 'servidor_minecraft/crash-reports/crash-2024-08-01_03.33.05-server.txt'
rm 'servidor_minecraft/eula.txt'
rm 'servidor_minecraft/forge.jar'
rm 'servidor_minecraft/forge.jar.log'
rm 'servidor_minecraft/journeymap/server/5.10/journeymap.server.aoa3~barathos.config'
rm 'servidor_minecraft/journeymap/server/5.10/journeymap.server.aoa3~deeplands.config'
rm 'servidor_minecraft/journeymap/server/5.10/journeymap.server.aoa3~lborean.config'
rm 'servidor_minecraft/journeymap/server/5.10/journeymap.server.aoa3~lelyetia.config'
rm 'servidor_minecraft/journeymap/server/5.10/journeymap.server.aoa3~nowhere.config'
rm 'servidor_minecraft/journeymap/server/5.10/journeymap.server.aoa3~precasia.config'
rm 'servidor_minecraft/journeymap/server/5.10/journeymap.server.aoa3~precasia_backup.config'
rm 'servidor_minecraft/journeymap/server/5.10/journeymap.server.deeperdarker~otherside.config'
rm 'servidor_minecraft/journeymap/server/5.10/journeymap.server.default.config'
rm 'servidor_minecraft/journeymap/server/5.10/journeymap.server.global.config'
rm 'servidor_minecraft/journeymap/server/5.10/journeymap.server.minecraft~overworld.config'
rm 'servidor_minecraft/journeymap/server/5.10/journeymap.server.minecraft~the_end.config'
rm 'servidor_minecraft/journeymap/server/5.10/journeymap.server.minecraft~the_nether.config'
rm 'servidor_minecraft/journeymap/server/5.10/journeymap.server.world~madnessdimension.config'
rm 'servidor_minecraft/journeymap/server/5.10/journeymap.server.world~worldtest_1.config'
rm 'servidor_minecraft/libraries/com/electronwill/night-config/core/3.6.4/core-3.6.4.jar'
rm 'servidor_minecraft/libraries/com/electronwill/night-config/toml/3.6.4/toml-3.6.4.jar'
rm 'servidor_minecraft/libraries/com/github/jponge/lzma-java/1.3/lzma-java-1.3.jar'
rm 'servidor_minecraft/libraries/com/github/oshi/oshi-core/6.2.2/oshi-core-6.2.2.jar'
rm 'servidor_minecraft/libraries/com/google/code/findbugs/jsr305/3.0.2/jsr305-3.0.2.jar'
rm 'servidor_minecraft/libraries/com/google/code/gson/gson/2.10/gson-2.10.jar'
rm 'servidor_minecraft/libraries/com/google/code/gson/gson/2.8.7/gson-2.8.7.jar'
rm 'servidor_minecraft/libraries/com/google/errorprone/error_prone_annotations/2.1.3/error_prone_annotations-2.1.3.jar'
rm 'servidor_minecraft/libraries/com/google/guava/failureaccess/1.0.1/failureaccess-1.0.1.jar'
rm 'servidor_minecraft/libraries/com/google/guava/guava/20.0/guava-20.0.jar'
rm 'servidor_minecraft/libraries/com/google/guava/guava/25.1-jre/guava-25.1-jre.jar'
rm 'servidor_minecraft/libraries/com/google/guava/guava/31.1-jre/guava-31.1-jre.jar'
rm 'servidor_minecraft/libraries/com/google/j2objc/j2objc-annotations/1.1/j2objc-annotations-1.1.jar'
rm 'servidor_minecraft/libraries/com/mojang/authlib/4.0.43/authlib-4.0.43.jar'
rm 'servidor_minecraft/libraries/com/mojang/brigadier/1.1.8/brigadier-1.1.8.jar'
rm 'servidor_minecraft/libraries/com/mojang/datafixerupper/6.0.8/datafixerupper-6.0.8.jar'
rm 'servidor_minecraft/libraries/com/mojang/logging/1.1.1/logging-1.1.1.jar'
rm 'servidor_minecraft/libraries/com/nothome/javaxdelta/2.0.1/javaxdelta-2.0.1.jar'
rm 'servidor_minecraft/libraries/com/opencsv/opencsv/4.4/opencsv-4.4.jar'
rm 'servidor_minecraft/libraries/commons-beanutils/commons-beanutils/1.9.3/commons-beanutils-1.9.3.jar'
rm 'servidor_minecraft/libraries/commons-collections/commons-collections/3.2.2/commons-collections-3.2.2.jar'
rm 'servidor_minecraft/libraries/commons-io/commons-io/2.11.0/commons-io-2.11.0.jar'
rm 'servidor_minecraft/libraries/commons-io/commons-io/2.4/commons-io-2.4.jar'
rm 'servidor_minecraft/libraries/commons-logging/commons-logging/1.2/commons-logging-1.2.jar'
rm 'servidor_minecraft/libraries/cpw/mods/bootstraplauncher/1.1.2/bootstraplauncher-1.1.2.jar'
rm 'servidor_minecraft/libraries/cpw/mods/modlauncher/10.0.9/modlauncher-10.0.9.jar'
rm 'servidor_minecraft/libraries/cpw/mods/securejarhandler/2.1.10/securejarhandler-2.1.10.jar'
rm 'servidor_minecraft/libraries/de/oceanlabs/mcp/mcp_config/1.20.1-20230612.114412/mcp_config-1.20.1-20230612.114412-mappings-merged.txt'
rm 'servidor_minecraft/libraries/de/oceanlabs/mcp/mcp_config/1.20.1-20230612.114412/mcp_config-1.20.1-20230612.114412-mappings.txt'
rm 'servidor_minecraft/libraries/de/oceanlabs/mcp/mcp_config/1.20.1-20230612.114412/mcp_config-1.20.1-20230612.114412.zip'
rm 'servidor_minecraft/libraries/de/siegmar/fastcsv/2.0.0/fastcsv-2.0.0.jar'
rm 'servidor_minecraft/libraries/io/netty/netty-buffer/4.1.82.Final/netty-buffer-4.1.82.Final.jar'
rm 'servidor_minecraft/libraries/io/netty/netty-codec/4.1.82.Final/netty-codec-4.1.82.Final.jar'
rm 'servidor_minecraft/libraries/io/netty/netty-common/4.1.82.Final/netty-common-4.1.82.Final.jar'
rm 'servidor_minecraft/libraries/io/netty/netty-handler/4.1.82.Final/netty-handler-4.1.82.Final.jar'
rm 'servidor_minecraft/libraries/io/netty/netty-resolver/4.1.82.Final/netty-resolver-4.1.82.Final.jar'
rm 'servidor_minecraft/libraries/io/netty/netty-transport-classes-epoll/4.1.82.Final/netty-transport-classes-epoll-4.1.82.Final.jar'
rm 'servidor_minecraft/libraries/io/netty/netty-transport-native-epoll/4.1.82.Final/netty-transport-native-epoll-4.1.82.Final-linux-aarch_64.jar'
rm 'servidor_minecraft/libraries/io/netty/netty-transport-native-epoll/4.1.82.Final/netty-transport-native-epoll-4.1.82.Final-linux-x86_64.jar'
rm 'servidor_minecraft/libraries/io/netty/netty-transport-native-unix-common/4.1.82.Final/netty-transport-native-unix-common-4.1.82.Final.jar'
rm 'servidor_minecraft/libraries/io/netty/netty-transport/4.1.82.Final/netty-transport-4.1.82.Final.jar'
rm 'servidor_minecraft/libraries/it/unimi/dsi/fastutil/8.5.9/fastutil-8.5.9.jar'
rm 'servidor_minecraft/libraries/net/java/dev/jna/jna-platform/5.12.1/jna-platform-5.12.1.jar'
rm 'servidor_minecraft/libraries/net/java/dev/jna/jna/5.12.1/jna-5.12.1.jar'
rm 'servidor_minecraft/libraries/net/jodah/typetools/0.6.3/typetools-0.6.3.jar'
rm 'servidor_minecraft/libraries/net/md-5/SpecialSource/1.11.0/SpecialSource-1.11.0.jar'
rm 'servidor_minecraft/libraries/net/minecraft/server/1.20.1-20230612.114412/server-1.20.1-20230612.114412-extra.jar'
rm 'servidor_minecraft/libraries/net/minecraft/server/1.20.1-20230612.114412/server-1.20.1-20230612.114412-extra.jar.cache'
rm 'servidor_minecraft/libraries/net/minecraft/server/1.20.1-20230612.114412/server-1.20.1-20230612.114412-mappings.txt'
rm 'servidor_minecraft/libraries/net/minecraft/server/1.20.1-20230612.114412/server-1.20.1-20230612.114412-slim.jar'
rm 'servidor_minecraft/libraries/net/minecraft/server/1.20.1-20230612.114412/server-1.20.1-20230612.114412-slim.jar.cache'
rm 'servidor_minecraft/libraries/net/minecraft/server/1.20.1-20230612.114412/server-1.20.1-20230612.114412-srg.jar'
rm 'servidor_minecraft/libraries/net/minecraft/server/1.20.1-20230612.114412/server-1.20.1-20230612.114412-unpacked.jar'
rm 'servidor_minecraft/libraries/net/minecraft/server/1.20.1/server-1.20.1.jar'
rm 'servidor_minecraft/libraries/net/minecraftforge/ForgeAutoRenamingTool/0.1.22/ForgeAutoRenamingTool-0.1.22-all.jar'
rm 'servidor_minecraft/libraries/net/minecraftforge/JarJarFileSystems/0.3.19/JarJarFileSystems-0.3.19.jar'
rm 'servidor_minecraft/libraries/net/minecraftforge/JarJarMetadata/0.3.19/JarJarMetadata-0.3.19.jar'
rm 'servidor_minecraft/libraries/net/minecraftforge/JarJarSelector/0.3.19/JarJarSelector-0.3.19.jar'
rm 'servidor_minecraft/libraries/net/minecraftforge/accesstransformers/8.0.4/accesstransformers-8.0.4.jar'
rm 'servidor_minecraft/libraries/net/minecraftforge/binarypatcher/1.1.1/binarypatcher-1.1.1.jar'
rm 'servidor_minecraft/libraries/net/minecraftforge/coremods/5.0.1/coremods-5.0.1.jar'
rm 'servidor_minecraft/libraries/net/minecraftforge/eventbus/6.0.5/eventbus-6.0.5.jar'
rm 'servidor_minecraft/libraries/net/minecraftforge/fmlcore/1.20.1-47.2.0/fmlcore-1.20.1-47.2.0.jar'
rm 'servidor_minecraft/libraries/net/minecraftforge/fmlearlydisplay/1.20.1-47.2.0/fmlearlydisplay-1.20.1-47.2.0.jar'
rm 'servidor_minecraft/libraries/net/minecraftforge/fmlloader/1.20.1-47.2.0/fmlloader-1.20.1-47.2.0.jar'
rm 'servidor_minecraft/libraries/net/minecraftforge/forge/1.20.1-47.2.0/forge-1.20.1-47.2.0-server.jar'
rm 'servidor_minecraft/libraries/net/minecraftforge/forge/1.20.1-47.2.0/forge-1.20.1-47.2.0-universal.jar'
rm 'servidor_minecraft/libraries/net/minecraftforge/forge/1.20.1-47.2.0/unix_args.txt'
rm 'servidor_minecraft/libraries/net/minecraftforge/forge/1.20.1-47.2.0/win_args.txt'
rm 'servidor_minecraft/libraries/net/minecraftforge/forgespi/7.0.1/forgespi-7.0.1.jar'
rm 'servidor_minecraft/libraries/net/minecraftforge/installertools/1.3.0/installertools-1.3.0.jar'
rm 'servidor_minecraft/libraries/net/minecraftforge/jarsplitter/1.1.4/jarsplitter-1.1.4.jar'
rm 'servidor_minecraft/libraries/net/minecraftforge/javafmllanguage/1.20.1-47.2.0/javafmllanguage-1.20.1-47.2.0.jar'
rm 'servidor_minecraft/libraries/net/minecraftforge/lowcodelanguage/1.20.1-47.2.0/lowcodelanguage-1.20.1-47.2.0.jar'
rm 'servidor_minecraft/libraries/net/minecraftforge/mclanguage/1.20.1-47.2.0/mclanguage-1.20.1-47.2.0.jar'
rm 'servidor_minecraft/libraries/net/minecraftforge/mergetool/1.1.5/mergetool-1.1.5-api.jar'
rm 'servidor_minecraft/libraries/net/minecraftforge/srgutils/0.4.11/srgutils-0.4.11.jar'
rm 'servidor_minecraft/libraries/net/minecraftforge/srgutils/0.4.3/srgutils-0.4.3.jar'
rm 'servidor_minecraft/libraries/net/minecraftforge/srgutils/0.4.9/srgutils-0.4.9.jar'
rm 'servidor_minecraft/libraries/net/minecraftforge/unsafe/0.2.0/unsafe-0.2.0.jar'
rm 'servidor_minecraft/libraries/net/minecrell/terminalconsoleappender/1.2.0/terminalconsoleappender-1.2.0.jar'
rm 'servidor_minecraft/libraries/net/sf/jopt-simple/jopt-simple/5.0.4/jopt-simple-5.0.4.jar'
rm 'servidor_minecraft/libraries/net/sf/jopt-simple/jopt-simple/6.0-alpha-3/jopt-simple-6.0-alpha-3.jar'
rm 'servidor_minecraft/libraries/org/antlr/antlr4-runtime/4.9.1/antlr4-runtime-4.9.1.jar'
rm 'servidor_minecraft/libraries/org/apache/commons/commons-collections4/4.2/commons-collections4-4.2.jar'
rm 'servidor_minecraft/libraries/org/apache/commons/commons-lang3/3.12.0/commons-lang3-3.12.0.jar'
rm 'servidor_minecraft/libraries/org/apache/commons/commons-lang3/3.8.1/commons-lang3-3.8.1.jar'
rm 'servidor_minecraft/libraries/org/apache/commons/commons-text/1.3/commons-text-1.3.jar'
rm 'servidor_minecraft/libraries/org/apache/logging/log4j/log4j-api/2.19.0/log4j-api-2.19.0.jar'
rm 'servidor_minecraft/libraries/org/apache/logging/log4j/log4j-core/2.19.0/log4j-core-2.19.0.jar'
rm 'servidor_minecraft/libraries/org/apache/logging/log4j/log4j-slf4j2-impl/2.19.0/log4j-slf4j2-impl-2.19.0.jar'
rm 'servidor_minecraft/libraries/org/apache/maven/maven-artifact/3.8.5/maven-artifact-3.8.5.jar'
rm 'servidor_minecraft/libraries/org/checkerframework/checker-qual/2.0.0/checker-qual-2.0.0.jar'
rm 'servidor_minecraft/libraries/org/codehaus/mojo/animal-sniffer-annotations/1.14/animal-sniffer-annotations-1.14.jar'
rm 'servidor_minecraft/libraries/org/jline/jline-reader/3.12.1/jline-reader-3.12.1.jar'
rm 'servidor_minecraft/libraries/org/jline/jline-terminal/3.12.1/jline-terminal-3.12.1.jar'
rm 'servidor_minecraft/libraries/org/joml/joml/1.10.5/joml-1.10.5.jar'
rm 'servidor_minecraft/libraries/org/openjdk/nashorn/nashorn-core/15.3/nashorn-core-15.3.jar'
rm 'servidor_minecraft/libraries/org/ow2/asm/asm-analysis/9.2/asm-analysis-9.2.jar'
rm 'servidor_minecraft/libraries/org/ow2/asm/asm-analysis/9.3/asm-analysis-9.3.jar'
rm 'servidor_minecraft/libraries/org/ow2/asm/asm-analysis/9.5/asm-analysis-9.5.jar'
rm 'servidor_minecraft/libraries/org/ow2/asm/asm-commons/9.2/asm-commons-9.2.jar'
rm 'servidor_minecraft/libraries/org/ow2/asm/asm-commons/9.3/asm-commons-9.3.jar'
rm 'servidor_minecraft/libraries/org/ow2/asm/asm-commons/9.5/asm-commons-9.5.jar'
rm 'servidor_minecraft/libraries/org/ow2/asm/asm-tree/9.2/asm-tree-9.2.jar'
rm 'servidor_minecraft/libraries/org/ow2/asm/asm-tree/9.3/asm-tree-9.3.jar'
rm 'servidor_minecraft/libraries/org/ow2/asm/asm-tree/9.5/asm-tree-9.5.jar'
rm 'servidor_minecraft/libraries/org/ow2/asm/asm-util/9.5/asm-util-9.5.jar'
rm 'servidor_minecraft/libraries/org/ow2/asm/asm/9.2/asm-9.2.jar'
rm 'servidor_minecraft/libraries/org/ow2/asm/asm/9.3/asm-9.3.jar'
rm 'servidor_minecraft/libraries/org/ow2/asm/asm/9.5/asm-9.5.jar'
rm 'servidor_minecraft/libraries/org/slf4j/slf4j-api/2.0.1/slf4j-api-2.0.1.jar'
rm 'servidor_minecraft/libraries/org/spongepowered/mixin/0.8.5/mixin-0.8.5.jar'
rm 'servidor_minecraft/libraries/trove/trove/1.0.2/trove-1.0.2.jar'
rm 'servidor_minecraft/logs/2024-07-22-10.log.gz'
rm 'servidor_minecraft/logs/2024-07-22-11.log.gz'
rm 'servidor_minecraft/logs/2024-07-22-12.log.gz'
rm 'servidor_minecraft/logs/2024-07-22-2.log.gz'
rm 'servidor_minecraft/logs/2024-07-22-3.log.gz'
rm 'servidor_minecraft/logs/2024-07-22-4.log.gz'
rm 'servidor_minecraft/logs/2024-07-22-5.log.gz'
rm 'servidor_minecraft/logs/2024-07-22-6.log.gz'
rm 'servidor_minecraft/logs/2024-07-22-7.log.gz'
rm 'servidor_minecraft/logs/2024-07-22-8.log.gz'
rm 'servidor_minecraft/logs/2024-07-22-9.log.gz'
rm 'servidor_minecraft/logs/2024-07-24-2.log.gz'
rm 'servidor_minecraft/logs/2024-07-24-3.log.gz'
rm 'servidor_minecraft/logs/2024-07-25-2.log.gz'
rm 'servidor_minecraft/logs/2024-07-25-3.log.gz'
rm 'servidor_minecraft/logs/2024-08-01-2.log.gz'
rm 'servidor_minecraft/logs/2024-08-01-3.log.gz'
rm 'servidor_minecraft/logs/2024-08-01-4.log.gz'
rm 'servidor_minecraft/logs/2024-08-01-5.log.gz'
rm 'servidor_minecraft/logs/2024-09-28-2.log.gz'
rm 'servidor_minecraft/logs/2024-10-21-1.log.gz'
rm 'servidor_minecraft/logs/2024-10-21-2.log.gz'
rm 'servidor_minecraft/logs/2024-10-21-3.log.gz'
rm 'servidor_minecraft/logs/2024-10-21-4.log.gz'
rm 'servidor_minecraft/logs/2024-10-21-5.log.gz'
rm 'servidor_minecraft/logs/2024-10-21-6.log.gz'
rm 'servidor_minecraft/logs/2024-10-21-7.log.gz'
rm 'servidor_minecraft/logs/2024-10-21-8.log.gz'
rm 'servidor_minecraft/logs/2024-10-22-2.log.gz'
rm 'servidor_minecraft/logs/2024-10-22-3.log.gz'
rm 'servidor_minecraft/logs/2024-10-22-4.log.gz'
rm 'servidor_minecraft/logs/debug-1.log.gz'
rm 'servidor_minecraft/logs/debug-2.log.gz'
rm 'servidor_minecraft/logs/debug-3.log.gz'
rm 'servidor_minecraft/logs/debug-4.log.gz'
rm 'servidor_minecraft/logs/debug-5.log.gz'
rm 'servidor_minecraft/logs/debug.log'
rm 'servidor_minecraft/logs/latest.log'
rm 'servidor_minecraft/modgest_config.json'
rm 'servidor_minecraft/modgest_debian_x64'
rm 'servidor_minecraft/mods/Apotheosis-1.20.1-7.4.0.jar'
rm 'servidor_minecraft/mods/ApothicAttributes-1.20.1-1.3.5.jar'
rm 'servidor_minecraft/mods/Bookshelf-Forge-1.20.1-20.2.13.jar'
rm 'servidor_minecraft/mods/ConfigurableCane-1.20-2.5.2.jar'
rm 'servidor_minecraft/mods/CreativeCore_FORGE_v2.11.31_mc1.20.1.jar'
rm 'servidor_minecraft/mods/DungeonsArise-1.20.x-2.1.58-release.jar'
rm 'servidor_minecraft/mods/EnchantmentDescriptions-Forge-1.20.1-17.0.16.jar'
rm 'servidor_minecraft/mods/ImmediatelyFast-Forge-1.2.8+1.20.4.jar'
rm 'servidor_minecraft/mods/Incendium_1.20.x_v5.3.5.jar'
rm 'servidor_minecraft/mods/Jade-1.20.1-forge-11.9.4.jar'
rm 'servidor_minecraft/mods/JustEnoughResources-1.20.1-1.4.0.247.jar'
rm 'servidor_minecraft/mods/KOTM-CaliganBetaUpdate.jar'
rm 'servidor_minecraft/mods/L_Enders_Cataclysm-1.99.6-1.20.1.jar'
rm 'servidor_minecraft/mods/MaxHealthFix-Forge-1.20.1-12.0.3.jar'
rm 'servidor_minecraft/mods/Patchouli-1.20.1-84-FORGE.jar'
rm 'servidor_minecraft/mods/Placebo-1.20.1-8.6.2.jar'
rm 'servidor_minecraft/mods/PlayerRevive_FORGE_v2.0.25_mc1.20.1.jar'
rm 'servidor_minecraft/mods/Structory_1.20.x_v1.3.5.jar'
rm 'servidor_minecraft/mods/TaxCastlePillager+M.1.20.1+ForM.1.0.1.jar'
rm 'servidor_minecraft/mods/TerraBlender-forge-1.20.1-3.0.1.7.jar'
rm 'servidor_minecraft/mods/YetAnotherConfigLib-3.5.0+1.20.1-forge.jar'
rm 'servidor_minecraft/mods/alexscaves-2.0.0.jar'
rm 'servidor_minecraft/mods/alexsmobs-1.22.8.jar'
rm 'servidor_minecraft/mods/aquamirae-6.API15.jar'
rm 'servidor_minecraft/mods/architectury-9.2.14-forge.jar'
rm 'servidor_minecraft/mods/balm-forge-1.20.1-7.3.6-all.jar'
rm 'servidor_minecraft/mods/born_in_chaos_[Forge]1.20.1_1.3.1.jar'
rm 'servidor_minecraft/mods/carryon-forge-1.20.1-2.1.2.7.jar'
rm 'servidor_minecraft/mods/citadel-2.6.0-1.20.1.jar'
rm 'servidor_minecraft/mods/cloth-config-11.1.118-forge.jar'
rm 'servidor_minecraft/mods/combatroll-forge-1.3.2+1.20.1.jar'
rm 'servidor_minecraft/mods/curios-forge-5.9.1+1.20.1.jar'
rm 'servidor_minecraft/mods/deeperdarker-forge-1.20.1-1.2.1.jar'
rm 'servidor_minecraft/mods/elenaidodge2-1.1.jar'
rm 'servidor_minecraft/mods/embeddium-0.3.24+mc1.20.1.jar'
rm 'servidor_minecraft/mods/feathers-1.1.jar'
rm 'servidor_minecraft/mods/ferritecore-6.0.1-forge.jar'
rm 'servidor_minecraft/mods/geckolib-forge-1.20.1-4.4.7.jar'
rm 'servidor_minecraft/mods/iceandfire-2.1.13-1.20.1-beta-5.jar'
rm 'servidor_minecraft/mods/inventorypets-1.20.1-2.1.2.jar'
rm 'servidor_minecraft/mods/jei-1.20.1-forge-15.3.0.8.jar'
rm 'servidor_minecraft/mods/journeymap-1.20.1-5.10.0-forge.jar'
rm 'servidor_minecraft/mods/justleveling-forge-1.20.x-v1.7.jar'
rm 'servidor_minecraft/mods/lionfishapi-1.9.jar'
rm 'servidor_minecraft/mods/loot_journal-3.1.1.jar'
rm 'servidor_minecraft/mods/majrusz-library-forge-1.20.1-7.0.8.jar'
rm 'servidor_minecraft/mods/majruszs-difficulty-forge-1.20.1-1.9.10.jar'
rm 'servidor_minecraft/mods/majruszs-enchantments-forge-1.20.1-1.10.8.jar'
rm 'servidor_minecraft/mods/mokels_witch_boss-1.0-forge-1.20.1.jar'
rm 'servidor_minecraft/mods/mutil-1.20.1-6.1.1.jar'
rm 'servidor_minecraft/mods/obscure_api-15.jar'
rm 'servidor_minecraft/mods/player-animation-lib-forge-1.0.2-rc1+1.20.jar'
rm 'servidor_minecraft/mods/plushie_buddies-0.1.1-1.20.1.jar'
rm 'servidor_minecraft/mods/polytone-1.20-2.3.3.jar'
rm 'servidor_minecraft/mods/radium-mc1.20.1-0.12.2+git.5f80f74.jar'
rm 'servidor_minecraft/mods/realmrpg_fallen_adventurers_1.0.3_forge_1.20.1.jar'
rm 'servidor_minecraft/mods/realmrpg_imps_and_demons_0.9.0_forge_1.20.1.jar'
rm 'servidor_minecraft/mods/rrls-4.0.6.1+mc1.20.1-forge.jar'
rm 'servidor_minecraft/mods/rubidium-extra-0.5.4.3+mc1.20.1-build.121.jar'
rm 'servidor_minecraft/mods/spawnermod-1.20.1-1.9.3+Forge.jar'
rm 'servidor_minecraft/mods/structure_gel-1.20.1-2.16.2.jar'
rm 'servidor_minecraft/mods/tact-1.2.0+1.20.1.jar'
rm 'servidor_minecraft/mods/tctcore-1.4-forge-1.20.1.jar'
rm 'servidor_minecraft/mods/tetra-1.20.1-6.4.0.jar'
rm 'servidor_minecraft/mods/the-conjurer-1.20.1-1.1.6.jar'
rm 'servidor_minecraft/mods/theoneprobe-1.20.1-10.0.2.jar'
rm 'servidor_minecraft/mods/tombstone-1.20.1-8.6.7.jar'
rm 'servidor_minecraft/mods/trashslot-forge-1.20-15.1.0.jar'
rm 'servidor_minecraft/mods/travelersbackpack-forge-1.20.1-9.1.14.jar'
rm 'servidor_minecraft/mods/warriors_of_past_epoch_[Forge]_1.20.1_1.3.jar'
rm 'servidor_minecraft/ops.json'
rm 'servidor_minecraft/playit.status'
rm 'servidor_minecraft/playit.tunnels'
rm 'servidor_minecraft/run.bat'
rm 'servidor_minecraft/run.sh'
rm 'servidor_minecraft/server.properties'
rm 'servidor_minecraft/user_jvm_args.txt'
rm 'servidor_minecraft/usercache.json'
rm 'servidor_minecraft/usernamecache.json'
rm 'servidor_minecraft/whitelist.json'
rm 'servidor_minecraft/world/DIM-1/data/capabilities.dat'
rm 'servidor_minecraft/world/DIM-1/data/clearlagc_worldvars.dat'
rm 'servidor_minecraft/world/DIM-1/data/raids.dat'
rm 'servidor_minecraft/world/DIM1/data/capabilities.dat'
rm 'servidor_minecraft/world/DIM1/data/clearlagc_worldvars.dat'
rm 'servidor_minecraft/world/DIM1/data/raids_end.dat'
rm 'servidor_minecraft/world/advancements/43d79b3e-4afa-37fb-a395-aac4dcd856c6.json'
rm 'servidor_minecraft/world/advancements/9221eae4-d002-3ea6-a2ca-c4c421bfbe27.json'
rm 'servidor_minecraft/world/advancements/ed821a9b-cfc7-343b-9491-331781f0bba2.json'
rm 'servidor_minecraft/world/data/JMPlayerSettings.dat'
rm 'servidor_minecraft/world/data/WorldUUID.dat'
rm 'servidor_minecraft/world/data/alexsmobs_world_data.dat'
rm 'servidor_minecraft/world/data/capabilities.dat'
rm 'servidor_minecraft/world/data/cataclysm_world_data.dat'
rm 'servidor_minecraft/world/data/chunks.dat'
rm 'servidor_minecraft/world/data/citadel_world_data.dat'
rm 'servidor_minecraft/world/data/clearlagc_worldvars.dat'
rm 'servidor_minecraft/world/data/iceandfire_general.dat'
rm 'servidor_minecraft/world/data/idcounts.dat'
rm 'servidor_minecraft/world/data/majruszsdifficulty.dat'
rm 'servidor_minecraft/world/data/map_0.dat'
rm 'servidor_minecraft/world/data/raids.dat'
rm 'servidor_minecraft/world/data/random_sequences.dat'
rm 'servidor_minecraft/world/data/scoreboard.dat'
rm 'servidor_minecraft/world/dimensions/deeperdarker/otherside/data/capabilities.dat'
rm 'servidor_minecraft/world/dimensions/deeperdarker/otherside/data/clearlagc_worldvars.dat'
rm 'servidor_minecraft/world/dimensions/deeperdarker/otherside/data/raids.dat'
rm 'servidor_minecraft/world/entities/r.-1.-1.mca'
rm 'servidor_minecraft/world/entities/r.-1.-2.mca'
rm 'servidor_minecraft/world/entities/r.-1.-3.mca'
rm 'servidor_minecraft/world/entities/r.-1.-4.mca'
rm 'servidor_minecraft/world/entities/r.-1.0.mca'
rm 'servidor_minecraft/world/entities/r.-1.1.mca'
rm 'servidor_minecraft/world/entities/r.-2.-1.mca'
rm 'servidor_minecraft/world/entities/r.-2.-3.mca'
rm 'servidor_minecraft/world/entities/r.-2.-4.mca'
rm 'servidor_minecraft/world/entities/r.-2.0.mca'
rm 'servidor_minecraft/world/entities/r.-2.1.mca'
rm 'servidor_minecraft/world/entities/r.0.-1.mca'
rm 'servidor_minecraft/world/entities/r.0.-2.mca'
rm 'servidor_minecraft/world/entities/r.0.-3.mca'
rm 'servidor_minecraft/world/entities/r.0.-4.mca'
rm 'servidor_minecraft/world/entities/r.0.0.mca'
rm 'servidor_minecraft/world/entities/r.1.-1.mca'
rm 'servidor_minecraft/world/entities/r.1.-2.mca'
rm 'servidor_minecraft/world/entities/r.1.-3.mca'
rm 'servidor_minecraft/world/entities/r.1.-4.mca'
rm 'servidor_minecraft/world/entities/r.2.-2.mca'
rm 'servidor_minecraft/world/entities/r.2.-3.mca'
rm 'servidor_minecraft/world/entities/r.2.-4.mca'
rm 'servidor_minecraft/world/entities/r.3.-3.mca'
rm 'servidor_minecraft/world/entities/r.3.-4.mca'
rm 'servidor_minecraft/world/level.dat'
rm 'servidor_minecraft/world/level.dat_old'
rm 'servidor_minecraft/world/playerdata/43d79b3e-4afa-37fb-a395-aac4dcd856c6.dat'
rm 'servidor_minecraft/world/playerdata/43d79b3e-4afa-37fb-a395-aac4dcd856c6.dat_old'
rm 'servidor_minecraft/world/playerdata/9221eae4-d002-3ea6-a2ca-c4c421bfbe27.dat'
rm 'servidor_minecraft/world/playerdata/9221eae4-d002-3ea6-a2ca-c4c421bfbe27.dat_old'
rm 'servidor_minecraft/world/playerdata/ed821a9b-cfc7-343b-9491-331781f0bba2.dat'
rm 'servidor_minecraft/world/playerdata/ed821a9b-cfc7-343b-9491-331781f0bba2.dat_old'
rm 'servidor_minecraft/world/poi/r.-1.-1.mca'
rm 'servidor_minecraft/world/poi/r.-1.-2.mca'
rm 'servidor_minecraft/world/poi/r.-1.-3.mca'
rm 'servidor_minecraft/world/poi/r.-1.-4.mca'
rm 'servidor_minecraft/world/poi/r.-1.0.mca'
rm 'servidor_minecraft/world/poi/r.-1.1.mca'
rm 'servidor_minecraft/world/poi/r.-2.-1.mca'
rm 'servidor_minecraft/world/poi/r.-2.-3.mca'
rm 'servidor_minecraft/world/poi/r.-2.-4.mca'
rm 'servidor_minecraft/world/poi/r.-2.0.mca'
rm 'servidor_minecraft/world/poi/r.-2.1.mca'
rm 'servidor_minecraft/world/poi/r.0.-1.mca'
rm 'servidor_minecraft/world/poi/r.0.-2.mca'
rm 'servidor_minecraft/world/poi/r.0.-3.mca'
rm 'servidor_minecraft/world/poi/r.0.-4.mca'
rm 'servidor_minecraft/world/poi/r.0.0.mca'
rm 'servidor_minecraft/world/poi/r.1.-1.mca'
rm 'servidor_minecraft/world/poi/r.1.-2.mca'
rm 'servidor_minecraft/world/poi/r.1.-3.mca'
rm 'servidor_minecraft/world/poi/r.1.-4.mca'
rm 'servidor_minecraft/world/poi/r.1.0.mca'
rm 'servidor_minecraft/world/poi/r.2.-2.mca'
rm 'servidor_minecraft/world/poi/r.2.-3.mca'
rm 'servidor_minecraft/world/poi/r.2.-4.mca'
rm 'servidor_minecraft/world/poi/r.3.-2.mca'
rm 'servidor_minecraft/world/poi/r.3.-3.mca'
rm 'servidor_minecraft/world/poi/r.3.-4.mca'
rm 'servidor_minecraft/world/region/r.-1.-1.mca'
rm 'servidor_minecraft/world/region/r.-1.-2.mca'
rm 'servidor_minecraft/world/region/r.-1.-3.mca'
rm 'servidor_minecraft/world/region/r.-1.-4.mca'
rm 'servidor_minecraft/world/region/r.-1.0.mca'
rm 'servidor_minecraft/world/region/r.-1.1.mca'
rm 'servidor_minecraft/world/region/r.-2.-1.mca'
rm 'servidor_minecraft/world/region/r.-2.-2.mca'
rm 'servidor_minecraft/world/region/r.-2.-3.mca'
rm 'servidor_minecraft/world/region/r.-2.-4.mca'
rm 'servidor_minecraft/world/region/r.-2.0.mca'
rm 'servidor_minecraft/world/region/r.-2.1.mca'
rm 'servidor_minecraft/world/region/r.0.-1.mca'
rm 'servidor_minecraft/world/region/r.0.-2.mca'
rm 'servidor_minecraft/world/region/r.0.-3.mca'
rm 'servidor_minecraft/world/region/r.0.-4.mca'
rm 'servidor_minecraft/world/region/r.0.0.mca'
rm 'servidor_minecraft/world/region/r.1.-1.mca'
rm 'servidor_minecraft/world/region/r.1.-2.mca'
rm 'servidor_minecraft/world/region/r.1.-3.mca'
rm 'servidor_minecraft/world/region/r.1.-4.mca'
rm 'servidor_minecraft/world/region/r.1.0.mca'
rm 'servidor_minecraft/world/region/r.2.-2.mca'
rm 'servidor_minecraft/world/region/r.2.-3.mca'
rm 'servidor_minecraft/world/region/r.2.-4.mca'
rm 'servidor_minecraft/world/region/r.3.-2.mca'
rm 'servidor_minecraft/world/region/r.3.-3.mca'
rm 'servidor_minecraft/world/region/r.3.-4.mca'
rm 'servidor_minecraft/world/serverconfig/configurablecane-server.toml'
rm 'servidor_minecraft/world/serverconfig/curios-server.toml'
rm 'servidor_minecraft/world/serverconfig/forge-server.toml'
rm 'servidor_minecraft/world/serverconfig/jei-server.toml'
rm 'servidor_minecraft/world/serverconfig/journeymap-server.toml'
rm 'servidor_minecraft/world/session.lock'
rm 'servidor_minecraft/world/stats/43d79b3e-4afa-37fb-a395-aac4dcd856c6.json'
rm 'servidor_minecraft/world/stats/9221eae4-d002-3ea6-a2ca-c4c421bfbe27.json'
rm 'servidor_minecraft/world/stats/ed821a9b-cfc7-343b-9491-331781f0bba2.json'
rm 'servidor_minecraft/world/tombstone/loottables/tombstone-pool-archaeology.json'
rm 'servidor_minecraft/world/tombstone/loottables/tombstone-pool-cat_morning.json'
rm 'servidor_minecraft/world/tombstone/loottables/tombstone-pool-chest_treasure.bak'
rm 'servidor_minecraft/world/tombstone/loottables/tombstone-pool-chest_treasure.json'
rm 'servidor_minecraft/world/tombstone/loottables/tombstone-pool-lost_treasure.json'
rm 'servidor_minecraft/world/tombstone/loottables/tombstone-pool-seeker_rod.json'
rm 'servidor_minecraft/world/tombstone/loottables/tombstone-pool-sniffer_digging.json'
rm 'servidor_minecraft/world/tombstone/loottables/tombstone-pool-undead_boss.json'
rm 'servidor_minecraft/world/tombstone/loottables/tombstone-pool-undead_mob.json'
rm 'servidor_minecraft/world/tombstone/saved_players/43d79b3e-4afa-37fb-a395-aac4dcd856c6/20241021-140013.save'
rm 'servidor_minecraft/world/tombstone/saved_players/43d79b3e-4afa-37fb-a395-aac4dcd856c6/20241021-232918.save'
rm 'servidor_minecraft/world/tombstone/saved_players/43d79b3e-4afa-37fb-a395-aac4dcd856c6/20241021-234441.save'
rm 'servidor_minecraft/world/tombstone/saved_players/43d79b3e-4afa-37fb-a395-aac4dcd856c6/20241022-000441.save'
rm 'servidor_minecraft/world/tombstone/saved_players/43d79b3e-4afa-37fb-a395-aac4dcd856c6/20241022-002441.save'
rm 'servidor_minecraft/world/tombstone/saved_players/43d79b3e-4afa-37fb-a395-aac4dcd856c6/20241022-140408.save'
rm 'servidor_minecraft/world/tombstone/saved_players/9221eae4-d002-3ea6-a2ca-c4c421bfbe27/20241021-232918.save'
rm 'servidor_minecraft/world/tombstone/saved_players/9221eae4-d002-3ea6-a2ca-c4c421bfbe27/20241021-233108.save'
rm 'servidor_minecraft/world/tombstone/saved_players/9221eae4-d002-3ea6-a2ca-c4c421bfbe27/20241021-233117.save'
rm 'servidor_minecraft/world/tombstone/saved_players/9221eae4-d002-3ea6-a2ca-c4c421bfbe27/20241021-233305.save'
rm 'servidor_minecraft/world/tombstone/saved_players/9221eae4-d002-3ea6-a2ca-c4c421bfbe27/20241021-233725.save'
rm 'servidor_minecraft/world/tombstone/saved_players/9221eae4-d002-3ea6-a2ca-c4c421bfbe27/20241021-233935.save'
rm 'servidor_minecraft/world/tombstone/saved_players/9221eae4-d002-3ea6-a2ca-c4c421bfbe27/20241021-234022.save'
rm 'servidor_minecraft/world/tombstone/saved_players/9221eae4-d002-3ea6-a2ca-c4c421bfbe27/20241021-234441.save'
rm 'servidor_minecraft/world/tombstone/saved_players/9221eae4-d002-3ea6-a2ca-c4c421bfbe27/20241021-234456.save'
rm 'servidor_minecraft/world/tombstone/saved_players/9221eae4-d002-3ea6-a2ca-c4c421bfbe27/20241022-000441.save'
rm 'servidor_minecraft/world/tombstone/saved_players/9221eae4-d002-3ea6-a2ca-c4c421bfbe27/20241022-001502.save'
rm 'servidor_minecraft/world/tombstone/saved_players/9221eae4-d002-3ea6-a2ca-c4c421bfbe27/20241022-002441.save'
rm 'servidor_minecraft/world/tombstone/saved_players/9221eae4-d002-3ea6-a2ca-c4c421bfbe27/20241022-003438.save'
rm 'servidor_minecraft/world/tombstone/saved_players/ed821a9b-cfc7-343b-9491-331781f0bba2/20241021-232918.save'
rm 'servidor_minecraft/world/tombstone/version.info'
fatal: a branch named 'Minecraft_branch' already exists
stat: cannot stat 'servidor_minecraft/mods/ClearLag': No such file or directory
fatal: pathspec 'servidor_minecraft/mods/ClearLag' did not match any files
stat: cannot stat '1.20.1.jar': No such file or directory
fatal: pathspec '1.20.1.jar' did not match any files
stat: cannot stat 'servidor_minecraft/mods/Explorify': No such file or directory
fatal: pathspec 'servidor_minecraft/mods/Explorify' did not match any files
stat: cannot stat 'v1.6.1': No such file or directory
fatal: pathspec 'v1.6.1' did not match any files
stat: cannot stat 'f10-48.jar': No such file or directory
fatal: pathspec 'f10-48.jar' did not match any files
stat: cannot stat 'servidor_minecraft/mods/ironchest-1.20.1-14.4.4': No such file or directory
fatal: pathspec 'servidor_minecraft/mods/ironchest-1.20.1-14.4.4' did not match any files
stat: cannot stat '(1).jar': No such file or directory
fatal: pathspec '(1).jar' did not match any files
stat: cannot stat 'servidor_minecraft/mods/Cardinal': No such file or directory
fatal: pathspec 'servidor_minecraft/mods/Cardinal' did not match any files
stat: cannot stat 'Sins': No such file or directory
fatal: pathspec 'Sins' did not match any files
stat: cannot stat '1.0.3.jar': No such file or directory
fatal: pathspec '1.0.3.jar' did not match any files
stat: cannot stat 'server': No such file or directory
stat: cannot stat '(1).py': No such file or directory
Obteniendo cambios del remoto...
Fusionando cambios del remoto en la rama actual...
Already up to date.
Realizando push forzado en la rama Minecraft_branch con archivos menores de 100 MB
remote: warning: See https://gh.io/lfs for more information.        
remote: warning: File servidor_minecraft/mods/alexscaves-2.0.0.jar is 71.31 MB; this is larger than GitHub's recommended maximum file size of 50.00 MB        
remote: warning: GH001: Large files detected. You may want to try Git Large File Storage - https://git-lfs.github.com.        
To https://github.com/jaime412/Minecraft_branch.git
 + 9e0bc52...3bdf998 Minecraft_branch -> Minecraft_branch (forced update)
Push forzado realizado con éxito en la rama Minecraft_branch.
[Minecraft_branch a07df26] Añadido excluded_files.txt con los archivos grandes excluidos
 1 file changed, 0 insertions(+), 0 deletions(-)
 create mode 100644 excluded_files.txt
To https://github.com/jaime412/Minecraft_branch.git
   3bdf998..a07df26  Minecraft_branch -> Minecraft_branch
Esperando 10 minutos antes de la próxima ejecución...
Iniciando proceso de sincronización...
Nombre de la rama actual: Minecraft_branch
Obteniendo la URL del repositorio remoto
origin	https://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@github.com/jaime412/Minecraft_branch.git (fetch)
origin	https://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@github.com/jaime412/Minecraft_branch.git (push)
rm '.gitignore'
rm 'addons/Branchutil.addon'
rm 'addons/Utilidades.py'
rm 'addons/url-del-branch.json'
rm 'configuracion.json'
rm 'excluded_files.txt'
rm 'output.log'
rm 'playit.status'
rm 'playit.tunnels'
rm 'respaldos/world_respaldo.zip'
rm 'server (1).py'
rm 'servidor_minecraft/banned-ips.json'
rm 'servidor_minecraft/banned-players.json'
rm 'servidor_minecraft/config/Elenai-Dodge-2-Common.toml'
rm 'servidor_minecraft/config/Feathers-Common.toml'
rm 'servidor_minecraft/config/Obscuria/aquamirae-common.toml'
rm 'servidor_minecraft/config/Plushie_Buddies-Common.toml'
rm 'servidor_minecraft/config/ShieldExpansion-common.toml'
rm 'servidor_minecraft/config/alexscaves-general.toml'
rm 'servidor_minecraft/config/alexscaves_biome_generation/abyssal_chasm.json'
rm 'servidor_minecraft/config/alexscaves_biome_generation/candy_cavity.json'
rm 'servidor_minecraft/config/alexscaves_biome_generation/forlorn_hollows.json'
rm 'servidor_minecraft/config/alexscaves_biome_generation/magnetic_caves.json'
rm 'servidor_minecraft/config/alexscaves_biome_generation/primordial_caves.json'
rm 'servidor_minecraft/config/alexscaves_biome_generation/toxic_caves.json'
rm 'servidor_minecraft/config/alexsmobs.toml'
rm 'servidor_minecraft/config/alexsmobs/alligator_snapping_turtle_spawns.json'
rm 'servidor_minecraft/config/alexsmobs/anaconda_spawns.json'
rm 'servidor_minecraft/config/alexsmobs/anteater_spawns.json'
rm 'servidor_minecraft/config/alexsmobs/bald_eagle_spawns.json'
rm 'servidor_minecraft/config/alexsmobs/banana_slug_spawns.json'
rm 'servidor_minecraft/config/alexsmobs/bison_spawns.json'
rm 'servidor_minecraft/config/alexsmobs/blobfish_spawns.json'
rm 'servidor_minecraft/config/alexsmobs/blue_jay_spawns.json'
rm 'servidor_minecraft/config/alexsmobs/bone_serpent_spawns.json'
rm 'servidor_minecraft/config/alexsmobs/bunfungus_spawns.json'
rm 'servidor_minecraft/config/alexsmobs/cachalot_whale_beached_spawns.json'
rm 'servidor_minecraft/config/alexsmobs/cachalot_whale_spawns.json'
rm 'servidor_minecraft/config/alexsmobs/caiman_spawns.json'
rm 'servidor_minecraft/config/alexsmobs/capuchin_monkey_spawns.json'
rm 'servidor_minecraft/config/alexsmobs/catfish_spawns.json'
rm 'servidor_minecraft/config/alexsmobs/cave_centipede_spawns.json'
rm 'servidor_minecraft/config/alexsmobs/cockroach_spawns.json'
rm 'servidor_minecraft/config/alexsmobs/comb_jelly_spawns.json'
rm 'servidor_minecraft/config/alexsmobs/cosmaw_spawns.json'
rm 'servidor_minecraft/config/alexsmobs/cosmic_cod_spawns.json'
rm 'servidor_minecraft/config/alexsmobs/crimson_mosquito_spawns.json'
rm 'servidor_minecraft/config/alexsmobs/crocodile_spawns.json'
rm 'servidor_minecraft/config/alexsmobs/crow_spawns.json'
rm 'servidor_minecraft/config/alexsmobs/devils_hole_pupfish_spawns.json'
rm 'servidor_minecraft/config/alexsmobs/dropbear_spawns.json'
rm 'servidor_minecraft/config/alexsmobs/elephant_spawns.json'
rm 'servidor_minecraft/config/alexsmobs/emu_spawns.json'
rm 'servidor_minecraft/config/alexsmobs/endergrade_spawns.json'
rm 'servidor_minecraft/config/alexsmobs/enderiophage_spawns.json'
rm 'servidor_minecraft/config/alexsmobs/farseer.json'
rm 'servidor_minecraft/config/alexsmobs/flutter_spawns.json'
rm 'servidor_minecraft/config/alexsmobs/fly_spawns.json'
rm 'servidor_minecraft/config/alexsmobs/flying_fish_spawns.json'
rm 'servidor_minecraft/config/alexsmobs/frilled_shark_spawns.json'
rm 'servidor_minecraft/config/alexsmobs/froststalker_spawns.json'
rm 'servidor_minecraft/config/alexsmobs/gazelle_spawns.json'
rm 'servidor_minecraft/config/alexsmobs/gelada_monkey_spawns.json'
rm 'servidor_minecraft/config/alexsmobs/giant_squid_spawns.json'
rm 'servidor_minecraft/config/alexsmobs/gorilla_spawns.json'
rm 'servidor_minecraft/config/alexsmobs/grizzly_bear_spawns.json'
rm 'servidor_minecraft/config/alexsmobs/guster_spawns.json'
rm 'servidor_minecraft/config/alexsmobs/hammerhead_shark_spawns.json'
rm 'servidor_minecraft/config/alexsmobs/hummingbird_spawns.json'
rm 'servidor_minecraft/config/alexsmobs/jerboa_spawns.json'
rm 'servidor_minecraft/config/alexsmobs/kangaroo_spawns.json'
rm 'servidor_minecraft/config/alexsmobs/komodo_dragon_spawns.json'
rm 'servidor_minecraft/config/alexsmobs/laviathan_spawns.json'
rm 'servidor_minecraft/config/alexsmobs/leafcutter_anthill_spawns.json'
rm 'servidor_minecraft/config/alexsmobs/lobster_spawns.json'
rm 'servidor_minecraft/config/alexsmobs/maned_wolf_spawns.json'
rm 'servidor_minecraft/config/alexsmobs/mantis_shrimp_spawns.json'
rm 'servidor_minecraft/config/alexsmobs/mimic_octopus_spawns.json'
rm 'servidor_minecraft/config/alexsmobs/mimicube_spawns.json'
rm 'servidor_minecraft/config/alexsmobs/moose_spawns.json'
rm 'servidor_minecraft/config/alexsmobs/mudskipper_spawns.json'
rm 'servidor_minecraft/config/alexsmobs/mungus_spawns.json'
rm 'servidor_minecraft/config/alexsmobs/murmur.json'
rm 'servidor_minecraft/config/alexsmobs/orca_spawns.json'
rm 'servidor_minecraft/config/alexsmobs/platypus_spawns.json'
rm 'servidor_minecraft/config/alexsmobs/potoo_spawns.json'
rm 'servidor_minecraft/config/alexsmobs/raccoon_spawns.json'
rm 'servidor_minecraft/config/alexsmobs/rain_frog_spawns.json'
rm 'servidor_minecraft/config/alexsmobs/rattlesnake_spawns.json'
rm 'servidor_minecraft/config/alexsmobs/rhinoceros_spawns.json'
rm 'servidor_minecraft/config/alexsmobs/roadrunner_spawns.json'
rm 'servidor_minecraft/config/alexsmobs/rocky_roller_spawns.json'
rm 'servidor_minecraft/config/alexsmobs/seagull_spawns.json'
rm 'servidor_minecraft/config/alexsmobs/seal_spawns.json'
rm 'servidor_minecraft/config/alexsmobs/shoebill_spawns.json'
rm 'servidor_minecraft/config/alexsmobs/skelewag_spawns.json'
rm 'servidor_minecraft/config/alexsmobs/skreecher.json'
rm 'servidor_minecraft/config/alexsmobs/skunk_spawns.json'
rm 'servidor_minecraft/config/alexsmobs/snow_leopard_spawns.json'
rm 'servidor_minecraft/config/alexsmobs/soul_vulture_spawns.json'
rm 'servidor_minecraft/config/alexsmobs/spectre_spawns.json'
rm 'servidor_minecraft/config/alexsmobs/straddler_spawns.json'
rm 'servidor_minecraft/config/alexsmobs/stradpole_spawns.json'
rm 'servidor_minecraft/config/alexsmobs/sugar_glider_spawns.json'
rm 'servidor_minecraft/config/alexsmobs/sunbird_spawns.json'
rm 'servidor_minecraft/config/alexsmobs/tarantula_hawk_spawns.json'
rm 'servidor_minecraft/config/alexsmobs/tasmanian_devil_spawns.json'
rm 'servidor_minecraft/config/alexsmobs/terrapin_spawns.json'
rm 'servidor_minecraft/config/alexsmobs/tiger_spawns.json'
rm 'servidor_minecraft/config/alexsmobs/toucan_spawns.json'
rm 'servidor_minecraft/config/alexsmobs/triops_spawns.json'
rm 'servidor_minecraft/config/alexsmobs/tusklin_spawns.json'
rm 'servidor_minecraft/config/alexsmobs/underminer.json'
rm 'servidor_minecraft/config/alexsmobs/void_worm_spawns.json'
rm 'servidor_minecraft/config/alexsmobs/warped_mosco_spawns.json'
rm 'servidor_minecraft/config/alexsmobs/warped_toad_spawns.json'
rm 'servidor_minecraft/config/aoa3/integrations_config.toml'
rm 'servidor_minecraft/config/apotheosis/adventure.cfg'
rm 'servidor_minecraft/config/apotheosis/apotheosis.cfg'
rm 'servidor_minecraft/config/apotheosis/ench.cfg'
rm 'servidor_minecraft/config/apotheosis/enchantments.cfg'
rm 'servidor_minecraft/config/apotheosis/garden.cfg'
rm 'servidor_minecraft/config/apotheosis/names.cfg'
rm 'servidor_minecraft/config/apotheosis/potion.cfg'
rm 'servidor_minecraft/config/apotheosis/spawner.cfg'
rm 'servidor_minecraft/config/apotheosis/village.cfg'
rm 'servidor_minecraft/config/attributeslib.cfg'
rm 'servidor_minecraft/config/balm-common.toml'
rm 'servidor_minecraft/config/bettercombat/fallback_compatibility.json'
rm 'servidor_minecraft/config/bettercombat/server.json5'
rm 'servidor_minecraft/config/carryon-common.toml'
rm 'servidor_minecraft/config/cataclysm.toml'
rm 'servidor_minecraft/config/cataclysm/amethyst_crab_spawns.json'
rm 'servidor_minecraft/config/cataclysm/coral_golem_spawns.json'
rm 'servidor_minecraft/config/cataclysm/deepling_angler_spawns.json'
rm 'servidor_minecraft/config/cataclysm/deepling_brute_spawns.json'
rm 'servidor_minecraft/config/cataclysm/deepling_priest_spawns.json'
rm 'servidor_minecraft/config/cataclysm/deepling_spawns.json'
rm 'servidor_minecraft/config/cataclysm/deepling_warlock_spawns.json'
rm 'servidor_minecraft/config/cataclysm/koboleton_spawns.json'
rm 'servidor_minecraft/config/citadel-common.toml'
rm 'servidor_minecraft/config/combatroll/enchantments.json'
rm 'servidor_minecraft/config/combatroll/server.json5'
rm 'servidor_minecraft/config/curios-common.toml'
rm 'servidor_minecraft/config/embeddium-mixins.properties'
rm 'servidor_minecraft/config/embeddium-options.json'
rm 'servidor_minecraft/config/epicknights/armor.json5'
rm 'servidor_minecraft/config/epicknights/general.json5'
rm 'servidor_minecraft/config/epicknights/mobs_equipment.json5'
rm 'servidor_minecraft/config/epicknights/shields.json5'
rm 'servidor_minecraft/config/epicknights/weapons.json5'
rm 'servidor_minecraft/config/ferritecore-mixin.toml'
rm 'servidor_minecraft/config/fml.toml'
rm 'servidor_minecraft/config/iceandfire-common.toml'
rm 'servidor_minecraft/config/iceandfire/amphithere_biomes.json'
rm 'servidor_minecraft/config/iceandfire/cockatrice_biomes.json'
rm 'servidor_minecraft/config/iceandfire/cyclops_cave_biomes.json'
rm 'servidor_minecraft/config/iceandfire/deathworm_biomes.json'
rm 'servidor_minecraft/config/iceandfire/desert_myrmex_biomes.json'
rm 'servidor_minecraft/config/iceandfire/fire_dragon_biomes.json'
rm 'servidor_minecraft/config/iceandfire/fire_dragon_cave_biomes.json'
rm 'servidor_minecraft/config/iceandfire/fire_dragon_skeleton_biomes.json'
rm 'servidor_minecraft/config/iceandfire/fire_lily_biomes.json'
rm 'servidor_minecraft/config/iceandfire/forest_troll_biomes.json'
rm 'servidor_minecraft/config/iceandfire/frost_lily_biomes.json'
rm 'servidor_minecraft/config/iceandfire/gorgon_temple_biomes.json'
rm 'servidor_minecraft/config/iceandfire/graveyard_biomes.json'
rm 'servidor_minecraft/config/iceandfire/hippocampus_biomes.json'
rm 'servidor_minecraft/config/iceandfire/hippogryph_biomes.json'
rm 'servidor_minecraft/config/iceandfire/hippogryph_black_biomes.json'
rm 'servidor_minecraft/config/iceandfire/hippogryph_brown_biomes.json'
rm 'servidor_minecraft/config/iceandfire/hippogryph_chestnut_biomes.json'
rm 'servidor_minecraft/config/iceandfire/hippogryph_creamy_biomes.json'
rm 'servidor_minecraft/config/iceandfire/hippogryph_dark_brown_biomes.json'
rm 'servidor_minecraft/config/iceandfire/hippogryph_gray_biomes.json'
rm 'servidor_minecraft/config/iceandfire/hippogryph_white_biomes.json'
rm 'servidor_minecraft/config/iceandfire/hydra_cave_biomes.json'
rm 'servidor_minecraft/config/iceandfire/ice_dragon_biomes.json'
rm 'servidor_minecraft/config/iceandfire/ice_dragon_cave_biomes.json'
rm 'servidor_minecraft/config/iceandfire/ice_dragon_skeleton_biomes.json'
rm 'servidor_minecraft/config/iceandfire/jungle_myrmex_biomes.json'
rm 'servidor_minecraft/config/iceandfire/lightning_dragon_biomes.json'
rm 'servidor_minecraft/config/iceandfire/lightning_dragon_cave_biomes.json'
rm 'servidor_minecraft/config/iceandfire/lightning_dragon_skeleton_biomes.json'
rm 'servidor_minecraft/config/iceandfire/lightning_lily_biomes.json'
rm 'servidor_minecraft/config/iceandfire/mausoleum_biomes.json'
rm 'servidor_minecraft/config/iceandfire/mountain_troll_biomes.json'
rm 'servidor_minecraft/config/iceandfire/ore_gen_biomes.json'
rm 'servidor_minecraft/config/iceandfire/pixie_village_biomes.json'
rm 'servidor_minecraft/config/iceandfire/sapphire_gen_biomes.json'
rm 'servidor_minecraft/config/iceandfire/sea_serpent_biomes.json'
rm 'servidor_minecraft/config/iceandfire/siren_biomes.json'
rm 'servidor_minecraft/config/iceandfire/snowy_troll_biomes.json'
rm 'servidor_minecraft/config/iceandfire/stymphalian_bird_biomes.json'
rm 'servidor_minecraft/config/iceandfire/wandering_cyclops_biomes.json'
rm 'servidor_minecraft/config/immediatelyfast.json'
rm 'servidor_minecraft/config/inventorypets-common.toml'
rm 'servidor_minecraft/config/jade/server-plugin-overrides.json'
rm 'servidor_minecraft/config/jade/sort-order.json'
rm 'servidor_minecraft/config/jeresources-common.toml'
rm 'servidor_minecraft/config/jeresources.toml'
rm 'servidor_minecraft/config/just_leveling-common.toml'
rm 'servidor_minecraft/config/lithium.properties'
rm 'servidor_minecraft/config/majruszlibrary.json'
rm 'servidor_minecraft/config/majruszsdifficulty.json'
rm 'servidor_minecraft/config/majruszsenchantments.json'
rm 'servidor_minecraft/config/mca.json'
rm 'servidor_minecraft/config/mysticsbiomes-common.toml'
rm 'servidor_minecraft/config/playerrevive.json'
rm 'servidor_minecraft/config/sodium-extra.properties'
rm 'servidor_minecraft/config/spawnermod.json'
rm 'servidor_minecraft/config/structure_gel-common.toml'
rm 'servidor_minecraft/config/tact-common.toml'
rm 'servidor_minecraft/config/terrablender.toml'
rm 'servidor_minecraft/config/tetra.toml'
rm 'servidor_minecraft/config/theoneprobe-common.toml'
rm 'servidor_minecraft/config/tombstone-common.toml'
rm 'servidor_minecraft/config/tombstone-server.toml'
rm 'servidor_minecraft/config/trashslot-common.toml'
rm 'servidor_minecraft/config/travelersbackpack-common.toml'
rm 'servidor_minecraft/config/yacl.json5'
rm 'servidor_minecraft/configuracion.json'
rm 'servidor_minecraft/crash-reports/crash-2024-08-01_03.17.33-server.txt'
rm 'servidor_minecraft/crash-reports/crash-2024-08-01_03.24.36-server.txt'
rm 'servidor_minecraft/crash-reports/crash-2024-08-01_03.33.05-server.txt'
rm 'servidor_minecraft/eula.txt'
rm 'servidor_minecraft/forge.jar'
rm 'servidor_minecraft/forge.jar.log'
rm 'servidor_minecraft/journeymap/server/5.10/journeymap.server.aoa3~barathos.config'
rm 'servidor_minecraft/journeymap/server/5.10/journeymap.server.aoa3~deeplands.config'
rm 'servidor_minecraft/journeymap/server/5.10/journeymap.server.aoa3~lborean.config'
rm 'servidor_minecraft/journeymap/server/5.10/journeymap.server.aoa3~lelyetia.config'
rm 'servidor_minecraft/journeymap/server/5.10/journeymap.server.aoa3~nowhere.config'
rm 'servidor_minecraft/journeymap/server/5.10/journeymap.server.aoa3~precasia.config'
rm 'servidor_minecraft/journeymap/server/5.10/journeymap.server.aoa3~precasia_backup.config'
rm 'servidor_minecraft/journeymap/server/5.10/journeymap.server.deeperdarker~otherside.config'
rm 'servidor_minecraft/journeymap/server/5.10/journeymap.server.default.config'
rm 'servidor_minecraft/journeymap/server/5.10/journeymap.server.global.config'
rm 'servidor_minecraft/journeymap/server/5.10/journeymap.server.minecraft~overworld.config'
rm 'servidor_minecraft/journeymap/server/5.10/journeymap.server.minecraft~the_end.config'
rm 'servidor_minecraft/journeymap/server/5.10/journeymap.server.minecraft~the_nether.config'
rm 'servidor_minecraft/journeymap/server/5.10/journeymap.server.world~madnessdimension.config'
rm 'servidor_minecraft/journeymap/server/5.10/journeymap.server.world~worldtest_1.config'
rm 'servidor_minecraft/libraries/com/electronwill/night-config/core/3.6.4/core-3.6.4.jar'
rm 'servidor_minecraft/libraries/com/electronwill/night-config/toml/3.6.4/toml-3.6.4.jar'
rm 'servidor_minecraft/libraries/com/github/jponge/lzma-java/1.3/lzma-java-1.3.jar'
rm 'servidor_minecraft/libraries/com/github/oshi/oshi-core/6.2.2/oshi-core-6.2.2.jar'
rm 'servidor_minecraft/libraries/com/google/code/findbugs/jsr305/3.0.2/jsr305-3.0.2.jar'
rm 'servidor_minecraft/libraries/com/google/code/gson/gson/2.10/gson-2.10.jar'
rm 'servidor_minecraft/libraries/com/google/code/gson/gson/2.8.7/gson-2.8.7.jar'
rm 'servidor_minecraft/libraries/com/google/errorprone/error_prone_annotations/2.1.3/error_prone_annotations-2.1.3.jar'
rm 'servidor_minecraft/libraries/com/google/guava/failureaccess/1.0.1/failureaccess-1.0.1.jar'
rm 'servidor_minecraft/libraries/com/google/guava/guava/20.0/guava-20.0.jar'
rm 'servidor_minecraft/libraries/com/google/guava/guava/25.1-jre/guava-25.1-jre.jar'
rm 'servidor_minecraft/libraries/com/google/guava/guava/31.1-jre/guava-31.1-jre.jar'
rm 'servidor_minecraft/libraries/com/google/j2objc/j2objc-annotations/1.1/j2objc-annotations-1.1.jar'
rm 'servidor_minecraft/libraries/com/mojang/authlib/4.0.43/authlib-4.0.43.jar'
rm 'servidor_minecraft/libraries/com/mojang/brigadier/1.1.8/brigadier-1.1.8.jar'
rm 'servidor_minecraft/libraries/com/mojang/datafixerupper/6.0.8/datafixerupper-6.0.8.jar'
rm 'servidor_minecraft/libraries/com/mojang/logging/1.1.1/logging-1.1.1.jar'
rm 'servidor_minecraft/libraries/com/nothome/javaxdelta/2.0.1/javaxdelta-2.0.1.jar'
rm 'servidor_minecraft/libraries/com/opencsv/opencsv/4.4/opencsv-4.4.jar'
rm 'servidor_minecraft/libraries/commons-beanutils/commons-beanutils/1.9.3/commons-beanutils-1.9.3.jar'
rm 'servidor_minecraft/libraries/commons-collections/commons-collections/3.2.2/commons-collections-3.2.2.jar'
rm 'servidor_minecraft/libraries/commons-io/commons-io/2.11.0/commons-io-2.11.0.jar'
rm 'servidor_minecraft/libraries/commons-io/commons-io/2.4/commons-io-2.4.jar'
rm 'servidor_minecraft/libraries/commons-logging/commons-logging/1.2/commons-logging-1.2.jar'
rm 'servidor_minecraft/libraries/cpw/mods/bootstraplauncher/1.1.2/bootstraplauncher-1.1.2.jar'
rm 'servidor_minecraft/libraries/cpw/mods/modlauncher/10.0.9/modlauncher-10.0.9.jar'
rm 'servidor_minecraft/libraries/cpw/mods/securejarhandler/2.1.10/securejarhandler-2.1.10.jar'
rm 'servidor_minecraft/libraries/de/oceanlabs/mcp/mcp_config/1.20.1-20230612.114412/mcp_config-1.20.1-20230612.114412-mappings-merged.txt'
rm 'servidor_minecraft/libraries/de/oceanlabs/mcp/mcp_config/1.20.1-20230612.114412/mcp_config-1.20.1-20230612.114412-mappings.txt'
rm 'servidor_minecraft/libraries/de/oceanlabs/mcp/mcp_config/1.20.1-20230612.114412/mcp_config-1.20.1-20230612.114412.zip'
rm 'servidor_minecraft/libraries/de/siegmar/fastcsv/2.0.0/fastcsv-2.0.0.jar'
rm 'servidor_minecraft/libraries/io/netty/netty-buffer/4.1.82.Final/netty-buffer-4.1.82.Final.jar'
rm 'servidor_minecraft/libraries/io/netty/netty-codec/4.1.82.Final/netty-codec-4.1.82.Final.jar'
rm 'servidor_minecraft/libraries/io/netty/netty-common/4.1.82.Final/netty-common-4.1.82.Final.jar'
rm 'servidor_minecraft/libraries/io/netty/netty-handler/4.1.82.Final/netty-handler-4.1.82.Final.jar'
rm 'servidor_minecraft/libraries/io/netty/netty-resolver/4.1.82.Final/netty-resolver-4.1.82.Final.jar'
rm 'servidor_minecraft/libraries/io/netty/netty-transport-classes-epoll/4.1.82.Final/netty-transport-classes-epoll-4.1.82.Final.jar'
rm 'servidor_minecraft/libraries/io/netty/netty-transport-native-epoll/4.1.82.Final/netty-transport-native-epoll-4.1.82.Final-linux-aarch_64.jar'
rm 'servidor_minecraft/libraries/io/netty/netty-transport-native-epoll/4.1.82.Final/netty-transport-native-epoll-4.1.82.Final-linux-x86_64.jar'
rm 'servidor_minecraft/libraries/io/netty/netty-transport-native-unix-common/4.1.82.Final/netty-transport-native-unix-common-4.1.82.Final.jar'
rm 'servidor_minecraft/libraries/io/netty/netty-transport/4.1.82.Final/netty-transport-4.1.82.Final.jar'
rm 'servidor_minecraft/libraries/it/unimi/dsi/fastutil/8.5.9/fastutil-8.5.9.jar'
rm 'servidor_minecraft/libraries/net/java/dev/jna/jna-platform/5.12.1/jna-platform-5.12.1.jar'
rm 'servidor_minecraft/libraries/net/java/dev/jna/jna/5.12.1/jna-5.12.1.jar'
rm 'servidor_minecraft/libraries/net/jodah/typetools/0.6.3/typetools-0.6.3.jar'
rm 'servidor_minecraft/libraries/net/md-5/SpecialSource/1.11.0/SpecialSource-1.11.0.jar'
rm 'servidor_minecraft/libraries/net/minecraft/server/1.20.1-20230612.114412/server-1.20.1-20230612.114412-extra.jar'
rm 'servidor_minecraft/libraries/net/minecraft/server/1.20.1-20230612.114412/server-1.20.1-20230612.114412-extra.jar.cache'
rm 'servidor_minecraft/libraries/net/minecraft/server/1.20.1-20230612.114412/server-1.20.1-20230612.114412-mappings.txt'
rm 'servidor_minecraft/libraries/net/minecraft/server/1.20.1-20230612.114412/server-1.20.1-20230612.114412-slim.jar'
rm 'servidor_minecraft/libraries/net/minecraft/server/1.20.1-20230612.114412/server-1.20.1-20230612.114412-slim.jar.cache'
rm 'servidor_minecraft/libraries/net/minecraft/server/1.20.1-20230612.114412/server-1.20.1-20230612.114412-srg.jar'
rm 'servidor_minecraft/libraries/net/minecraft/server/1.20.1-20230612.114412/server-1.20.1-20230612.114412-unpacked.jar'
rm 'servidor_minecraft/libraries/net/minecraft/server/1.20.1/server-1.20.1.jar'
rm 'servidor_minecraft/libraries/net/minecraftforge/ForgeAutoRenamingTool/0.1.22/ForgeAutoRenamingTool-0.1.22-all.jar'
rm 'servidor_minecraft/libraries/net/minecraftforge/JarJarFileSystems/0.3.19/JarJarFileSystems-0.3.19.jar'
rm 'servidor_minecraft/libraries/net/minecraftforge/JarJarMetadata/0.3.19/JarJarMetadata-0.3.19.jar'
rm 'servidor_minecraft/libraries/net/minecraftforge/JarJarSelector/0.3.19/JarJarSelector-0.3.19.jar'
rm 'servidor_minecraft/libraries/net/minecraftforge/accesstransformers/8.0.4/accesstransformers-8.0.4.jar'
rm 'servidor_minecraft/libraries/net/minecraftforge/binarypatcher/1.1.1/binarypatcher-1.1.1.jar'
rm 'servidor_minecraft/libraries/net/minecraftforge/coremods/5.0.1/coremods-5.0.1.jar'
rm 'servidor_minecraft/libraries/net/minecraftforge/eventbus/6.0.5/eventbus-6.0.5.jar'
rm 'servidor_minecraft/libraries/net/minecraftforge/fmlcore/1.20.1-47.2.0/fmlcore-1.20.1-47.2.0.jar'
rm 'servidor_minecraft/libraries/net/minecraftforge/fmlearlydisplay/1.20.1-47.2.0/fmlearlydisplay-1.20.1-47.2.0.jar'
rm 'servidor_minecraft/libraries/net/minecraftforge/fmlloader/1.20.1-47.2.0/fmlloader-1.20.1-47.2.0.jar'
rm 'servidor_minecraft/libraries/net/minecraftforge/forge/1.20.1-47.2.0/forge-1.20.1-47.2.0-server.jar'
rm 'servidor_minecraft/libraries/net/minecraftforge/forge/1.20.1-47.2.0/forge-1.20.1-47.2.0-universal.jar'
rm 'servidor_minecraft/libraries/net/minecraftforge/forge/1.20.1-47.2.0/unix_args.txt'
rm 'servidor_minecraft/libraries/net/minecraftforge/forge/1.20.1-47.2.0/win_args.txt'
rm 'servidor_minecraft/libraries/net/minecraftforge/forgespi/7.0.1/forgespi-7.0.1.jar'
rm 'servidor_minecraft/libraries/net/minecraftforge/installertools/1.3.0/installertools-1.3.0.jar'
rm 'servidor_minecraft/libraries/net/minecraftforge/jarsplitter/1.1.4/jarsplitter-1.1.4.jar'
rm 'servidor_minecraft/libraries/net/minecraftforge/javafmllanguage/1.20.1-47.2.0/javafmllanguage-1.20.1-47.2.0.jar'
rm 'servidor_minecraft/libraries/net/minecraftforge/lowcodelanguage/1.20.1-47.2.0/lowcodelanguage-1.20.1-47.2.0.jar'
rm 'servidor_minecraft/libraries/net/minecraftforge/mclanguage/1.20.1-47.2.0/mclanguage-1.20.1-47.2.0.jar'
rm 'servidor_minecraft/libraries/net/minecraftforge/mergetool/1.1.5/mergetool-1.1.5-api.jar'
rm 'servidor_minecraft/libraries/net/minecraftforge/srgutils/0.4.11/srgutils-0.4.11.jar'
rm 'servidor_minecraft/libraries/net/minecraftforge/srgutils/0.4.3/srgutils-0.4.3.jar'
rm 'servidor_minecraft/libraries/net/minecraftforge/srgutils/0.4.9/srgutils-0.4.9.jar'
rm 'servidor_minecraft/libraries/net/minecraftforge/unsafe/0.2.0/unsafe-0.2.0.jar'
rm 'servidor_minecraft/libraries/net/minecrell/terminalconsoleappender/1.2.0/terminalconsoleappender-1.2.0.jar'
rm 'servidor_minecraft/libraries/net/sf/jopt-simple/jopt-simple/5.0.4/jopt-simple-5.0.4.jar'
rm 'servidor_minecraft/libraries/net/sf/jopt-simple/jopt-simple/6.0-alpha-3/jopt-simple-6.0-alpha-3.jar'
rm 'servidor_minecraft/libraries/org/antlr/antlr4-runtime/4.9.1/antlr4-runtime-4.9.1.jar'
rm 'servidor_minecraft/libraries/org/apache/commons/commons-collections4/4.2/commons-collections4-4.2.jar'
rm 'servidor_minecraft/libraries/org/apache/commons/commons-lang3/3.12.0/commons-lang3-3.12.0.jar'
rm 'servidor_minecraft/libraries/org/apache/commons/commons-lang3/3.8.1/commons-lang3-3.8.1.jar'
rm 'servidor_minecraft/libraries/org/apache/commons/commons-text/1.3/commons-text-1.3.jar'
rm 'servidor_minecraft/libraries/org/apache/logging/log4j/log4j-api/2.19.0/log4j-api-2.19.0.jar'
rm 'servidor_minecraft/libraries/org/apache/logging/log4j/log4j-core/2.19.0/log4j-core-2.19.0.jar'
rm 'servidor_minecraft/libraries/org/apache/logging/log4j/log4j-slf4j2-impl/2.19.0/log4j-slf4j2-impl-2.19.0.jar'
rm 'servidor_minecraft/libraries/org/apache/maven/maven-artifact/3.8.5/maven-artifact-3.8.5.jar'
rm 'servidor_minecraft/libraries/org/checkerframework/checker-qual/2.0.0/checker-qual-2.0.0.jar'
rm 'servidor_minecraft/libraries/org/codehaus/mojo/animal-sniffer-annotations/1.14/animal-sniffer-annotations-1.14.jar'
rm 'servidor_minecraft/libraries/org/jline/jline-reader/3.12.1/jline-reader-3.12.1.jar'
rm 'servidor_minecraft/libraries/org/jline/jline-terminal/3.12.1/jline-terminal-3.12.1.jar'
rm 'servidor_minecraft/libraries/org/joml/joml/1.10.5/joml-1.10.5.jar'
rm 'servidor_minecraft/libraries/org/openjdk/nashorn/nashorn-core/15.3/nashorn-core-15.3.jar'
rm 'servidor_minecraft/libraries/org/ow2/asm/asm-analysis/9.2/asm-analysis-9.2.jar'
rm 'servidor_minecraft/libraries/org/ow2/asm/asm-analysis/9.3/asm-analysis-9.3.jar'
rm 'servidor_minecraft/libraries/org/ow2/asm/asm-analysis/9.5/asm-analysis-9.5.jar'
rm 'servidor_minecraft/libraries/org/ow2/asm/asm-commons/9.2/asm-commons-9.2.jar'
rm 'servidor_minecraft/libraries/org/ow2/asm/asm-commons/9.3/asm-commons-9.3.jar'
rm 'servidor_minecraft/libraries/org/ow2/asm/asm-commons/9.5/asm-commons-9.5.jar'
rm 'servidor_minecraft/libraries/org/ow2/asm/asm-tree/9.2/asm-tree-9.2.jar'
rm 'servidor_minecraft/libraries/org/ow2/asm/asm-tree/9.3/asm-tree-9.3.jar'
rm 'servidor_minecraft/libraries/org/ow2/asm/asm-tree/9.5/asm-tree-9.5.jar'
rm 'servidor_minecraft/libraries/org/ow2/asm/asm-util/9.5/asm-util-9.5.jar'
rm 'servidor_minecraft/libraries/org/ow2/asm/asm/9.2/asm-9.2.jar'
rm 'servidor_minecraft/libraries/org/ow2/asm/asm/9.3/asm-9.3.jar'
rm 'servidor_minecraft/libraries/org/ow2/asm/asm/9.5/asm-9.5.jar'
rm 'servidor_minecraft/libraries/org/slf4j/slf4j-api/2.0.1/slf4j-api-2.0.1.jar'
rm 'servidor_minecraft/libraries/org/spongepowered/mixin/0.8.5/mixin-0.8.5.jar'
rm 'servidor_minecraft/libraries/trove/trove/1.0.2/trove-1.0.2.jar'
rm 'servidor_minecraft/logs/2024-07-22-10.log.gz'
rm 'servidor_minecraft/logs/2024-07-22-11.log.gz'
rm 'servidor_minecraft/logs/2024-07-22-12.log.gz'
rm 'servidor_minecraft/logs/2024-07-22-2.log.gz'
rm 'servidor_minecraft/logs/2024-07-22-3.log.gz'
rm 'servidor_minecraft/logs/2024-07-22-4.log.gz'
rm 'servidor_minecraft/logs/2024-07-22-5.log.gz'
rm 'servidor_minecraft/logs/2024-07-22-6.log.gz'
rm 'servidor_minecraft/logs/2024-07-22-7.log.gz'
rm 'servidor_minecraft/logs/2024-07-22-8.log.gz'
rm 'servidor_minecraft/logs/2024-07-22-9.log.gz'
rm 'servidor_minecraft/logs/2024-07-24-2.log.gz'
rm 'servidor_minecraft/logs/2024-07-24-3.log.gz'
rm 'servidor_minecraft/logs/2024-07-25-2.log.gz'
rm 'servidor_minecraft/logs/2024-07-25-3.log.gz'
rm 'servidor_minecraft/logs/2024-08-01-2.log.gz'
rm 'servidor_minecraft/logs/2024-08-01-3.log.gz'
rm 'servidor_minecraft/logs/2024-08-01-4.log.gz'
rm 'servidor_minecraft/logs/2024-08-01-5.log.gz'
rm 'servidor_minecraft/logs/2024-09-28-2.log.gz'
rm 'servidor_minecraft/logs/2024-10-21-1.log.gz'
rm 'servidor_minecraft/logs/2024-10-21-2.log.gz'
rm 'servidor_minecraft/logs/2024-10-21-3.log.gz'
rm 'servidor_minecraft/logs/2024-10-21-4.log.gz'
rm 'servidor_minecraft/logs/2024-10-21-5.log.gz'
rm 'servidor_minecraft/logs/2024-10-21-6.log.gz'
rm 'servidor_minecraft/logs/2024-10-21-7.log.gz'
rm 'servidor_minecraft/logs/2024-10-21-8.log.gz'
rm 'servidor_minecraft/logs/2024-10-22-2.log.gz'
rm 'servidor_minecraft/logs/2024-10-22-3.log.gz'
rm 'servidor_minecraft/logs/2024-10-22-4.log.gz'
rm 'servidor_minecraft/logs/debug-1.log.gz'
rm 'servidor_minecraft/logs/debug-2.log.gz'
rm 'servidor_minecraft/logs/debug-3.log.gz'
rm 'servidor_minecraft/logs/debug-4.log.gz'
rm 'servidor_minecraft/logs/debug-5.log.gz'
rm 'servidor_minecraft/logs/debug.log'
rm 'servidor_minecraft/logs/latest.log'
rm 'servidor_minecraft/modgest_config.json'
rm 'servidor_minecraft/modgest_debian_x64'
rm 'servidor_minecraft/mods/Apotheosis-1.20.1-7.4.0.jar'
rm 'servidor_minecraft/mods/ApothicAttributes-1.20.1-1.3.5.jar'
rm 'servidor_minecraft/mods/Bookshelf-Forge-1.20.1-20.2.13.jar'
rm 'servidor_minecraft/mods/ConfigurableCane-1.20-2.5.2.jar'
rm 'servidor_minecraft/mods/CreativeCore_FORGE_v2.11.31_mc1.20.1.jar'
rm 'servidor_minecraft/mods/DungeonsArise-1.20.x-2.1.58-release.jar'
rm 'servidor_minecraft/mods/EnchantmentDescriptions-Forge-1.20.1-17.0.16.jar'
rm 'servidor_minecraft/mods/ImmediatelyFast-Forge-1.2.8+1.20.4.jar'
rm 'servidor_minecraft/mods/Incendium_1.20.x_v5.3.5.jar'
rm 'servidor_minecraft/mods/Jade-1.20.1-forge-11.9.4.jar'
rm 'servidor_minecraft/mods/JustEnoughResources-1.20.1-1.4.0.247.jar'
rm 'servidor_minecraft/mods/KOTM-CaliganBetaUpdate.jar'
rm 'servidor_minecraft/mods/L_Enders_Cataclysm-1.99.6-1.20.1.jar'
rm 'servidor_minecraft/mods/MaxHealthFix-Forge-1.20.1-12.0.3.jar'
rm 'servidor_minecraft/mods/Patchouli-1.20.1-84-FORGE.jar'
rm 'servidor_minecraft/mods/Placebo-1.20.1-8.6.2.jar'
rm 'servidor_minecraft/mods/PlayerRevive_FORGE_v2.0.25_mc1.20.1.jar'
rm 'servidor_minecraft/mods/Structory_1.20.x_v1.3.5.jar'
rm 'servidor_minecraft/mods/TaxCastlePillager+M.1.20.1+ForM.1.0.1.jar'
rm 'servidor_minecraft/mods/TerraBlender-forge-1.20.1-3.0.1.7.jar'
rm 'servidor_minecraft/mods/YetAnotherConfigLib-3.5.0+1.20.1-forge.jar'
rm 'servidor_minecraft/mods/alexscaves-2.0.0.jar'
rm 'servidor_minecraft/mods/alexsmobs-1.22.8.jar'
rm 'servidor_minecraft/mods/aquamirae-6.API15.jar'
rm 'servidor_minecraft/mods/architectury-9.2.14-forge.jar'
rm 'servidor_minecraft/mods/balm-forge-1.20.1-7.3.6-all.jar'
rm 'servidor_minecraft/mods/born_in_chaos_[Forge]1.20.1_1.3.1.jar'
rm 'servidor_minecraft/mods/carryon-forge-1.20.1-2.1.2.7.jar'
rm 'servidor_minecraft/mods/citadel-2.6.0-1.20.1.jar'
rm 'servidor_minecraft/mods/cloth-config-11.1.118-forge.jar'
rm 'servidor_minecraft/mods/combatroll-forge-1.3.2+1.20.1.jar'
rm 'servidor_minecraft/mods/curios-forge-5.9.1+1.20.1.jar'
rm 'servidor_minecraft/mods/deeperdarker-forge-1.20.1-1.2.1.jar'
rm 'servidor_minecraft/mods/elenaidodge2-1.1.jar'
rm 'servidor_minecraft/mods/embeddium-0.3.24+mc1.20.1.jar'
rm 'servidor_minecraft/mods/feathers-1.1.jar'
rm 'servidor_minecraft/mods/ferritecore-6.0.1-forge.jar'
rm 'servidor_minecraft/mods/geckolib-forge-1.20.1-4.4.7.jar'
rm 'servidor_minecraft/mods/iceandfire-2.1.13-1.20.1-beta-5.jar'
rm 'servidor_minecraft/mods/inventorypets-1.20.1-2.1.2.jar'
rm 'servidor_minecraft/mods/jei-1.20.1-forge-15.3.0.8.jar'
rm 'servidor_minecraft/mods/journeymap-1.20.1-5.10.0-forge.jar'
rm 'servidor_minecraft/mods/justleveling-forge-1.20.x-v1.7.jar'
rm 'servidor_minecraft/mods/lionfishapi-1.9.jar'
rm 'servidor_minecraft/mods/loot_journal-3.1.1.jar'
rm 'servidor_minecraft/mods/majrusz-library-forge-1.20.1-7.0.8.jar'
rm 'servidor_minecraft/mods/majruszs-difficulty-forge-1.20.1-1.9.10.jar'
rm 'servidor_minecraft/mods/majruszs-enchantments-forge-1.20.1-1.10.8.jar'
rm 'servidor_minecraft/mods/mokels_witch_boss-1.0-forge-1.20.1.jar'
rm 'servidor_minecraft/mods/mutil-1.20.1-6.1.1.jar'
rm 'servidor_minecraft/mods/obscure_api-15.jar'
rm 'servidor_minecraft/mods/player-animation-lib-forge-1.0.2-rc1+1.20.jar'
rm 'servidor_minecraft/mods/plushie_buddies-0.1.1-1.20.1.jar'
rm 'servidor_minecraft/mods/polytone-1.20-2.3.3.jar'
rm 'servidor_minecraft/mods/radium-mc1.20.1-0.12.2+git.5f80f74.jar'
rm 'servidor_minecraft/mods/realmrpg_fallen_adventurers_1.0.3_forge_1.20.1.jar'
rm 'servidor_minecraft/mods/realmrpg_imps_and_demons_0.9.0_forge_1.20.1.jar'
rm 'servidor_minecraft/mods/rrls-4.0.6.1+mc1.20.1-forge.jar'
rm 'servidor_minecraft/mods/rubidium-extra-0.5.4.3+mc1.20.1-build.121.jar'
rm 'servidor_minecraft/mods/spawnermod-1.20.1-1.9.3+Forge.jar'
rm 'servidor_minecraft/mods/structure_gel-1.20.1-2.16.2.jar'
rm 'servidor_minecraft/mods/tact-1.2.0+1.20.1.jar'
rm 'servidor_minecraft/mods/tctcore-1.4-forge-1.20.1.jar'
rm 'servidor_minecraft/mods/tetra-1.20.1-6.4.0.jar'
rm 'servidor_minecraft/mods/the-conjurer-1.20.1-1.1.6.jar'
rm 'servidor_minecraft/mods/theoneprobe-1.20.1-10.0.2.jar'
rm 'servidor_minecraft/mods/tombstone-1.20.1-8.6.7.jar'
rm 'servidor_minecraft/mods/trashslot-forge-1.20-15.1.0.jar'
rm 'servidor_minecraft/mods/travelersbackpack-forge-1.20.1-9.1.14.jar'
rm 'servidor_minecraft/mods/warriors_of_past_epoch_[Forge]_1.20.1_1.3.jar'
rm 'servidor_minecraft/ops.json'
rm 'servidor_minecraft/playit.status'
rm 'servidor_minecraft/playit.tunnels'
rm 'servidor_minecraft/run.bat'
rm 'servidor_minecraft/run.sh'
rm 'servidor_minecraft/server.properties'
rm 'servidor_minecraft/user_jvm_args.txt'
rm 'servidor_minecraft/usercache.json'
rm 'servidor_minecraft/usernamecache.json'
rm 'servidor_minecraft/whitelist.json'
rm 'servidor_minecraft/world/DIM-1/data/capabilities.dat'
rm 'servidor_minecraft/world/DIM-1/data/clearlagc_worldvars.dat'
rm 'servidor_minecraft/world/DIM-1/data/raids.dat'
rm 'servidor_minecraft/world/DIM1/data/capabilities.dat'
rm 'servidor_minecraft/world/DIM1/data/clearlagc_worldvars.dat'
rm 'servidor_minecraft/world/DIM1/data/raids_end.dat'
rm 'servidor_minecraft/world/advancements/43d79b3e-4afa-37fb-a395-aac4dcd856c6.json'
rm 'servidor_minecraft/world/advancements/9221eae4-d002-3ea6-a2ca-c4c421bfbe27.json'
rm 'servidor_minecraft/world/advancements/ed821a9b-cfc7-343b-9491-331781f0bba2.json'
rm 'servidor_minecraft/world/data/JMPlayerSettings.dat'
rm 'servidor_minecraft/world/data/WorldUUID.dat'
rm 'servidor_minecraft/world/data/alexsmobs_world_data.dat'
rm 'servidor_minecraft/world/data/capabilities.dat'
rm 'servidor_minecraft/world/data/cataclysm_world_data.dat'
rm 'servidor_minecraft/world/data/chunks.dat'
rm 'servidor_minecraft/world/data/citadel_world_data.dat'
rm 'servidor_minecraft/world/data/clearlagc_worldvars.dat'
rm 'servidor_minecraft/world/data/iceandfire_general.dat'
rm 'servidor_minecraft/world/data/idcounts.dat'
rm 'servidor_minecraft/world/data/majruszsdifficulty.dat'
rm 'servidor_minecraft/world/data/map_0.dat'
rm 'servidor_minecraft/world/data/map_1.dat'
rm 'servidor_minecraft/world/data/raids.dat'
rm 'servidor_minecraft/world/data/random_sequences.dat'
rm 'servidor_minecraft/world/data/scoreboard.dat'
rm 'servidor_minecraft/world/dimensions/deeperdarker/otherside/data/capabilities.dat'
rm 'servidor_minecraft/world/dimensions/deeperdarker/otherside/data/clearlagc_worldvars.dat'
rm 'servidor_minecraft/world/dimensions/deeperdarker/otherside/data/raids.dat'
rm 'servidor_minecraft/world/entities/r.-1.-1.mca'
rm 'servidor_minecraft/world/entities/r.-1.-2.mca'
rm 'servidor_minecraft/world/entities/r.-1.-3.mca'
rm 'servidor_minecraft/world/entities/r.-1.-4.mca'
rm 'servidor_minecraft/world/entities/r.-1.0.mca'
rm 'servidor_minecraft/world/entities/r.-1.1.mca'
rm 'servidor_minecraft/world/entities/r.-2.-1.mca'
rm 'servidor_minecraft/world/entities/r.-2.-3.mca'
rm 'servidor_minecraft/world/entities/r.-2.-4.mca'
rm 'servidor_minecraft/world/entities/r.-2.0.mca'
rm 'servidor_minecraft/world/entities/r.-2.1.mca'
rm 'servidor_minecraft/world/entities/r.0.-1.mca'
rm 'servidor_minecraft/world/entities/r.0.-2.mca'
rm 'servidor_minecraft/world/entities/r.0.-3.mca'
rm 'servidor_minecraft/world/entities/r.0.-4.mca'
rm 'servidor_minecraft/world/entities/r.0.0.mca'
rm 'servidor_minecraft/world/entities/r.1.-1.mca'
rm 'servidor_minecraft/world/entities/r.1.-2.mca'
rm 'servidor_minecraft/world/entities/r.1.-3.mca'
rm 'servidor_minecraft/world/entities/r.1.-4.mca'
rm 'servidor_minecraft/world/entities/r.2.-2.mca'
rm 'servidor_minecraft/world/entities/r.2.-3.mca'
rm 'servidor_minecraft/world/entities/r.2.-4.mca'
rm 'servidor_minecraft/world/entities/r.3.-3.mca'
rm 'servidor_minecraft/world/entities/r.3.-4.mca'
rm 'servidor_minecraft/world/level.dat'
rm 'servidor_minecraft/world/level.dat_old'
rm 'servidor_minecraft/world/playerdata/43d79b3e-4afa-37fb-a395-aac4dcd856c6.dat'
rm 'servidor_minecraft/world/playerdata/43d79b3e-4afa-37fb-a395-aac4dcd856c6.dat_old'
rm 'servidor_minecraft/world/playerdata/9221eae4-d002-3ea6-a2ca-c4c421bfbe27.dat'
rm 'servidor_minecraft/world/playerdata/9221eae4-d002-3ea6-a2ca-c4c421bfbe27.dat_old'
rm 'servidor_minecraft/world/playerdata/ed821a9b-cfc7-343b-9491-331781f0bba2.dat'
rm 'servidor_minecraft/world/playerdata/ed821a9b-cfc7-343b-9491-331781f0bba2.dat_old'
rm 'servidor_minecraft/world/poi/r.-1.-1.mca'
rm 'servidor_minecraft/world/poi/r.-1.-2.mca'
rm 'servidor_minecraft/world/poi/r.-1.-3.mca'
rm 'servidor_minecraft/world/poi/r.-1.-4.mca'
rm 'servidor_minecraft/world/poi/r.-1.0.mca'
rm 'servidor_minecraft/world/poi/r.-1.1.mca'
rm 'servidor_minecraft/world/poi/r.-2.-1.mca'
rm 'servidor_minecraft/world/poi/r.-2.-3.mca'
rm 'servidor_minecraft/world/poi/r.-2.-4.mca'
rm 'servidor_minecraft/world/poi/r.-2.0.mca'
rm 'servidor_minecraft/world/poi/r.-2.1.mca'
rm 'servidor_minecraft/world/poi/r.0.-1.mca'
rm 'servidor_minecraft/world/poi/r.0.-2.mca'
rm 'servidor_minecraft/world/poi/r.0.-3.mca'
rm 'servidor_minecraft/world/poi/r.0.-4.mca'
rm 'servidor_minecraft/world/poi/r.0.0.mca'
rm 'servidor_minecraft/world/poi/r.1.-1.mca'
rm 'servidor_minecraft/world/poi/r.1.-2.mca'
rm 'servidor_minecraft/world/poi/r.1.-3.mca'
rm 'servidor_minecraft/world/poi/r.1.-4.mca'
rm 'servidor_minecraft/world/poi/r.1.0.mca'
rm 'servidor_minecraft/world/poi/r.2.-2.mca'
rm 'servidor_minecraft/world/poi/r.2.-3.mca'
rm 'servidor_minecraft/world/poi/r.2.-4.mca'
rm 'servidor_minecraft/world/poi/r.3.-2.mca'
rm 'servidor_minecraft/world/poi/r.3.-3.mca'
rm 'servidor_minecraft/world/poi/r.3.-4.mca'
rm 'servidor_minecraft/world/region/r.-1.-1.mca'
rm 'servidor_minecraft/world/region/r.-1.-2.mca'
rm 'servidor_minecraft/world/region/r.-1.-3.mca'
rm 'servidor_minecraft/world/region/r.-1.-4.mca'
rm 'servidor_minecraft/world/region/r.-1.0.mca'
rm 'servidor_minecraft/world/region/r.-1.1.mca'
rm 'servidor_minecraft/world/region/r.-2.-1.mca'
rm 'servidor_minecraft/world/region/r.-2.-2.mca'
rm 'servidor_minecraft/world/region/r.-2.-3.mca'
rm 'servidor_minecraft/world/region/r.-2.-4.mca'
rm 'servidor_minecraft/world/region/r.-2.0.mca'
rm 'servidor_minecraft/world/region/r.-2.1.mca'
rm 'servidor_minecraft/world/region/r.0.-1.mca'
rm 'servidor_minecraft/world/region/r.0.-2.mca'
rm 'servidor_minecraft/world/region/r.0.-3.mca'
rm 'servidor_minecraft/world/region/r.0.-4.mca'
rm 'servidor_minecraft/world/region/r.0.0.mca'
rm 'servidor_minecraft/world/region/r.1.-1.mca'
rm 'servidor_minecraft/world/region/r.1.-2.mca'
rm 'servidor_minecraft/world/region/r.1.-3.mca'
rm 'servidor_minecraft/world/region/r.1.-4.mca'
rm 'servidor_minecraft/world/region/r.1.0.mca'
rm 'servidor_minecraft/world/region/r.2.-2.mca'
rm 'servidor_minecraft/world/region/r.2.-3.mca'
rm 'servidor_minecraft/world/region/r.2.-4.mca'
rm 'servidor_minecraft/world/region/r.3.-2.mca'
rm 'servidor_minecraft/world/region/r.3.-3.mca'
rm 'servidor_minecraft/world/region/r.3.-4.mca'
rm 'servidor_minecraft/world/serverconfig/configurablecane-server.toml'
rm 'servidor_minecraft/world/serverconfig/curios-server.toml'
rm 'servidor_minecraft/world/serverconfig/forge-server.toml'
rm 'servidor_minecraft/world/serverconfig/jei-server.toml'
rm 'servidor_minecraft/world/serverconfig/journeymap-server.toml'
rm 'servidor_minecraft/world/session.lock'
rm 'servidor_minecraft/world/stats/43d79b3e-4afa-37fb-a395-aac4dcd856c6.json'
rm 'servidor_minecraft/world/stats/9221eae4-d002-3ea6-a2ca-c4c421bfbe27.json'
rm 'servidor_minecraft/world/stats/ed821a9b-cfc7-343b-9491-331781f0bba2.json'
rm 'servidor_minecraft/world/tombstone/loottables/tombstone-pool-archaeology.json'
rm 'servidor_minecraft/world/tombstone/loottables/tombstone-pool-cat_morning.json'
rm 'servidor_minecraft/world/tombstone/loottables/tombstone-pool-chest_treasure.bak'
rm 'servidor_minecraft/world/tombstone/loottables/tombstone-pool-chest_treasure.json'
rm 'servidor_minecraft/world/tombstone/loottables/tombstone-pool-lost_treasure.json'
rm 'servidor_minecraft/world/tombstone/loottables/tombstone-pool-seeker_rod.json'
rm 'servidor_minecraft/world/tombstone/loottables/tombstone-pool-sniffer_digging.json'
rm 'servidor_minecraft/world/tombstone/loottables/tombstone-pool-undead_boss.json'
rm 'servidor_minecraft/world/tombstone/loottables/tombstone-pool-undead_mob.json'
rm 'servidor_minecraft/world/tombstone/saved_players/43d79b3e-4afa-37fb-a395-aac4dcd856c6/20241021-140013.save'
rm 'servidor_minecraft/world/tombstone/saved_players/43d79b3e-4afa-37fb-a395-aac4dcd856c6/20241021-232918.save'
rm 'servidor_minecraft/world/tombstone/saved_players/43d79b3e-4afa-37fb-a395-aac4dcd856c6/20241021-234441.save'
rm 'servidor_minecraft/world/tombstone/saved_players/43d79b3e-4afa-37fb-a395-aac4dcd856c6/20241022-000441.save'
rm 'servidor_minecraft/world/tombstone/saved_players/43d79b3e-4afa-37fb-a395-aac4dcd856c6/20241022-002441.save'
rm 'servidor_minecraft/world/tombstone/saved_players/43d79b3e-4afa-37fb-a395-aac4dcd856c6/20241022-140408.save'
rm 'servidor_minecraft/world/tombstone/saved_players/43d79b3e-4afa-37fb-a395-aac4dcd856c6/20241023-232232.save'
rm 'servidor_minecraft/world/tombstone/saved_players/9221eae4-d002-3ea6-a2ca-c4c421bfbe27/20241021-232918.save'
rm 'servidor_minecraft/world/tombstone/saved_players/9221eae4-d002-3ea6-a2ca-c4c421bfbe27/20241021-233108.save'
rm 'servidor_minecraft/world/tombstone/saved_players/9221eae4-d002-3ea6-a2ca-c4c421bfbe27/20241021-233117.save'
rm 'servidor_minecraft/world/tombstone/saved_players/9221eae4-d002-3ea6-a2ca-c4c421bfbe27/20241021-233305.save'
rm 'servidor_minecraft/world/tombstone/saved_players/9221eae4-d002-3ea6-a2ca-c4c421bfbe27/20241021-233725.save'
rm 'servidor_minecraft/world/tombstone/saved_players/9221eae4-d002-3ea6-a2ca-c4c421bfbe27/20241021-233935.save'
rm 'servidor_minecraft/world/tombstone/saved_players/9221eae4-d002-3ea6-a2ca-c4c421bfbe27/20241021-234022.save'
rm 'servidor_minecraft/world/tombstone/saved_players/9221eae4-d002-3ea6-a2ca-c4c421bfbe27/20241021-234441.save'
rm 'servidor_minecraft/world/tombstone/saved_players/9221eae4-d002-3ea6-a2ca-c4c421bfbe27/20241021-234456.save'
rm 'servidor_minecraft/world/tombstone/saved_players/9221eae4-d002-3ea6-a2ca-c4c421bfbe27/20241022-000441.save'
rm 'servidor_minecraft/world/tombstone/saved_players/9221eae4-d002-3ea6-a2ca-c4c421bfbe27/20241022-001502.save'
rm 'servidor_minecraft/world/tombstone/saved_players/9221eae4-d002-3ea6-a2ca-c4c421bfbe27/20241022-002441.save'
rm 'servidor_minecraft/world/tombstone/saved_players/9221eae4-d002-3ea6-a2ca-c4c421bfbe27/20241022-003438.save'
rm 'servidor_minecraft/world/tombstone/saved_players/ed821a9b-cfc7-343b-9491-331781f0bba2/20241021-232918.save'
rm 'servidor_minecraft/world/tombstone/version.info'
fatal: a branch named 'Minecraft_branch' already exists
fatal: confused by unstable object source data for e11cd977f4f82e978ea43bf8f419ac8f33398672
stat: cannot stat 'servidor_minecraft/mods/ClearLag': No such file or directory
fatal: pathspec 'servidor_minecraft/mods/ClearLag' did not match any files
stat: cannot stat '1.20.1.jar': No such file or directory
fatal: pathspec '1.20.1.jar' did not match any files
stat: cannot stat 'servidor_minecraft/mods/Explorify': No such file or directory
fatal: pathspec 'servidor_minecraft/mods/Explorify' did not match any files
stat: cannot stat 'v1.6.1': No such file or directory
fatal: pathspec 'v1.6.1' did not match any files
stat: cannot stat 'f10-48.jar': No such file or directory
fatal: pathspec 'f10-48.jar' did not match any files
stat: cannot stat 'servidor_minecraft/mods/ironchest-1.20.1-14.4.4': No such file or directory
fatal: pathspec 'servidor_minecraft/mods/ironchest-1.20.1-14.4.4' did not match any files
stat: cannot stat '(1).jar': No such file or directory
fatal: pathspec '(1).jar' did not match any files
stat: cannot stat 'servidor_minecraft/mods/Cardinal': No such file or directory
fatal: pathspec 'servidor_minecraft/mods/Cardinal' did not match any files
stat: cannot stat 'Sins': No such file or directory
fatal: pathspec 'Sins' did not match any files
stat: cannot stat '1.0.3.jar': No such file or directory
fatal: pathspec '1.0.3.jar' did not match any files
stat: cannot stat 'server': No such file or directory
stat: cannot stat '(1).py': No such file or directory
Obteniendo cambios del remoto...
Fusionando cambios del remoto en la rama actual...
Already up to date.
Realizando push forzado en la rama Minecraft_branch con archivos menores de 100 MB
remote: warning: See https://gh.io/lfs for more information.        
remote: warning: File servidor_minecraft/mods/alexscaves-2.0.0.jar is 71.31 MB; this is larger than GitHub's recommended maximum file size of 50.00 MB        
remote: warning: GH001: Large files detected. You may want to try Git Large File Storage - https://git-lfs.github.com.        
To https://github.com/jaime412/Minecraft_branch.git
 + a07df26...19ad7fa Minecraft_branch -> Minecraft_branch (forced update)
Push forzado realizado con éxito en la rama Minecraft_branch.
[Minecraft_branch 54d5884] Añadido excluded_files.txt con los archivos grandes excluidos
 1 file changed, 0 insertions(+), 0 deletions(-)
 create mode 100644 excluded_files.txt
To https://github.com/jaime412/Minecraft_branch.git
   19ad7fa..54d5884  Minecraft_branch -> Minecraft_branch
Esperando 10 minutos antes de la próxima ejecución...
Iniciando proceso de sincronización...
Nombre de la rama actual: Minecraft_branch
Obteniendo la URL del repositorio remoto
origin	https://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@github.com/jaime412/Minecraft_branch.git (fetch)
origin	https://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@github.com/jaime412/Minecraft_branch.git (push)
rm 'addons/Branchutil.addon'
rm 'addons/Utilidades.py'
rm 'addons/url-del-branch.json'
rm 'configuracion.json'
rm 'excluded_files.txt'
rm 'servidor_minecraft/banned-ips.json'
rm 'servidor_minecraft/banned-players.json'
rm 'servidor_minecraft/config/Elenai-Dodge-2-Common.toml'
rm 'servidor_minecraft/config/Feathers-Common.toml'
rm 'servidor_minecraft/config/Obscuria/aquamirae-common.toml'
rm 'servidor_minecraft/config/Plushie_Buddies-Common.toml'
rm 'servidor_minecraft/config/ShieldExpansion-common.toml'
rm 'servidor_minecraft/config/alexscaves-general.toml'
rm 'servidor_minecraft/config/alexscaves_biome_generation/abyssal_chasm.json'
rm 'servidor_minecraft/config/alexscaves_biome_generation/candy_cavity.json'
rm 'servidor_minecraft/config/alexscaves_biome_generation/forlorn_hollows.json'
rm 'servidor_minecraft/config/alexscaves_biome_generation/magnetic_caves.json'
rm 'servidor_minecraft/config/alexscaves_biome_generation/primordial_caves.json'
rm 'servidor_minecraft/config/alexscaves_biome_generation/toxic_caves.json'
rm 'servidor_minecraft/config/alexsmobs.toml'
rm 'servidor_minecraft/config/alexsmobs/alligator_snapping_turtle_spawns.json'
rm 'servidor_minecraft/config/alexsmobs/anaconda_spawns.json'
rm 'servidor_minecraft/config/alexsmobs/anteater_spawns.json'
rm 'servidor_minecraft/config/alexsmobs/bald_eagle_spawns.json'
rm 'servidor_minecraft/config/alexsmobs/banana_slug_spawns.json'
rm 'servidor_minecraft/config/alexsmobs/bison_spawns.json'
rm 'servidor_minecraft/config/alexsmobs/blobfish_spawns.json'
rm 'servidor_minecraft/config/alexsmobs/blue_jay_spawns.json'
rm 'servidor_minecraft/config/alexsmobs/bone_serpent_spawns.json'
rm 'servidor_minecraft/config/alexsmobs/bunfungus_spawns.json'
rm 'servidor_minecraft/config/alexsmobs/cachalot_whale_beached_spawns.json'
rm 'servidor_minecraft/config/alexsmobs/cachalot_whale_spawns.json'
rm 'servidor_minecraft/config/alexsmobs/caiman_spawns.json'
rm 'servidor_minecraft/config/alexsmobs/capuchin_monkey_spawns.json'
rm 'servidor_minecraft/config/alexsmobs/catfish_spawns.json'
rm 'servidor_minecraft/config/alexsmobs/cave_centipede_spawns.json'
rm 'servidor_minecraft/config/alexsmobs/cockroach_spawns.json'
rm 'servidor_minecraft/config/alexsmobs/comb_jelly_spawns.json'
rm 'servidor_minecraft/config/alexsmobs/cosmaw_spawns.json'
rm 'servidor_minecraft/config/alexsmobs/cosmic_cod_spawns.json'
rm 'servidor_minecraft/config/alexsmobs/crimson_mosquito_spawns.json'
rm 'servidor_minecraft/config/alexsmobs/crocodile_spawns.json'
rm 'servidor_minecraft/config/alexsmobs/crow_spawns.json'
rm 'servidor_minecraft/config/alexsmobs/devils_hole_pupfish_spawns.json'
rm 'servidor_minecraft/config/alexsmobs/dropbear_spawns.json'
rm 'servidor_minecraft/config/alexsmobs/elephant_spawns.json'
rm 'servidor_minecraft/config/alexsmobs/emu_spawns.json'
rm 'servidor_minecraft/config/alexsmobs/endergrade_spawns.json'
rm 'servidor_minecraft/config/alexsmobs/enderiophage_spawns.json'
rm 'servidor_minecraft/config/alexsmobs/farseer.json'
rm 'servidor_minecraft/config/alexsmobs/flutter_spawns.json'
rm 'servidor_minecraft/config/alexsmobs/fly_spawns.json'
rm 'servidor_minecraft/config/alexsmobs/flying_fish_spawns.json'
rm 'servidor_minecraft/config/alexsmobs/frilled_shark_spawns.json'
rm 'servidor_minecraft/config/alexsmobs/froststalker_spawns.json'
rm 'servidor_minecraft/config/alexsmobs/gazelle_spawns.json'
rm 'servidor_minecraft/config/alexsmobs/gelada_monkey_spawns.json'
rm 'servidor_minecraft/config/alexsmobs/giant_squid_spawns.json'
rm 'servidor_minecraft/config/alexsmobs/gorilla_spawns.json'
rm 'servidor_minecraft/config/alexsmobs/grizzly_bear_spawns.json'
rm 'servidor_minecraft/config/alexsmobs/guster_spawns.json'
rm 'servidor_minecraft/config/alexsmobs/hammerhead_shark_spawns.json'
rm 'servidor_minecraft/config/alexsmobs/hummingbird_spawns.json'
rm 'servidor_minecraft/config/alexsmobs/jerboa_spawns.json'
rm 'servidor_minecraft/config/alexsmobs/kangaroo_spawns.json'
rm 'servidor_minecraft/config/alexsmobs/komodo_dragon_spawns.json'
rm 'servidor_minecraft/config/alexsmobs/laviathan_spawns.json'
rm 'servidor_minecraft/config/alexsmobs/leafcutter_anthill_spawns.json'
rm 'servidor_minecraft/config/alexsmobs/lobster_spawns.json'
rm 'servidor_minecraft/config/alexsmobs/maned_wolf_spawns.json'
rm 'servidor_minecraft/config/alexsmobs/mantis_shrimp_spawns.json'
rm 'servidor_minecraft/config/alexsmobs/mimic_octopus_spawns.json'
rm 'servidor_minecraft/config/alexsmobs/mimicube_spawns.json'
rm 'servidor_minecraft/config/alexsmobs/moose_spawns.json'
rm 'servidor_minecraft/config/alexsmobs/mudskipper_spawns.json'
rm 'servidor_minecraft/config/alexsmobs/mungus_spawns.json'
rm 'servidor_minecraft/config/alexsmobs/murmur.json'
rm 'servidor_minecraft/config/alexsmobs/orca_spawns.json'
rm 'servidor_minecraft/config/alexsmobs/platypus_spawns.json'
rm 'servidor_minecraft/config/alexsmobs/potoo_spawns.json'
rm 'servidor_minecraft/config/alexsmobs/raccoon_spawns.json'
rm 'servidor_minecraft/config/alexsmobs/rain_frog_spawns.json'
rm 'servidor_minecraft/config/alexsmobs/rattlesnake_spawns.json'
rm 'servidor_minecraft/config/alexsmobs/rhinoceros_spawns.json'
rm 'servidor_minecraft/config/alexsmobs/roadrunner_spawns.json'
rm 'servidor_minecraft/config/alexsmobs/rocky_roller_spawns.json'
rm 'servidor_minecraft/config/alexsmobs/seagull_spawns.json'
rm 'servidor_minecraft/config/alexsmobs/seal_spawns.json'
rm 'servidor_minecraft/config/alexsmobs/shoebill_spawns.json'
rm 'servidor_minecraft/config/alexsmobs/skelewag_spawns.json'
rm 'servidor_minecraft/config/alexsmobs/skreecher.json'
rm 'servidor_minecraft/config/alexsmobs/skunk_spawns.json'
rm 'servidor_minecraft/config/alexsmobs/snow_leopard_spawns.json'
rm 'servidor_minecraft/config/alexsmobs/soul_vulture_spawns.json'
rm 'servidor_minecraft/config/alexsmobs/spectre_spawns.json'
rm 'servidor_minecraft/config/alexsmobs/straddler_spawns.json'
rm 'servidor_minecraft/config/alexsmobs/stradpole_spawns.json'
rm 'servidor_minecraft/config/alexsmobs/sugar_glider_spawns.json'
rm 'servidor_minecraft/config/alexsmobs/sunbird_spawns.json'
rm 'servidor_minecraft/config/alexsmobs/tarantula_hawk_spawns.json'
rm 'servidor_minecraft/config/alexsmobs/tasmanian_devil_spawns.json'
rm 'servidor_minecraft/config/alexsmobs/terrapin_spawns.json'
rm 'servidor_minecraft/config/alexsmobs/tiger_spawns.json'
rm 'servidor_minecraft/config/alexsmobs/toucan_spawns.json'
rm 'servidor_minecraft/config/alexsmobs/triops_spawns.json'
rm 'servidor_minecraft/config/alexsmobs/tusklin_spawns.json'
rm 'servidor_minecraft/config/alexsmobs/underminer.json'
rm 'servidor_minecraft/config/alexsmobs/void_worm_spawns.json'
rm 'servidor_minecraft/config/alexsmobs/warped_mosco_spawns.json'
rm 'servidor_minecraft/config/alexsmobs/warped_toad_spawns.json'
rm 'servidor_minecraft/config/aoa3/integrations_config.toml'
rm 'servidor_minecraft/config/apotheosis/adventure.cfg'
rm 'servidor_minecraft/config/apotheosis/apotheosis.cfg'
rm 'servidor_minecraft/config/apotheosis/ench.cfg'
rm 'servidor_minecraft/config/apotheosis/enchantments.cfg'
rm 'servidor_minecraft/config/apotheosis/garden.cfg'
rm 'servidor_minecraft/config/apotheosis/names.cfg'
rm 'servidor_minecraft/config/apotheosis/potion.cfg'
rm 'servidor_minecraft/config/apotheosis/spawner.cfg'
rm 'servidor_minecraft/config/apotheosis/village.cfg'
rm 'servidor_minecraft/config/attributeslib.cfg'
rm 'servidor_minecraft/config/balm-common.toml'
rm 'servidor_minecraft/config/bettercombat/fallback_compatibility.json'
rm 'servidor_minecraft/config/bettercombat/server.json5'
rm 'servidor_minecraft/config/carryon-common.toml'
rm 'servidor_minecraft/config/cataclysm.toml'
rm 'servidor_minecraft/config/cataclysm/amethyst_crab_spawns.json'
rm 'servidor_minecraft/config/cataclysm/coral_golem_spawns.json'
rm 'servidor_minecraft/config/cataclysm/deepling_angler_spawns.json'
rm 'servidor_minecraft/config/cataclysm/deepling_brute_spawns.json'
rm 'servidor_minecraft/config/cataclysm/deepling_priest_spawns.json'
rm 'servidor_minecraft/config/cataclysm/deepling_spawns.json'
rm 'servidor_minecraft/config/cataclysm/deepling_warlock_spawns.json'
rm 'servidor_minecraft/config/cataclysm/koboleton_spawns.json'
rm 'servidor_minecraft/config/citadel-common.toml'
rm 'servidor_minecraft/config/combatroll/enchantments.json'
rm 'servidor_minecraft/config/combatroll/server.json5'
rm 'servidor_minecraft/config/curios-common.toml'
rm 'servidor_minecraft/config/embeddium-mixins.properties'
rm 'servidor_minecraft/config/embeddium-options.json'
rm 'servidor_minecraft/config/epicknights/armor.json5'
rm 'servidor_minecraft/config/epicknights/general.json5'
rm 'servidor_minecraft/config/epicknights/mobs_equipment.json5'
rm 'servidor_minecraft/config/epicknights/shields.json5'
rm 'servidor_minecraft/config/epicknights/weapons.json5'
rm 'servidor_minecraft/config/ferritecore-mixin.toml'
rm 'servidor_minecraft/config/fml.toml'
rm 'servidor_minecraft/config/iceandfire-common.toml'
rm 'servidor_minecraft/config/iceandfire/amphithere_biomes.json'
rm 'servidor_minecraft/config/iceandfire/cockatrice_biomes.json'
rm 'servidor_minecraft/config/iceandfire/cyclops_cave_biomes.json'
rm 'servidor_minecraft/config/iceandfire/deathworm_biomes.json'
rm 'servidor_minecraft/config/iceandfire/desert_myrmex_biomes.json'
rm 'servidor_minecraft/config/iceandfire/fire_dragon_biomes.json'
rm 'servidor_minecraft/config/iceandfire/fire_dragon_cave_biomes.json'
rm 'servidor_minecraft/config/iceandfire/fire_dragon_skeleton_biomes.json'
rm 'servidor_minecraft/config/iceandfire/fire_lily_biomes.json'
rm 'servidor_minecraft/config/iceandfire/forest_troll_biomes.json'
rm 'servidor_minecraft/config/iceandfire/frost_lily_biomes.json'
rm 'servidor_minecraft/config/iceandfire/gorgon_temple_biomes.json'
rm 'servidor_minecraft/config/iceandfire/graveyard_biomes.json'
rm 'servidor_minecraft/config/iceandfire/hippocampus_biomes.json'
rm 'servidor_minecraft/config/iceandfire/hippogryph_biomes.json'
rm 'servidor_minecraft/config/iceandfire/hippogryph_black_biomes.json'
rm 'servidor_minecraft/config/iceandfire/hippogryph_brown_biomes.json'
rm 'servidor_minecraft/config/iceandfire/hippogryph_chestnut_biomes.json'
rm 'servidor_minecraft/config/iceandfire/hippogryph_creamy_biomes.json'
rm 'servidor_minecraft/config/iceandfire/hippogryph_dark_brown_biomes.json'
rm 'servidor_minecraft/config/iceandfire/hippogryph_gray_biomes.json'
rm 'servidor_minecraft/config/iceandfire/hippogryph_white_biomes.json'
rm 'servidor_minecraft/config/iceandfire/hydra_cave_biomes.json'
rm 'servidor_minecraft/config/iceandfire/ice_dragon_biomes.json'
rm 'servidor_minecraft/config/iceandfire/ice_dragon_cave_biomes.json'
rm 'servidor_minecraft/config/iceandfire/ice_dragon_skeleton_biomes.json'
rm 'servidor_minecraft/config/iceandfire/jungle_myrmex_biomes.json'
rm 'servidor_minecraft/config/iceandfire/lightning_dragon_biomes.json'
rm 'servidor_minecraft/config/iceandfire/lightning_dragon_cave_biomes.json'
rm 'servidor_minecraft/config/iceandfire/lightning_dragon_skeleton_biomes.json'
rm 'servidor_minecraft/config/iceandfire/lightning_lily_biomes.json'
rm 'servidor_minecraft/config/iceandfire/mausoleum_biomes.json'
rm 'servidor_minecraft/config/iceandfire/mountain_troll_biomes.json'
rm 'servidor_minecraft/config/iceandfire/ore_gen_biomes.json'
rm 'servidor_minecraft/config/iceandfire/pixie_village_biomes.json'
rm 'servidor_minecraft/config/iceandfire/sapphire_gen_biomes.json'
rm 'servidor_minecraft/config/iceandfire/sea_serpent_biomes.json'
rm 'servidor_minecraft/config/iceandfire/siren_biomes.json'
rm 'servidor_minecraft/config/iceandfire/snowy_troll_biomes.json'
rm 'servidor_minecraft/config/iceandfire/stymphalian_bird_biomes.json'
rm 'servidor_minecraft/config/iceandfire/wandering_cyclops_biomes.json'
rm 'servidor_minecraft/config/immediatelyfast.json'
rm 'servidor_minecraft/config/inventorypets-common.toml'
rm 'servidor_minecraft/config/jade/server-plugin-overrides.json'
rm 'servidor_minecraft/config/jade/sort-order.json'
rm 'servidor_minecraft/config/jeresources-common.toml'
rm 'servidor_minecraft/config/jeresources.toml'
rm 'servidor_minecraft/config/just_leveling-common.toml'
rm 'servidor_minecraft/config/lithium.properties'
rm 'servidor_minecraft/config/majruszlibrary.json'
rm 'servidor_minecraft/config/majruszsdifficulty.json'
rm 'servidor_minecraft/config/majruszsenchantments.json'
rm 'servidor_minecraft/config/mca.json'
rm 'servidor_minecraft/config/mysticsbiomes-common.toml'
rm 'servidor_minecraft/config/playerrevive.json'
rm 'servidor_minecraft/config/sodium-extra.properties'
rm 'servidor_minecraft/config/spawnermod.json'
rm 'servidor_minecraft/config/structure_gel-common.toml'
rm 'servidor_minecraft/config/tact-common.toml'
rm 'servidor_minecraft/config/terrablender.toml'
rm 'servidor_minecraft/config/tetra.toml'
rm 'servidor_minecraft/config/theoneprobe-common.toml'
rm 'servidor_minecraft/config/tombstone-common.toml'
rm 'servidor_minecraft/config/tombstone-server.toml'
rm 'servidor_minecraft/config/trashslot-common.toml'
rm 'servidor_minecraft/config/travelersbackpack-common.toml'
rm 'servidor_minecraft/config/yacl.json5'
rm 'servidor_minecraft/configuracion.json'
rm 'servidor_minecraft/crash-reports/crash-2024-08-01_03.17.33-server.txt'
rm 'servidor_minecraft/crash-reports/crash-2024-08-01_03.24.36-server.txt'
rm 'servidor_minecraft/crash-reports/crash-2024-08-01_03.33.05-server.txt'
rm 'servidor_minecraft/eula.txt'
rm 'servidor_minecraft/forge.jar'
rm 'servidor_minecraft/forge.jar.log'
rm 'servidor_minecraft/journeymap/server/5.10/journeymap.server.aoa3~barathos.config'
rm 'servidor_minecraft/journeymap/server/5.10/journeymap.server.aoa3~deeplands.config'
rm 'servidor_minecraft/journeymap/server/5.10/journeymap.server.aoa3~lborean.config'
rm 'servidor_minecraft/journeymap/server/5.10/journeymap.server.aoa3~lelyetia.config'
rm 'servidor_minecraft/journeymap/server/5.10/journeymap.server.aoa3~nowhere.config'
rm 'servidor_minecraft/journeymap/server/5.10/journeymap.server.aoa3~precasia.config'
rm 'servidor_minecraft/journeymap/server/5.10/journeymap.server.aoa3~precasia_backup.config'
rm 'servidor_minecraft/journeymap/server/5.10/journeymap.server.deeperdarker~otherside.config'
rm 'servidor_minecraft/journeymap/server/5.10/journeymap.server.default.config'
rm 'servidor_minecraft/journeymap/server/5.10/journeymap.server.global.config'
rm 'servidor_minecraft/journeymap/server/5.10/journeymap.server.minecraft~overworld.config'
rm 'servidor_minecraft/journeymap/server/5.10/journeymap.server.minecraft~the_end.config'
rm 'servidor_minecraft/journeymap/server/5.10/journeymap.server.minecraft~the_nether.config'
rm 'servidor_minecraft/journeymap/server/5.10/journeymap.server.world~madnessdimension.config'
rm 'servidor_minecraft/journeymap/server/5.10/journeymap.server.world~worldtest_1.config'
rm 'servidor_minecraft/libraries/com/electronwill/night-config/core/3.6.4/core-3.6.4.jar'
rm 'servidor_minecraft/libraries/com/electronwill/night-config/toml/3.6.4/toml-3.6.4.jar'
rm 'servidor_minecraft/libraries/com/github/jponge/lzma-java/1.3/lzma-java-1.3.jar'
rm 'servidor_minecraft/libraries/com/github/oshi/oshi-core/6.2.2/oshi-core-6.2.2.jar'
rm 'servidor_minecraft/libraries/com/google/code/findbugs/jsr305/3.0.2/jsr305-3.0.2.jar'
rm 'servidor_minecraft/libraries/com/google/code/gson/gson/2.10/gson-2.10.jar'
rm 'servidor_minecraft/libraries/com/google/code/gson/gson/2.8.7/gson-2.8.7.jar'
rm 'servidor_minecraft/libraries/com/google/errorprone/error_prone_annotations/2.1.3/error_prone_annotations-2.1.3.jar'
rm 'servidor_minecraft/libraries/com/google/guava/failureaccess/1.0.1/failureaccess-1.0.1.jar'
rm 'servidor_minecraft/libraries/com/google/guava/guava/20.0/guava-20.0.jar'
rm 'servidor_minecraft/libraries/com/google/guava/guava/25.1-jre/guava-25.1-jre.jar'
rm 'servidor_minecraft/libraries/com/google/guava/guava/31.1-jre/guava-31.1-jre.jar'
rm 'servidor_minecraft/libraries/com/google/j2objc/j2objc-annotations/1.1/j2objc-annotations-1.1.jar'
rm 'servidor_minecraft/libraries/com/mojang/authlib/4.0.43/authlib-4.0.43.jar'
rm 'servidor_minecraft/libraries/com/mojang/brigadier/1.1.8/brigadier-1.1.8.jar'
rm 'servidor_minecraft/libraries/com/mojang/datafixerupper/6.0.8/datafixerupper-6.0.8.jar'
rm 'servidor_minecraft/libraries/com/mojang/logging/1.1.1/logging-1.1.1.jar'
rm 'servidor_minecraft/libraries/com/nothome/javaxdelta/2.0.1/javaxdelta-2.0.1.jar'
rm 'servidor_minecraft/libraries/com/opencsv/opencsv/4.4/opencsv-4.4.jar'
rm 'servidor_minecraft/libraries/commons-beanutils/commons-beanutils/1.9.3/commons-beanutils-1.9.3.jar'
rm 'servidor_minecraft/libraries/commons-collections/commons-collections/3.2.2/commons-collections-3.2.2.jar'
rm 'servidor_minecraft/libraries/commons-io/commons-io/2.11.0/commons-io-2.11.0.jar'
rm 'servidor_minecraft/libraries/commons-io/commons-io/2.4/commons-io-2.4.jar'
rm 'servidor_minecraft/libraries/commons-logging/commons-logging/1.2/commons-logging-1.2.jar'
rm 'servidor_minecraft/libraries/cpw/mods/bootstraplauncher/1.1.2/bootstraplauncher-1.1.2.jar'
rm 'servidor_minecraft/libraries/cpw/mods/modlauncher/10.0.9/modlauncher-10.0.9.jar'
rm 'servidor_minecraft/libraries/cpw/mods/securejarhandler/2.1.10/securejarhandler-2.1.10.jar'
rm 'servidor_minecraft/libraries/de/oceanlabs/mcp/mcp_config/1.20.1-20230612.114412/mcp_config-1.20.1-20230612.114412-mappings-merged.txt'
rm 'servidor_minecraft/libraries/de/oceanlabs/mcp/mcp_config/1.20.1-20230612.114412/mcp_config-1.20.1-20230612.114412-mappings.txt'
rm 'servidor_minecraft/libraries/de/oceanlabs/mcp/mcp_config/1.20.1-20230612.114412/mcp_config-1.20.1-20230612.114412.zip'
rm 'servidor_minecraft/libraries/de/siegmar/fastcsv/2.0.0/fastcsv-2.0.0.jar'
rm 'servidor_minecraft/libraries/io/netty/netty-buffer/4.1.82.Final/netty-buffer-4.1.82.Final.jar'
rm 'servidor_minecraft/libraries/io/netty/netty-codec/4.1.82.Final/netty-codec-4.1.82.Final.jar'
rm 'servidor_minecraft/libraries/io/netty/netty-common/4.1.82.Final/netty-common-4.1.82.Final.jar'
rm 'servidor_minecraft/libraries/io/netty/netty-handler/4.1.82.Final/netty-handler-4.1.82.Final.jar'
rm 'servidor_minecraft/libraries/io/netty/netty-resolver/4.1.82.Final/netty-resolver-4.1.82.Final.jar'
rm 'servidor_minecraft/libraries/io/netty/netty-transport-classes-epoll/4.1.82.Final/netty-transport-classes-epoll-4.1.82.Final.jar'
rm 'servidor_minecraft/libraries/io/netty/netty-transport-native-epoll/4.1.82.Final/netty-transport-native-epoll-4.1.82.Final-linux-aarch_64.jar'
rm 'servidor_minecraft/libraries/io/netty/netty-transport-native-epoll/4.1.82.Final/netty-transport-native-epoll-4.1.82.Final-linux-x86_64.jar'
rm 'servidor_minecraft/libraries/io/netty/netty-transport-native-unix-common/4.1.82.Final/netty-transport-native-unix-common-4.1.82.Final.jar'
rm 'servidor_minecraft/libraries/io/netty/netty-transport/4.1.82.Final/netty-transport-4.1.82.Final.jar'
rm 'servidor_minecraft/libraries/it/unimi/dsi/fastutil/8.5.9/fastutil-8.5.9.jar'
rm 'servidor_minecraft/libraries/net/java/dev/jna/jna-platform/5.12.1/jna-platform-5.12.1.jar'
rm 'servidor_minecraft/libraries/net/java/dev/jna/jna/5.12.1/jna-5.12.1.jar'
rm 'servidor_minecraft/libraries/net/jodah/typetools/0.6.3/typetools-0.6.3.jar'
rm 'servidor_minecraft/libraries/net/md-5/SpecialSource/1.11.0/SpecialSource-1.11.0.jar'
rm 'servidor_minecraft/libraries/net/minecraft/server/1.20.1-20230612.114412/server-1.20.1-20230612.114412-extra.jar'
rm 'servidor_minecraft/libraries/net/minecraft/server/1.20.1-20230612.114412/server-1.20.1-20230612.114412-extra.jar.cache'
rm 'servidor_minecraft/libraries/net/minecraft/server/1.20.1-20230612.114412/server-1.20.1-20230612.114412-mappings.txt'
rm 'servidor_minecraft/libraries/net/minecraft/server/1.20.1-20230612.114412/server-1.20.1-20230612.114412-slim.jar'
rm 'servidor_minecraft/libraries/net/minecraft/server/1.20.1-20230612.114412/server-1.20.1-20230612.114412-slim.jar.cache'
rm 'servidor_minecraft/libraries/net/minecraft/server/1.20.1-20230612.114412/server-1.20.1-20230612.114412-srg.jar'
rm 'servidor_minecraft/libraries/net/minecraft/server/1.20.1-20230612.114412/server-1.20.1-20230612.114412-unpacked.jar'
rm 'servidor_minecraft/libraries/net/minecraft/server/1.20.1/server-1.20.1.jar'
rm 'servidor_minecraft/libraries/net/minecraftforge/ForgeAutoRenamingTool/0.1.22/ForgeAutoRenamingTool-0.1.22-all.jar'
rm 'servidor_minecraft/libraries/net/minecraftforge/JarJarFileSystems/0.3.19/JarJarFileSystems-0.3.19.jar'
rm 'servidor_minecraft/libraries/net/minecraftforge/JarJarMetadata/0.3.19/JarJarMetadata-0.3.19.jar'
rm 'servidor_minecraft/libraries/net/minecraftforge/JarJarSelector/0.3.19/JarJarSelector-0.3.19.jar'
rm 'servidor_minecraft/libraries/net/minecraftforge/accesstransformers/8.0.4/accesstransformers-8.0.4.jar'
rm 'servidor_minecraft/libraries/net/minecraftforge/binarypatcher/1.1.1/binarypatcher-1.1.1.jar'
rm 'servidor_minecraft/libraries/net/minecraftforge/coremods/5.0.1/coremods-5.0.1.jar'
rm 'servidor_minecraft/libraries/net/minecraftforge/eventbus/6.0.5/eventbus-6.0.5.jar'
rm 'servidor_minecraft/libraries/net/minecraftforge/fmlcore/1.20.1-47.2.0/fmlcore-1.20.1-47.2.0.jar'
rm 'servidor_minecraft/libraries/net/minecraftforge/fmlearlydisplay/1.20.1-47.2.0/fmlearlydisplay-1.20.1-47.2.0.jar'
rm 'servidor_minecraft/libraries/net/minecraftforge/fmlloader/1.20.1-47.2.0/fmlloader-1.20.1-47.2.0.jar'
rm 'servidor_minecraft/libraries/net/minecraftforge/forge/1.20.1-47.2.0/forge-1.20.1-47.2.0-server.jar'
rm 'servidor_minecraft/libraries/net/minecraftforge/forge/1.20.1-47.2.0/forge-1.20.1-47.2.0-universal.jar'
rm 'servidor_minecraft/libraries/net/minecraftforge/forge/1.20.1-47.2.0/unix_args.txt'
rm 'servidor_minecraft/libraries/net/minecraftforge/forge/1.20.1-47.2.0/win_args.txt'
rm 'servidor_minecraft/libraries/net/minecraftforge/forgespi/7.0.1/forgespi-7.0.1.jar'
rm 'servidor_minecraft/libraries/net/minecraftforge/installertools/1.3.0/installertools-1.3.0.jar'
rm 'servidor_minecraft/libraries/net/minecraftforge/jarsplitter/1.1.4/jarsplitter-1.1.4.jar'
rm 'servidor_minecraft/libraries/net/minecraftforge/javafmllanguage/1.20.1-47.2.0/javafmllanguage-1.20.1-47.2.0.jar'
rm 'servidor_minecraft/libraries/net/minecraftforge/lowcodelanguage/1.20.1-47.2.0/lowcodelanguage-1.20.1-47.2.0.jar'
rm 'servidor_minecraft/libraries/net/minecraftforge/mclanguage/1.20.1-47.2.0/mclanguage-1.20.1-47.2.0.jar'
rm 'servidor_minecraft/libraries/net/minecraftforge/mergetool/1.1.5/mergetool-1.1.5-api.jar'
rm 'servidor_minecraft/libraries/net/minecraftforge/srgutils/0.4.11/srgutils-0.4.11.jar'
rm 'servidor_minecraft/libraries/net/minecraftforge/srgutils/0.4.3/srgutils-0.4.3.jar'
rm 'servidor_minecraft/libraries/net/minecraftforge/srgutils/0.4.9/srgutils-0.4.9.jar'
rm 'servidor_minecraft/libraries/net/minecraftforge/unsafe/0.2.0/unsafe-0.2.0.jar'
rm 'servidor_minecraft/libraries/net/minecrell/terminalconsoleappender/1.2.0/terminalconsoleappender-1.2.0.jar'
rm 'servidor_minecraft/libraries/net/sf/jopt-simple/jopt-simple/5.0.4/jopt-simple-5.0.4.jar'
rm 'servidor_minecraft/libraries/net/sf/jopt-simple/jopt-simple/6.0-alpha-3/jopt-simple-6.0-alpha-3.jar'
rm 'servidor_minecraft/libraries/org/antlr/antlr4-runtime/4.9.1/antlr4-runtime-4.9.1.jar'
rm 'servidor_minecraft/libraries/org/apache/commons/commons-collections4/4.2/commons-collections4-4.2.jar'
rm 'servidor_minecraft/libraries/org/apache/commons/commons-lang3/3.12.0/commons-lang3-3.12.0.jar'
rm 'servidor_minecraft/libraries/org/apache/commons/commons-lang3/3.8.1/commons-lang3-3.8.1.jar'
rm 'servidor_minecraft/libraries/org/apache/commons/commons-text/1.3/commons-text-1.3.jar'
rm 'servidor_minecraft/libraries/org/apache/logging/log4j/log4j-api/2.19.0/log4j-api-2.19.0.jar'
rm 'servidor_minecraft/libraries/org/apache/logging/log4j/log4j-core/2.19.0/log4j-core-2.19.0.jar'
rm 'servidor_minecraft/libraries/org/apache/logging/log4j/log4j-slf4j2-impl/2.19.0/log4j-slf4j2-impl-2.19.0.jar'
rm 'servidor_minecraft/libraries/org/apache/maven/maven-artifact/3.8.5/maven-artifact-3.8.5.jar'
rm 'servidor_minecraft/libraries/org/checkerframework/checker-qual/2.0.0/checker-qual-2.0.0.jar'
rm 'servidor_minecraft/libraries/org/codehaus/mojo/animal-sniffer-annotations/1.14/animal-sniffer-annotations-1.14.jar'
rm 'servidor_minecraft/libraries/org/jline/jline-reader/3.12.1/jline-reader-3.12.1.jar'
rm 'servidor_minecraft/libraries/org/jline/jline-terminal/3.12.1/jline-terminal-3.12.1.jar'
rm 'servidor_minecraft/libraries/org/joml/joml/1.10.5/joml-1.10.5.jar'
rm 'servidor_minecraft/libraries/org/openjdk/nashorn/nashorn-core/15.3/nashorn-core-15.3.jar'
rm 'servidor_minecraft/libraries/org/ow2/asm/asm-analysis/9.2/asm-analysis-9.2.jar'
rm 'servidor_minecraft/libraries/org/ow2/asm/asm-analysis/9.3/asm-analysis-9.3.jar'
rm 'servidor_minecraft/libraries/org/ow2/asm/asm-analysis/9.5/asm-analysis-9.5.jar'
rm 'servidor_minecraft/libraries/org/ow2/asm/asm-commons/9.2/asm-commons-9.2.jar'
rm 'servidor_minecraft/libraries/org/ow2/asm/asm-commons/9.3/asm-commons-9.3.jar'
rm 'servidor_minecraft/libraries/org/ow2/asm/asm-commons/9.5/asm-commons-9.5.jar'
rm 'servidor_minecraft/libraries/org/ow2/asm/asm-tree/9.2/asm-tree-9.2.jar'
rm 'servidor_minecraft/libraries/org/ow2/asm/asm-tree/9.3/asm-tree-9.3.jar'
rm 'servidor_minecraft/libraries/org/ow2/asm/asm-tree/9.5/asm-tree-9.5.jar'
rm 'servidor_minecraft/libraries/org/ow2/asm/asm-util/9.5/asm-util-9.5.jar'
rm 'servidor_minecraft/libraries/org/ow2/asm/asm/9.2/asm-9.2.jar'
rm 'servidor_minecraft/libraries/org/ow2/asm/asm/9.3/asm-9.3.jar'
rm 'servidor_minecraft/libraries/org/ow2/asm/asm/9.5/asm-9.5.jar'
rm 'servidor_minecraft/libraries/org/slf4j/slf4j-api/2.0.1/slf4j-api-2.0.1.jar'
rm 'servidor_minecraft/libraries/org/spongepowered/mixin/0.8.5/mixin-0.8.5.jar'
rm 'servidor_minecraft/libraries/trove/trove/1.0.2/trove-1.0.2.jar'
rm 'servidor_minecraft/logs/2024-07-22-10.log.gz'
rm 'servidor_minecraft/logs/2024-07-22-11.log.gz'
rm 'servidor_minecraft/logs/2024-07-22-12.log.gz'
rm 'servidor_minecraft/logs/2024-07-22-2.log.gz'
rm 'servidor_minecraft/logs/2024-07-22-3.log.gz'
rm 'servidor_minecraft/logs/2024-07-22-4.log.gz'
rm 'servidor_minecraft/logs/2024-07-22-5.log.gz'
rm 'servidor_minecraft/logs/2024-07-22-6.log.gz'
rm 'servidor_minecraft/logs/2024-07-22-7.log.gz'
rm 'servidor_minecraft/logs/2024-07-22-8.log.gz'
rm 'servidor_minecraft/logs/2024-07-22-9.log.gz'
rm 'servidor_minecraft/logs/2024-07-24-2.log.gz'
rm 'servidor_minecraft/logs/2024-07-24-3.log.gz'
rm 'servidor_minecraft/logs/2024-07-25-2.log.gz'
rm 'servidor_minecraft/logs/2024-07-25-3.log.gz'
rm 'servidor_minecraft/logs/2024-08-01-2.log.gz'
rm 'servidor_minecraft/logs/2024-08-01-3.log.gz'
rm 'servidor_minecraft/logs/2024-08-01-4.log.gz'
rm 'servidor_minecraft/logs/2024-08-01-5.log.gz'
rm 'servidor_minecraft/logs/2024-09-28-2.log.gz'
rm 'servidor_minecraft/logs/2024-10-21-1.log.gz'
rm 'servidor_minecraft/logs/2024-10-21-2.log.gz'
rm 'servidor_minecraft/logs/2024-10-21-3.log.gz'
rm 'servidor_minecraft/logs/2024-10-21-4.log.gz'
rm 'servidor_minecraft/logs/2024-10-21-5.log.gz'
rm 'servidor_minecraft/logs/2024-10-21-6.log.gz'
rm 'servidor_minecraft/logs/2024-10-21-7.log.gz'
rm 'servidor_minecraft/logs/2024-10-21-8.log.gz'
rm 'servidor_minecraft/logs/2024-10-22-2.log.gz'
rm 'servidor_minecraft/logs/2024-10-22-3.log.gz'
rm 'servidor_minecraft/logs/2024-10-22-4.log.gz'
rm 'servidor_minecraft/logs/debug-1.log.gz'
rm 'servidor_minecraft/logs/debug-2.log.gz'
rm 'servidor_minecraft/logs/debug-3.log.gz'
rm 'servidor_minecraft/logs/debug-4.log.gz'
rm 'servidor_minecraft/logs/debug-5.log.gz'
rm 'servidor_minecraft/logs/debug.log'
rm 'servidor_minecraft/logs/latest.log'
rm 'servidor_minecraft/modgest_config.json'
rm 'servidor_minecraft/modgest_debian_x64'
rm 'servidor_minecraft/mods/Apotheosis-1.20.1-7.4.0.jar'
rm 'servidor_minecraft/mods/ApothicAttributes-1.20.1-1.3.5.jar'
rm 'servidor_minecraft/mods/Bookshelf-Forge-1.20.1-20.2.13.jar'
rm 'servidor_minecraft/mods/ConfigurableCane-1.20-2.5.2.jar'
rm 'servidor_minecraft/mods/CreativeCore_FORGE_v2.11.31_mc1.20.1.jar'
rm 'servidor_minecraft/mods/DungeonsArise-1.20.x-2.1.58-release.jar'
rm 'servidor_minecraft/mods/EnchantmentDescriptions-Forge-1.20.1-17.0.16.jar'
rm 'servidor_minecraft/mods/ImmediatelyFast-Forge-1.2.8+1.20.4.jar'
rm 'servidor_minecraft/mods/Incendium_1.20.x_v5.3.5.jar'
rm 'servidor_minecraft/mods/Jade-1.20.1-forge-11.9.4.jar'
rm 'servidor_minecraft/mods/JustEnoughResources-1.20.1-1.4.0.247.jar'
rm 'servidor_minecraft/mods/KOTM-CaliganBetaUpdate.jar'
rm 'servidor_minecraft/mods/L_Enders_Cataclysm-1.99.6-1.20.1.jar'
rm 'servidor_minecraft/mods/MaxHealthFix-Forge-1.20.1-12.0.3.jar'
rm 'servidor_minecraft/mods/Patchouli-1.20.1-84-FORGE.jar'
rm 'servidor_minecraft/mods/Placebo-1.20.1-8.6.2.jar'
rm 'servidor_minecraft/mods/PlayerRevive_FORGE_v2.0.25_mc1.20.1.jar'
rm 'servidor_minecraft/mods/Structory_1.20.x_v1.3.5.jar'
rm 'servidor_minecraft/mods/TaxCastlePillager+M.1.20.1+ForM.1.0.1.jar'
rm 'servidor_minecraft/mods/TerraBlender-forge-1.20.1-3.0.1.7.jar'
rm 'servidor_minecraft/mods/YetAnotherConfigLib-3.5.0+1.20.1-forge.jar'
rm 'servidor_minecraft/mods/alexscaves-2.0.0.jar'
rm 'servidor_minecraft/mods/alexsmobs-1.22.8.jar'
rm 'servidor_minecraft/mods/aquamirae-6.API15.jar'
rm 'servidor_minecraft/mods/architectury-9.2.14-forge.jar'
rm 'servidor_minecraft/mods/balm-forge-1.20.1-7.3.6-all.jar'
rm 'servidor_minecraft/mods/born_in_chaos_[Forge]1.20.1_1.3.1.jar'
rm 'servidor_minecraft/mods/carryon-forge-1.20.1-2.1.2.7.jar'
rm 'servidor_minecraft/mods/citadel-2.6.0-1.20.1.jar'
rm 'servidor_minecraft/mods/cloth-config-11.1.118-forge.jar'
rm 'servidor_minecraft/mods/combatroll-forge-1.3.2+1.20.1.jar'
rm 'servidor_minecraft/mods/curios-forge-5.9.1+1.20.1.jar'
rm 'servidor_minecraft/mods/deeperdarker-forge-1.20.1-1.2.1.jar'
rm 'servidor_minecraft/mods/elenaidodge2-1.1.jar'
rm 'servidor_minecraft/mods/embeddium-0.3.24+mc1.20.1.jar'
rm 'servidor_minecraft/mods/feathers-1.1.jar'
rm 'servidor_minecraft/mods/ferritecore-6.0.1-forge.jar'
rm 'servidor_minecraft/mods/geckolib-forge-1.20.1-4.4.7.jar'
rm 'servidor_minecraft/mods/iceandfire-2.1.13-1.20.1-beta-5.jar'
rm 'servidor_minecraft/mods/inventorypets-1.20.1-2.1.2.jar'
rm 'servidor_minecraft/mods/jei-1.20.1-forge-15.3.0.8.jar'
rm 'servidor_minecraft/mods/journeymap-1.20.1-5.10.0-forge.jar'
rm 'servidor_minecraft/mods/justleveling-forge-1.20.x-v1.7.jar'
rm 'servidor_minecraft/mods/lionfishapi-1.9.jar'
rm 'servidor_minecraft/mods/loot_journal-3.1.1.jar'
rm 'servidor_minecraft/mods/majrusz-library-forge-1.20.1-7.0.8.jar'
rm 'servidor_minecraft/mods/majruszs-difficulty-forge-1.20.1-1.9.10.jar'
rm 'servidor_minecraft/mods/majruszs-enchantments-forge-1.20.1-1.10.8.jar'
rm 'servidor_minecraft/mods/mokels_witch_boss-1.0-forge-1.20.1.jar'
rm 'servidor_minecraft/mods/mutil-1.20.1-6.1.1.jar'
rm 'servidor_minecraft/mods/obscure_api-15.jar'
rm 'servidor_minecraft/mods/player-animation-lib-forge-1.0.2-rc1+1.20.jar'
rm 'servidor_minecraft/mods/plushie_buddies-0.1.1-1.20.1.jar'
rm 'servidor_minecraft/mods/polytone-1.20-2.3.3.jar'
rm 'servidor_minecraft/mods/radium-mc1.20.1-0.12.2+git.5f80f74.jar'
rm 'servidor_minecraft/mods/realmrpg_fallen_adventurers_1.0.3_forge_1.20.1.jar'
rm 'servidor_minecraft/mods/realmrpg_imps_and_demons_0.9.0_forge_1.20.1.jar'
rm 'servidor_minecraft/mods/rrls-4.0.6.1+mc1.20.1-forge.jar'
rm 'servidor_minecraft/mods/rubidium-extra-0.5.4.3+mc1.20.1-build.121.jar'
rm 'servidor_minecraft/mods/spawnermod-1.20.1-1.9.3+Forge.jar'
rm 'servidor_minecraft/mods/structure_gel-1.20.1-2.16.2.jar'
rm 'servidor_minecraft/mods/tact-1.2.0+1.20.1.jar'
rm 'servidor_minecraft/mods/tctcore-1.4-forge-1.20.1.jar'
rm 'servidor_minecraft/mods/tetra-1.20.1-6.4.0.jar'
rm 'servidor_minecraft/mods/the-conjurer-1.20.1-1.1.6.jar'
rm 'servidor_minecraft/mods/theoneprobe-1.20.1-10.0.2.jar'
rm 'servidor_minecraft/mods/tombstone-1.20.1-8.6.7.jar'
rm 'servidor_minecraft/mods/trashslot-forge-1.20-15.1.0.jar'
rm 'servidor_minecraft/mods/travelersbackpack-forge-1.20.1-9.1.14.jar'
rm 'servidor_minecraft/mods/warriors_of_past_epoch_[Forge]_1.20.1_1.3.jar'
rm 'servidor_minecraft/ops.json'
rm 'servidor_minecraft/playit.status'
rm 'servidor_minecraft/playit.tunnels'
rm 'servidor_minecraft/run.bat'
rm 'servidor_minecraft/run.sh'
rm 'servidor_minecraft/server.properties'
rm 'servidor_minecraft/user_jvm_args.txt'
rm 'servidor_minecraft/usercache.json'
rm 'servidor_minecraft/usernamecache.json'
rm 'servidor_minecraft/whitelist.json'
rm 'servidor_minecraft/world/DIM-1/data/capabilities.dat'
rm 'servidor_minecraft/world/DIM-1/data/clearlagc_worldvars.dat'
rm 'servidor_minecraft/world/DIM-1/data/raids.dat'
rm 'servidor_minecraft/world/DIM1/data/capabilities.dat'
rm 'servidor_minecraft/world/DIM1/data/clearlagc_worldvars.dat'
rm 'servidor_minecraft/world/DIM1/data/raids_end.dat'
rm 'servidor_minecraft/world/advancements/43d79b3e-4afa-37fb-a395-aac4dcd856c6.json'
rm 'servidor_minecraft/world/advancements/9221eae4-d002-3ea6-a2ca-c4c421bfbe27.json'
rm 'servidor_minecraft/world/advancements/ed821a9b-cfc7-343b-9491-331781f0bba2.json'
rm 'servidor_minecraft/world/data/JMPlayerSettings.dat'
rm 'servidor_minecraft/world/data/WorldUUID.dat'
rm 'servidor_minecraft/world/data/alexsmobs_world_data.dat'
rm 'servidor_minecraft/world/data/capabilities.dat'
rm 'servidor_minecraft/world/data/cataclysm_world_data.dat'
rm 'servidor_minecraft/world/data/chunks.dat'
rm 'servidor_minecraft/world/data/citadel_world_data.dat'
rm 'servidor_minecraft/world/data/clearlagc_worldvars.dat'
rm 'servidor_minecraft/world/data/iceandfire_general.dat'
rm 'servidor_minecraft/world/data/idcounts.dat'
rm 'servidor_minecraft/world/data/majruszsdifficulty.dat'
rm 'servidor_minecraft/world/data/map_0.dat'
rm 'servidor_minecraft/world/data/map_1.dat'
rm 'servidor_minecraft/world/data/raids.dat'
rm 'servidor_minecraft/world/data/random_sequences.dat'
rm 'servidor_minecraft/world/data/scoreboard.dat'
rm 'servidor_minecraft/world/dimensions/deeperdarker/otherside/data/capabilities.dat'
rm 'servidor_minecraft/world/dimensions/deeperdarker/otherside/data/clearlagc_worldvars.dat'
rm 'servidor_minecraft/world/dimensions/deeperdarker/otherside/data/raids.dat'
rm 'servidor_minecraft/world/entities/r.-1.-1.mca'
rm 'servidor_minecraft/world/entities/r.-1.-2.mca'
rm 'servidor_minecraft/world/entities/r.-1.-3.mca'
rm 'servidor_minecraft/world/entities/r.-1.-4.mca'
rm 'servidor_minecraft/world/entities/r.-1.0.mca'
rm 'servidor_minecraft/world/entities/r.-1.1.mca'
rm 'servidor_minecraft/world/entities/r.-2.-1.mca'
rm 'servidor_minecraft/world/entities/r.-2.-3.mca'
rm 'servidor_minecraft/world/entities/r.-2.-4.mca'
rm 'servidor_minecraft/world/entities/r.-2.0.mca'
rm 'servidor_minecraft/world/entities/r.-2.1.mca'
rm 'servidor_minecraft/world/entities/r.0.-1.mca'
rm 'servidor_minecraft/world/entities/r.0.-2.mca'
rm 'servidor_minecraft/world/entities/r.0.-3.mca'
rm 'servidor_minecraft/world/entities/r.0.-4.mca'
rm 'servidor_minecraft/world/entities/r.0.0.mca'
rm 'servidor_minecraft/world/entities/r.1.-1.mca'
rm 'servidor_minecraft/world/entities/r.1.-2.mca'
rm 'servidor_minecraft/world/entities/r.1.-3.mca'
rm 'servidor_minecraft/world/entities/r.1.-4.mca'
rm 'servidor_minecraft/world/entities/r.2.-2.mca'
rm 'servidor_minecraft/world/entities/r.2.-3.mca'
rm 'servidor_minecraft/world/entities/r.2.-4.mca'
rm 'servidor_minecraft/world/entities/r.3.-3.mca'
rm 'servidor_minecraft/world/entities/r.3.-4.mca'
rm 'servidor_minecraft/world/level.dat'
rm 'servidor_minecraft/world/level.dat_old'
rm 'servidor_minecraft/world/playerdata/43d79b3e-4afa-37fb-a395-aac4dcd856c6.dat'
rm 'servidor_minecraft/world/playerdata/43d79b3e-4afa-37fb-a395-aac4dcd856c6.dat_old'
rm 'servidor_minecraft/world/playerdata/9221eae4-d002-3ea6-a2ca-c4c421bfbe27.dat'
rm 'servidor_minecraft/world/playerdata/9221eae4-d002-3ea6-a2ca-c4c421bfbe27.dat_old'
rm 'servidor_minecraft/world/playerdata/ed821a9b-cfc7-343b-9491-331781f0bba2.dat'
rm 'servidor_minecraft/world/playerdata/ed821a9b-cfc7-343b-9491-331781f0bba2.dat_old'
rm 'servidor_minecraft/world/poi/r.-1.-1.mca'
rm 'servidor_minecraft/world/poi/r.-1.-2.mca'
rm 'servidor_minecraft/world/poi/r.-1.-3.mca'
rm 'servidor_minecraft/world/poi/r.-1.-4.mca'
rm 'servidor_minecraft/world/poi/r.-1.0.mca'
rm 'servidor_minecraft/world/poi/r.-1.1.mca'
rm 'servidor_minecraft/world/poi/r.-2.-1.mca'
rm 'servidor_minecraft/world/poi/r.-2.-3.mca'
rm 'servidor_minecraft/world/poi/r.-2.-4.mca'
rm 'servidor_minecraft/world/poi/r.-2.0.mca'
rm 'servidor_minecraft/world/poi/r.-2.1.mca'
rm 'servidor_minecraft/world/poi/r.0.-1.mca'
rm 'servidor_minecraft/world/poi/r.0.-2.mca'
rm 'servidor_minecraft/world/poi/r.0.-3.mca'
rm 'servidor_minecraft/world/poi/r.0.-4.mca'
rm 'servidor_minecraft/world/poi/r.0.0.mca'
rm 'servidor_minecraft/world/poi/r.1.-1.mca'
rm 'servidor_minecraft/world/poi/r.1.-2.mca'
rm 'servidor_minecraft/world/poi/r.1.-3.mca'
rm 'servidor_minecraft/world/poi/r.1.-4.mca'
rm 'servidor_minecraft/world/poi/r.1.0.mca'
rm 'servidor_minecraft/world/poi/r.2.-2.mca'
rm 'servidor_minecraft/world/poi/r.2.-3.mca'
rm 'servidor_minecraft/world/poi/r.2.-4.mca'
rm 'servidor_minecraft/world/poi/r.3.-2.mca'
rm 'servidor_minecraft/world/poi/r.3.-3.mca'
rm 'servidor_minecraft/world/poi/r.3.-4.mca'
rm 'servidor_minecraft/world/region/r.-1.-1.mca'
rm 'servidor_minecraft/world/region/r.-1.-2.mca'
rm 'servidor_minecraft/world/region/r.-1.-4.mca'
rm 'servidor_minecraft/world/region/r.-1.0.mca'
rm 'servidor_minecraft/world/region/r.-1.1.mca'
rm 'servidor_minecraft/world/region/r.-2.-1.mca'
rm 'servidor_minecraft/world/region/r.-2.-2.mca'
rm 'servidor_minecraft/world/region/r.-2.-3.mca'
rm 'servidor_minecraft/world/region/r.-2.-4.mca'
rm 'servidor_minecraft/world/region/r.-2.0.mca'
rm 'servidor_minecraft/world/region/r.-2.1.mca'
rm 'servidor_minecraft/world/region/r.0.-1.mca'
rm 'servidor_minecraft/world/region/r.0.-2.mca'
rm 'servidor_minecraft/world/region/r.0.-3.mca'
rm 'servidor_minecraft/world/region/r.0.-4.mca'
rm 'servidor_minecraft/world/region/r.0.0.mca'
rm 'servidor_minecraft/world/region/r.1.-1.mca'
rm 'servidor_minecraft/world/region/r.1.-2.mca'
rm 'servidor_minecraft/world/region/r.1.-3.mca'
rm 'servidor_minecraft/world/region/r.1.-4.mca'
rm 'servidor_minecraft/world/region/r.1.0.mca'
rm 'servidor_minecraft/world/region/r.2.-2.mca'
rm 'servidor_minecraft/world/region/r.2.-3.mca'
rm 'servidor_minecraft/world/region/r.2.-4.mca'
rm 'servidor_minecraft/world/region/r.3.-2.mca'
rm 'servidor_minecraft/world/region/r.3.-3.mca'
rm 'servidor_minecraft/world/region/r.3.-4.mca'
rm 'servidor_minecraft/world/serverconfig/configurablecane-server.toml'
rm 'servidor_minecraft/world/serverconfig/curios-server.toml'
rm 'servidor_minecraft/world/serverconfig/forge-server.toml'
rm 'servidor_minecraft/world/serverconfig/jei-server.toml'
rm 'servidor_minecraft/world/serverconfig/journeymap-server.toml'
rm 'servidor_minecraft/world/session.lock'
rm 'servidor_minecraft/world/stats/43d79b3e-4afa-37fb-a395-aac4dcd856c6.json'
rm 'servidor_minecraft/world/stats/9221eae4-d002-3ea6-a2ca-c4c421bfbe27.json'
rm 'servidor_minecraft/world/stats/ed821a9b-cfc7-343b-9491-331781f0bba2.json'
rm 'servidor_minecraft/world/tombstone/loottables/tombstone-pool-archaeology.json'
rm 'servidor_minecraft/world/tombstone/loottables/tombstone-pool-cat_morning.json'
rm 'servidor_minecraft/world/tombstone/loottables/tombstone-pool-chest_treasure.bak'
rm 'servidor_minecraft/world/tombstone/loottables/tombstone-pool-chest_treasure.json'
rm 'servidor_minecraft/world/tombstone/loottables/tombstone-pool-lost_treasure.json'
rm 'servidor_minecraft/world/tombstone/loottables/tombstone-pool-seeker_rod.json'
rm 'servidor_minecraft/world/tombstone/loottables/tombstone-pool-sniffer_digging.json'
rm 'servidor_minecraft/world/tombstone/loottables/tombstone-pool-undead_boss.json'
rm 'servidor_minecraft/world/tombstone/loottables/tombstone-pool-undead_mob.json'
rm 'servidor_minecraft/world/tombstone/saved_players/43d79b3e-4afa-37fb-a395-aac4dcd856c6/20241021-140013.save'
rm 'servidor_minecraft/world/tombstone/saved_players/43d79b3e-4afa-37fb-a395-aac4dcd856c6/20241021-232918.save'
rm 'servidor_minecraft/world/tombstone/saved_players/43d79b3e-4afa-37fb-a395-aac4dcd856c6/20241021-234441.save'
rm 'servidor_minecraft/world/tombstone/saved_players/43d79b3e-4afa-37fb-a395-aac4dcd856c6/20241022-000441.save'
rm 'servidor_minecraft/world/tombstone/saved_players/43d79b3e-4afa-37fb-a395-aac4dcd856c6/20241022-002441.save'
rm 'servidor_minecraft/world/tombstone/saved_players/43d79b3e-4afa-37fb-a395-aac4dcd856c6/20241022-140408.save'
rm 'servidor_minecraft/world/tombstone/saved_players/43d79b3e-4afa-37fb-a395-aac4dcd856c6/20241023-232232.save'
rm 'servidor_minecraft/world/tombstone/saved_players/43d79b3e-4afa-37fb-a395-aac4dcd856c6/20241023-234232.save'
rm 'servidor_minecraft/world/tombstone/saved_players/9221eae4-d002-3ea6-a2ca-c4c421bfbe27/20241021-232918.save'
rm 'servidor_minecraft/world/tombstone/saved_players/9221eae4-d002-3ea6-a2ca-c4c421bfbe27/20241021-233108.save'
rm 'servidor_minecraft/world/tombstone/saved_players/9221eae4-d002-3ea6-a2ca-c4c421bfbe27/20241021-233117.save'
rm 'servidor_minecraft/world/tombstone/saved_players/9221eae4-d002-3ea6-a2ca-c4c421bfbe27/20241021-233305.save'
rm 'servidor_minecraft/world/tombstone/saved_players/9221eae4-d002-3ea6-a2ca-c4c421bfbe27/20241021-233725.save'
rm 'servidor_minecraft/world/tombstone/saved_players/9221eae4-d002-3ea6-a2ca-c4c421bfbe27/20241021-233935.save'
rm 'servidor_minecraft/world/tombstone/saved_players/9221eae4-d002-3ea6-a2ca-c4c421bfbe27/20241021-234022.save'
rm 'servidor_minecraft/world/tombstone/saved_players/9221eae4-d002-3ea6-a2ca-c4c421bfbe27/20241021-234441.save'
rm 'servidor_minecraft/world/tombstone/saved_players/9221eae4-d002-3ea6-a2ca-c4c421bfbe27/20241021-234456.save'
rm 'servidor_minecraft/world/tombstone/saved_players/9221eae4-d002-3ea6-a2ca-c4c421bfbe27/20241022-000441.save'
rm 'servidor_minecraft/world/tombstone/saved_players/9221eae4-d002-3ea6-a2ca-c4c421bfbe27/20241022-001502.save'
rm 'servidor_minecraft/world/tombstone/saved_players/9221eae4-d002-3ea6-a2ca-c4c421bfbe27/20241022-002441.save'
rm 'servidor_minecraft/world/tombstone/saved_players/9221eae4-d002-3ea6-a2ca-c4c421bfbe27/20241022-003438.save'
rm 'servidor_minecraft/world/tombstone/saved_players/ed821a9b-cfc7-343b-9491-331781f0bba2/20241021-232918.save'
rm 'servidor_minecraft/world/tombstone/version.info'
fatal: a branch named 'Minecraft_branch' already exists
fatal: confused by unstable object source data for 17c4ae841b680e88d1141b0092d7fcd11c846bb3
stat: cannot stat 'servidor_minecraft/mods/ClearLag': No such file or directory
fatal: pathspec 'servidor_minecraft/mods/ClearLag' did not match any files
stat: cannot stat '1.20.1.jar': No such file or directory
fatal: pathspec '1.20.1.jar' did not match any files
stat: cannot stat 'servidor_minecraft/mods/Explorify': No such file or directory
fatal: pathspec 'servidor_minecraft/mods/Explorify' did not match any files
stat: cannot stat 'v1.6.1': No such file or directory
fatal: pathspec 'v1.6.1' did not match any files
stat: cannot stat 'f10-48.jar': No such file or directory
fatal: pathspec 'f10-48.jar' did not match any files
stat: cannot stat 'servidor_minecraft/mods/ironchest-1.20.1-14.4.4': No such file or directory
fatal: pathspec 'servidor_minecraft/mods/ironchest-1.20.1-14.4.4' did not match any files
stat: cannot stat '(1).jar': No such file or directory
fatal: pathspec '(1).jar' did not match any files
stat: cannot stat 'servidor_minecraft/mods/Cardinal': No such file or directory
fatal: pathspec 'servidor_minecraft/mods/Cardinal' did not match any files
stat: cannot stat 'Sins': No such file or directory
fatal: pathspec 'Sins' did not match any files
stat: cannot stat '1.0.3.jar': No such file or directory
fatal: pathspec '1.0.3.jar' did not match any files
Obteniendo cambios del remoto...
Fusionando cambios del remoto en la rama actual...
Already up to date.
Realizando push forzado en la rama Minecraft_branch con archivos menores de 100 MB
remote: warning: See https://gh.io/lfs for more information.        
remote: warning: File servidor_minecraft/mods/alexscaves-2.0.0.jar is 71.31 MB; this is larger than GitHub's recommended maximum file size of 50.00 MB        
remote: warning: GH001: Large files detected. You may want to try Git Large File Storage - https://git-lfs.github.com.        
To https://github.com/jaime412/Minecraft_branch.git
 + 54d5884...5b73dd1 Minecraft_branch -> Minecraft_branch (forced update)
Push forzado realizado con éxito en la rama Minecraft_branch.
[Minecraft_branch 9777468] Añadido excluded_files.txt con los archivos grandes excluidos
 1 file changed, 0 insertions(+), 0 deletions(-)
 create mode 100644 excluded_files.txt
To https://github.com/jaime412/Minecraft_branch.git
   5b73dd1..9777468  Minecraft_branch -> Minecraft_branch
Esperando 10 minutos antes de la próxima ejecución...
Esperando 10 minutos antes de la primera ejecución...
Iniciando proceso de sincronización...
Nombre de la rama actual: Minecraft_branch
Obteniendo la URL del repositorio remoto
origin	https://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@github.com/jaime412/Minecraft_branch.git (fetch)
origin	https://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@github.com/jaime412/Minecraft_branch.git (push)
rm 'addons/Branchutil.addon'
rm 'addons/Utilidades.py'
rm 'addons/url-del-branch.json'
rm 'configuracion.json'
rm 'excluded_files.txt'
rm 'servidor_minecraft/banned-ips.json'
rm 'servidor_minecraft/banned-players.json'
rm 'servidor_minecraft/config/Elenai-Dodge-2-Common.toml'
rm 'servidor_minecraft/config/Feathers-Common.toml'
rm 'servidor_minecraft/config/Obscuria/aquamirae-common.toml'
rm 'servidor_minecraft/config/Plushie_Buddies-Common.toml'
rm 'servidor_minecraft/config/ShieldExpansion-common.toml'
rm 'servidor_minecraft/config/alexscaves-general.toml'
rm 'servidor_minecraft/config/alexscaves_biome_generation/abyssal_chasm.json'
rm 'servidor_minecraft/config/alexscaves_biome_generation/candy_cavity.json'
rm 'servidor_minecraft/config/alexscaves_biome_generation/forlorn_hollows.json'
rm 'servidor_minecraft/config/alexscaves_biome_generation/magnetic_caves.json'
rm 'servidor_minecraft/config/alexscaves_biome_generation/primordial_caves.json'
rm 'servidor_minecraft/config/alexscaves_biome_generation/toxic_caves.json'
rm 'servidor_minecraft/config/alexsmobs.toml'
rm 'servidor_minecraft/config/alexsmobs/alligator_snapping_turtle_spawns.json'
rm 'servidor_minecraft/config/alexsmobs/anaconda_spawns.json'
rm 'servidor_minecraft/config/alexsmobs/anteater_spawns.json'
rm 'servidor_minecraft/config/alexsmobs/bald_eagle_spawns.json'
rm 'servidor_minecraft/config/alexsmobs/banana_slug_spawns.json'
rm 'servidor_minecraft/config/alexsmobs/bison_spawns.json'
rm 'servidor_minecraft/config/alexsmobs/blobfish_spawns.json'
rm 'servidor_minecraft/config/alexsmobs/blue_jay_spawns.json'
rm 'servidor_minecraft/config/alexsmobs/bone_serpent_spawns.json'
rm 'servidor_minecraft/config/alexsmobs/bunfungus_spawns.json'
rm 'servidor_minecraft/config/alexsmobs/cachalot_whale_beached_spawns.json'
rm 'servidor_minecraft/config/alexsmobs/cachalot_whale_spawns.json'
rm 'servidor_minecraft/config/alexsmobs/caiman_spawns.json'
rm 'servidor_minecraft/config/alexsmobs/capuchin_monkey_spawns.json'
rm 'servidor_minecraft/config/alexsmobs/catfish_spawns.json'
rm 'servidor_minecraft/config/alexsmobs/cave_centipede_spawns.json'
rm 'servidor_minecraft/config/alexsmobs/cockroach_spawns.json'
rm 'servidor_minecraft/config/alexsmobs/comb_jelly_spawns.json'
rm 'servidor_minecraft/config/alexsmobs/cosmaw_spawns.json'
rm 'servidor_minecraft/config/alexsmobs/cosmic_cod_spawns.json'
rm 'servidor_minecraft/config/alexsmobs/crimson_mosquito_spawns.json'
rm 'servidor_minecraft/config/alexsmobs/crocodile_spawns.json'
rm 'servidor_minecraft/config/alexsmobs/crow_spawns.json'
rm 'servidor_minecraft/config/alexsmobs/devils_hole_pupfish_spawns.json'
rm 'servidor_minecraft/config/alexsmobs/dropbear_spawns.json'
rm 'servidor_minecraft/config/alexsmobs/elephant_spawns.json'
rm 'servidor_minecraft/config/alexsmobs/emu_spawns.json'
rm 'servidor_minecraft/config/alexsmobs/endergrade_spawns.json'
rm 'servidor_minecraft/config/alexsmobs/enderiophage_spawns.json'
rm 'servidor_minecraft/config/alexsmobs/farseer.json'
rm 'servidor_minecraft/config/alexsmobs/flutter_spawns.json'
rm 'servidor_minecraft/config/alexsmobs/fly_spawns.json'
rm 'servidor_minecraft/config/alexsmobs/flying_fish_spawns.json'
rm 'servidor_minecraft/config/alexsmobs/frilled_shark_spawns.json'
rm 'servidor_minecraft/config/alexsmobs/froststalker_spawns.json'
rm 'servidor_minecraft/config/alexsmobs/gazelle_spawns.json'
rm 'servidor_minecraft/config/alexsmobs/gelada_monkey_spawns.json'
rm 'servidor_minecraft/config/alexsmobs/giant_squid_spawns.json'
rm 'servidor_minecraft/config/alexsmobs/gorilla_spawns.json'
rm 'servidor_minecraft/config/alexsmobs/grizzly_bear_spawns.json'
rm 'servidor_minecraft/config/alexsmobs/guster_spawns.json'
rm 'servidor_minecraft/config/alexsmobs/hammerhead_shark_spawns.json'
rm 'servidor_minecraft/config/alexsmobs/hummingbird_spawns.json'
rm 'servidor_minecraft/config/alexsmobs/jerboa_spawns.json'
rm 'servidor_minecraft/config/alexsmobs/kangaroo_spawns.json'
rm 'servidor_minecraft/config/alexsmobs/komodo_dragon_spawns.json'
rm 'servidor_minecraft/config/alexsmobs/laviathan_spawns.json'
rm 'servidor_minecraft/config/alexsmobs/leafcutter_anthill_spawns.json'
rm 'servidor_minecraft/config/alexsmobs/lobster_spawns.json'
rm 'servidor_minecraft/config/alexsmobs/maned_wolf_spawns.json'
rm 'servidor_minecraft/config/alexsmobs/mantis_shrimp_spawns.json'
rm 'servidor_minecraft/config/alexsmobs/mimic_octopus_spawns.json'
rm 'servidor_minecraft/config/alexsmobs/mimicube_spawns.json'
rm 'servidor_minecraft/config/alexsmobs/moose_spawns.json'
rm 'servidor_minecraft/config/alexsmobs/mudskipper_spawns.json'
rm 'servidor_minecraft/config/alexsmobs/mungus_spawns.json'
rm 'servidor_minecraft/config/alexsmobs/murmur.json'
rm 'servidor_minecraft/config/alexsmobs/orca_spawns.json'
rm 'servidor_minecraft/config/alexsmobs/platypus_spawns.json'
rm 'servidor_minecraft/config/alexsmobs/potoo_spawns.json'
rm 'servidor_minecraft/config/alexsmobs/raccoon_spawns.json'
rm 'servidor_minecraft/config/alexsmobs/rain_frog_spawns.json'
rm 'servidor_minecraft/config/alexsmobs/rattlesnake_spawns.json'
rm 'servidor_minecraft/config/alexsmobs/rhinoceros_spawns.json'
rm 'servidor_minecraft/config/alexsmobs/roadrunner_spawns.json'
rm 'servidor_minecraft/config/alexsmobs/rocky_roller_spawns.json'
rm 'servidor_minecraft/config/alexsmobs/seagull_spawns.json'
rm 'servidor_minecraft/config/alexsmobs/seal_spawns.json'
rm 'servidor_minecraft/config/alexsmobs/shoebill_spawns.json'
rm 'servidor_minecraft/config/alexsmobs/skelewag_spawns.json'
rm 'servidor_minecraft/config/alexsmobs/skreecher.json'
rm 'servidor_minecraft/config/alexsmobs/skunk_spawns.json'
rm 'servidor_minecraft/config/alexsmobs/snow_leopard_spawns.json'
rm 'servidor_minecraft/config/alexsmobs/soul_vulture_spawns.json'
rm 'servidor_minecraft/config/alexsmobs/spectre_spawns.json'
rm 'servidor_minecraft/config/alexsmobs/straddler_spawns.json'
rm 'servidor_minecraft/config/alexsmobs/stradpole_spawns.json'
rm 'servidor_minecraft/config/alexsmobs/sugar_glider_spawns.json'
rm 'servidor_minecraft/config/alexsmobs/sunbird_spawns.json'
rm 'servidor_minecraft/config/alexsmobs/tarantula_hawk_spawns.json'
rm 'servidor_minecraft/config/alexsmobs/tasmanian_devil_spawns.json'
rm 'servidor_minecraft/config/alexsmobs/terrapin_spawns.json'
rm 'servidor_minecraft/config/alexsmobs/tiger_spawns.json'
rm 'servidor_minecraft/config/alexsmobs/toucan_spawns.json'
rm 'servidor_minecraft/config/alexsmobs/triops_spawns.json'
rm 'servidor_minecraft/config/alexsmobs/tusklin_spawns.json'
rm 'servidor_minecraft/config/alexsmobs/underminer.json'
rm 'servidor_minecraft/config/alexsmobs/void_worm_spawns.json'
rm 'servidor_minecraft/config/alexsmobs/warped_mosco_spawns.json'
rm 'servidor_minecraft/config/alexsmobs/warped_toad_spawns.json'
rm 'servidor_minecraft/config/aoa3/integrations_config.toml'
rm 'servidor_minecraft/config/apotheosis/adventure.cfg'
rm 'servidor_minecraft/config/apotheosis/apotheosis.cfg'
rm 'servidor_minecraft/config/apotheosis/ench.cfg'
rm 'servidor_minecraft/config/apotheosis/enchantments.cfg'
rm 'servidor_minecraft/config/apotheosis/garden.cfg'
rm 'servidor_minecraft/config/apotheosis/names.cfg'
rm 'servidor_minecraft/config/apotheosis/potion.cfg'
rm 'servidor_minecraft/config/apotheosis/spawner.cfg'
rm 'servidor_minecraft/config/apotheosis/village.cfg'
rm 'servidor_minecraft/config/attributeslib.cfg'
rm 'servidor_minecraft/config/balm-common.toml'
rm 'servidor_minecraft/config/bettercombat/fallback_compatibility.json'
rm 'servidor_minecraft/config/bettercombat/server.json5'
rm 'servidor_minecraft/config/carryon-common.toml'
rm 'servidor_minecraft/config/cataclysm.toml'
rm 'servidor_minecraft/config/cataclysm/amethyst_crab_spawns.json'
rm 'servidor_minecraft/config/cataclysm/coral_golem_spawns.json'
rm 'servidor_minecraft/config/cataclysm/deepling_angler_spawns.json'
rm 'servidor_minecraft/config/cataclysm/deepling_brute_spawns.json'
rm 'servidor_minecraft/config/cataclysm/deepling_priest_spawns.json'
rm 'servidor_minecraft/config/cataclysm/deepling_spawns.json'
rm 'servidor_minecraft/config/cataclysm/deepling_warlock_spawns.json'
rm 'servidor_minecraft/config/cataclysm/koboleton_spawns.json'
rm 'servidor_minecraft/config/citadel-common.toml'
rm 'servidor_minecraft/config/combatroll/enchantments.json'
rm 'servidor_minecraft/config/combatroll/server.json5'
rm 'servidor_minecraft/config/curios-common.toml'
rm 'servidor_minecraft/config/embeddium-mixins.properties'
rm 'servidor_minecraft/config/embeddium-options.json'
rm 'servidor_minecraft/config/epicknights/armor.json5'
rm 'servidor_minecraft/config/epicknights/general.json5'
rm 'servidor_minecraft/config/epicknights/mobs_equipment.json5'
rm 'servidor_minecraft/config/epicknights/shields.json5'
rm 'servidor_minecraft/config/epicknights/weapons.json5'
rm 'servidor_minecraft/config/ferritecore-mixin.toml'
rm 'servidor_minecraft/config/fml.toml'
rm 'servidor_minecraft/config/iceandfire-common.toml'
rm 'servidor_minecraft/config/iceandfire/amphithere_biomes.json'
rm 'servidor_minecraft/config/iceandfire/cockatrice_biomes.json'
rm 'servidor_minecraft/config/iceandfire/cyclops_cave_biomes.json'
rm 'servidor_minecraft/config/iceandfire/deathworm_biomes.json'
rm 'servidor_minecraft/config/iceandfire/desert_myrmex_biomes.json'
rm 'servidor_minecraft/config/iceandfire/fire_dragon_biomes.json'
rm 'servidor_minecraft/config/iceandfire/fire_dragon_cave_biomes.json'
rm 'servidor_minecraft/config/iceandfire/fire_dragon_skeleton_biomes.json'
rm 'servidor_minecraft/config/iceandfire/fire_lily_biomes.json'
rm 'servidor_minecraft/config/iceandfire/forest_troll_biomes.json'
rm 'servidor_minecraft/config/iceandfire/frost_lily_biomes.json'
rm 'servidor_minecraft/config/iceandfire/gorgon_temple_biomes.json'
rm 'servidor_minecraft/config/iceandfire/graveyard_biomes.json'
rm 'servidor_minecraft/config/iceandfire/hippocampus_biomes.json'
rm 'servidor_minecraft/config/iceandfire/hippogryph_biomes.json'
rm 'servidor_minecraft/config/iceandfire/hippogryph_black_biomes.json'
rm 'servidor_minecraft/config/iceandfire/hippogryph_brown_biomes.json'
rm 'servidor_minecraft/config/iceandfire/hippogryph_chestnut_biomes.json'
rm 'servidor_minecraft/config/iceandfire/hippogryph_creamy_biomes.json'
rm 'servidor_minecraft/config/iceandfire/hippogryph_dark_brown_biomes.json'
rm 'servidor_minecraft/config/iceandfire/hippogryph_gray_biomes.json'
rm 'servidor_minecraft/config/iceandfire/hippogryph_white_biomes.json'
rm 'servidor_minecraft/config/iceandfire/hydra_cave_biomes.json'
rm 'servidor_minecraft/config/iceandfire/ice_dragon_biomes.json'
rm 'servidor_minecraft/config/iceandfire/ice_dragon_cave_biomes.json'
rm 'servidor_minecraft/config/iceandfire/ice_dragon_skeleton_biomes.json'
rm 'servidor_minecraft/config/iceandfire/jungle_myrmex_biomes.json'
rm 'servidor_minecraft/config/iceandfire/lightning_dragon_biomes.json'
rm 'servidor_minecraft/config/iceandfire/lightning_dragon_cave_biomes.json'
rm 'servidor_minecraft/config/iceandfire/lightning_dragon_skeleton_biomes.json'
rm 'servidor_minecraft/config/iceandfire/lightning_lily_biomes.json'
rm 'servidor_minecraft/config/iceandfire/mausoleum_biomes.json'
rm 'servidor_minecraft/config/iceandfire/mountain_troll_biomes.json'
rm 'servidor_minecraft/config/iceandfire/ore_gen_biomes.json'
rm 'servidor_minecraft/config/iceandfire/pixie_village_biomes.json'
rm 'servidor_minecraft/config/iceandfire/sapphire_gen_biomes.json'
rm 'servidor_minecraft/config/iceandfire/sea_serpent_biomes.json'
rm 'servidor_minecraft/config/iceandfire/siren_biomes.json'
rm 'servidor_minecraft/config/iceandfire/snowy_troll_biomes.json'
rm 'servidor_minecraft/config/iceandfire/stymphalian_bird_biomes.json'
rm 'servidor_minecraft/config/iceandfire/wandering_cyclops_biomes.json'
rm 'servidor_minecraft/config/immediatelyfast.json'
rm 'servidor_minecraft/config/inventorypets-common.toml'
rm 'servidor_minecraft/config/jade/server-plugin-overrides.json'
rm 'servidor_minecraft/config/jade/sort-order.json'
rm 'servidor_minecraft/config/jeresources-common.toml'
rm 'servidor_minecraft/config/jeresources.toml'
rm 'servidor_minecraft/config/just_leveling-common.toml'
rm 'servidor_minecraft/config/lithium.properties'
rm 'servidor_minecraft/config/majruszlibrary.json'
rm 'servidor_minecraft/config/majruszsdifficulty.json'
rm 'servidor_minecraft/config/majruszsenchantments.json'
rm 'servidor_minecraft/config/mca.json'
rm 'servidor_minecraft/config/mysticsbiomes-common.toml'
rm 'servidor_minecraft/config/playerrevive.json'
rm 'servidor_minecraft/config/sodium-extra.properties'
rm 'servidor_minecraft/config/spawnermod.json'
rm 'servidor_minecraft/config/structure_gel-common.toml'
rm 'servidor_minecraft/config/tact-common.toml'
rm 'servidor_minecraft/config/terrablender.toml'
rm 'servidor_minecraft/config/tetra.toml'
rm 'servidor_minecraft/config/theoneprobe-common.toml'
rm 'servidor_minecraft/config/tombstone-common.toml'
rm 'servidor_minecraft/config/tombstone-server.toml'
rm 'servidor_minecraft/config/trashslot-common.toml'
rm 'servidor_minecraft/config/travelersbackpack-common.toml'
rm 'servidor_minecraft/config/yacl.json5'
rm 'servidor_minecraft/configuracion.json'
rm 'servidor_minecraft/crash-reports/crash-2024-08-01_03.17.33-server.txt'
rm 'servidor_minecraft/crash-reports/crash-2024-08-01_03.24.36-server.txt'
rm 'servidor_minecraft/crash-reports/crash-2024-08-01_03.33.05-server.txt'
rm 'servidor_minecraft/eula.txt'
rm 'servidor_minecraft/forge.jar'
rm 'servidor_minecraft/forge.jar.log'
rm 'servidor_minecraft/journeymap/server/5.10/journeymap.server.aoa3~barathos.config'
rm 'servidor_minecraft/journeymap/server/5.10/journeymap.server.aoa3~deeplands.config'
rm 'servidor_minecraft/journeymap/server/5.10/journeymap.server.aoa3~lborean.config'
rm 'servidor_minecraft/journeymap/server/5.10/journeymap.server.aoa3~lelyetia.config'
rm 'servidor_minecraft/journeymap/server/5.10/journeymap.server.aoa3~nowhere.config'
rm 'servidor_minecraft/journeymap/server/5.10/journeymap.server.aoa3~precasia.config'
rm 'servidor_minecraft/journeymap/server/5.10/journeymap.server.aoa3~precasia_backup.config'
rm 'servidor_minecraft/journeymap/server/5.10/journeymap.server.deeperdarker~otherside.config'
rm 'servidor_minecraft/journeymap/server/5.10/journeymap.server.default.config'
rm 'servidor_minecraft/journeymap/server/5.10/journeymap.server.global.config'
rm 'servidor_minecraft/journeymap/server/5.10/journeymap.server.minecraft~overworld.config'
rm 'servidor_minecraft/journeymap/server/5.10/journeymap.server.minecraft~the_end.config'
rm 'servidor_minecraft/journeymap/server/5.10/journeymap.server.minecraft~the_nether.config'
rm 'servidor_minecraft/journeymap/server/5.10/journeymap.server.world~madnessdimension.config'
rm 'servidor_minecraft/journeymap/server/5.10/journeymap.server.world~worldtest_1.config'
rm 'servidor_minecraft/libraries/com/electronwill/night-config/core/3.6.4/core-3.6.4.jar'
rm 'servidor_minecraft/libraries/com/electronwill/night-config/toml/3.6.4/toml-3.6.4.jar'
rm 'servidor_minecraft/libraries/com/github/jponge/lzma-java/1.3/lzma-java-1.3.jar'
rm 'servidor_minecraft/libraries/com/github/oshi/oshi-core/6.2.2/oshi-core-6.2.2.jar'
rm 'servidor_minecraft/libraries/com/google/code/findbugs/jsr305/3.0.2/jsr305-3.0.2.jar'
rm 'servidor_minecraft/libraries/com/google/code/gson/gson/2.10/gson-2.10.jar'
rm 'servidor_minecraft/libraries/com/google/code/gson/gson/2.8.7/gson-2.8.7.jar'
rm 'servidor_minecraft/libraries/com/google/errorprone/error_prone_annotations/2.1.3/error_prone_annotations-2.1.3.jar'
rm 'servidor_minecraft/libraries/com/google/guava/failureaccess/1.0.1/failureaccess-1.0.1.jar'
rm 'servidor_minecraft/libraries/com/google/guava/guava/20.0/guava-20.0.jar'
rm 'servidor_minecraft/libraries/com/google/guava/guava/25.1-jre/guava-25.1-jre.jar'
rm 'servidor_minecraft/libraries/com/google/guava/guava/31.1-jre/guava-31.1-jre.jar'
rm 'servidor_minecraft/libraries/com/google/j2objc/j2objc-annotations/1.1/j2objc-annotations-1.1.jar'
rm 'servidor_minecraft/libraries/com/mojang/authlib/4.0.43/authlib-4.0.43.jar'
rm 'servidor_minecraft/libraries/com/mojang/brigadier/1.1.8/brigadier-1.1.8.jar'
rm 'servidor_minecraft/libraries/com/mojang/datafixerupper/6.0.8/datafixerupper-6.0.8.jar'
rm 'servidor_minecraft/libraries/com/mojang/logging/1.1.1/logging-1.1.1.jar'
rm 'servidor_minecraft/libraries/com/nothome/javaxdelta/2.0.1/javaxdelta-2.0.1.jar'
rm 'servidor_minecraft/libraries/com/opencsv/opencsv/4.4/opencsv-4.4.jar'
rm 'servidor_minecraft/libraries/commons-beanutils/commons-beanutils/1.9.3/commons-beanutils-1.9.3.jar'
rm 'servidor_minecraft/libraries/commons-collections/commons-collections/3.2.2/commons-collections-3.2.2.jar'
rm 'servidor_minecraft/libraries/commons-io/commons-io/2.11.0/commons-io-2.11.0.jar'
rm 'servidor_minecraft/libraries/commons-io/commons-io/2.4/commons-io-2.4.jar'
rm 'servidor_minecraft/libraries/commons-logging/commons-logging/1.2/commons-logging-1.2.jar'
rm 'servidor_minecraft/libraries/cpw/mods/bootstraplauncher/1.1.2/bootstraplauncher-1.1.2.jar'
rm 'servidor_minecraft/libraries/cpw/mods/modlauncher/10.0.9/modlauncher-10.0.9.jar'
rm 'servidor_minecraft/libraries/cpw/mods/securejarhandler/2.1.10/securejarhandler-2.1.10.jar'
rm 'servidor_minecraft/libraries/de/oceanlabs/mcp/mcp_config/1.20.1-20230612.114412/mcp_config-1.20.1-20230612.114412-mappings-merged.txt'
rm 'servidor_minecraft/libraries/de/oceanlabs/mcp/mcp_config/1.20.1-20230612.114412/mcp_config-1.20.1-20230612.114412-mappings.txt'
rm 'servidor_minecraft/libraries/de/oceanlabs/mcp/mcp_config/1.20.1-20230612.114412/mcp_config-1.20.1-20230612.114412.zip'
rm 'servidor_minecraft/libraries/de/siegmar/fastcsv/2.0.0/fastcsv-2.0.0.jar'
rm 'servidor_minecraft/libraries/io/netty/netty-buffer/4.1.82.Final/netty-buffer-4.1.82.Final.jar'
rm 'servidor_minecraft/libraries/io/netty/netty-codec/4.1.82.Final/netty-codec-4.1.82.Final.jar'
rm 'servidor_minecraft/libraries/io/netty/netty-common/4.1.82.Final/netty-common-4.1.82.Final.jar'
rm 'servidor_minecraft/libraries/io/netty/netty-handler/4.1.82.Final/netty-handler-4.1.82.Final.jar'
rm 'servidor_minecraft/libraries/io/netty/netty-resolver/4.1.82.Final/netty-resolver-4.1.82.Final.jar'
rm 'servidor_minecraft/libraries/io/netty/netty-transport-classes-epoll/4.1.82.Final/netty-transport-classes-epoll-4.1.82.Final.jar'
rm 'servidor_minecraft/libraries/io/netty/netty-transport-native-epoll/4.1.82.Final/netty-transport-native-epoll-4.1.82.Final-linux-aarch_64.jar'
rm 'servidor_minecraft/libraries/io/netty/netty-transport-native-epoll/4.1.82.Final/netty-transport-native-epoll-4.1.82.Final-linux-x86_64.jar'
rm 'servidor_minecraft/libraries/io/netty/netty-transport-native-unix-common/4.1.82.Final/netty-transport-native-unix-common-4.1.82.Final.jar'
rm 'servidor_minecraft/libraries/io/netty/netty-transport/4.1.82.Final/netty-transport-4.1.82.Final.jar'
rm 'servidor_minecraft/libraries/it/unimi/dsi/fastutil/8.5.9/fastutil-8.5.9.jar'
rm 'servidor_minecraft/libraries/net/java/dev/jna/jna-platform/5.12.1/jna-platform-5.12.1.jar'
rm 'servidor_minecraft/libraries/net/java/dev/jna/jna/5.12.1/jna-5.12.1.jar'
rm 'servidor_minecraft/libraries/net/jodah/typetools/0.6.3/typetools-0.6.3.jar'
rm 'servidor_minecraft/libraries/net/md-5/SpecialSource/1.11.0/SpecialSource-1.11.0.jar'
rm 'servidor_minecraft/libraries/net/minecraft/server/1.20.1-20230612.114412/server-1.20.1-20230612.114412-extra.jar'
rm 'servidor_minecraft/libraries/net/minecraft/server/1.20.1-20230612.114412/server-1.20.1-20230612.114412-extra.jar.cache'
rm 'servidor_minecraft/libraries/net/minecraft/server/1.20.1-20230612.114412/server-1.20.1-20230612.114412-mappings.txt'
rm 'servidor_minecraft/libraries/net/minecraft/server/1.20.1-20230612.114412/server-1.20.1-20230612.114412-slim.jar'
rm 'servidor_minecraft/libraries/net/minecraft/server/1.20.1-20230612.114412/server-1.20.1-20230612.114412-slim.jar.cache'
rm 'servidor_minecraft/libraries/net/minecraft/server/1.20.1-20230612.114412/server-1.20.1-20230612.114412-srg.jar'
rm 'servidor_minecraft/libraries/net/minecraft/server/1.20.1-20230612.114412/server-1.20.1-20230612.114412-unpacked.jar'
rm 'servidor_minecraft/libraries/net/minecraft/server/1.20.1/server-1.20.1.jar'
rm 'servidor_minecraft/libraries/net/minecraftforge/ForgeAutoRenamingTool/0.1.22/ForgeAutoRenamingTool-0.1.22-all.jar'
rm 'servidor_minecraft/libraries/net/minecraftforge/JarJarFileSystems/0.3.19/JarJarFileSystems-0.3.19.jar'
rm 'servidor_minecraft/libraries/net/minecraftforge/JarJarMetadata/0.3.19/JarJarMetadata-0.3.19.jar'
rm 'servidor_minecraft/libraries/net/minecraftforge/JarJarSelector/0.3.19/JarJarSelector-0.3.19.jar'
rm 'servidor_minecraft/libraries/net/minecraftforge/accesstransformers/8.0.4/accesstransformers-8.0.4.jar'
rm 'servidor_minecraft/libraries/net/minecraftforge/binarypatcher/1.1.1/binarypatcher-1.1.1.jar'
rm 'servidor_minecraft/libraries/net/minecraftforge/coremods/5.0.1/coremods-5.0.1.jar'
rm 'servidor_minecraft/libraries/net/minecraftforge/eventbus/6.0.5/eventbus-6.0.5.jar'
rm 'servidor_minecraft/libraries/net/minecraftforge/fmlcore/1.20.1-47.2.0/fmlcore-1.20.1-47.2.0.jar'
rm 'servidor_minecraft/libraries/net/minecraftforge/fmlearlydisplay/1.20.1-47.2.0/fmlearlydisplay-1.20.1-47.2.0.jar'
rm 'servidor_minecraft/libraries/net/minecraftforge/fmlloader/1.20.1-47.2.0/fmlloader-1.20.1-47.2.0.jar'
rm 'servidor_minecraft/libraries/net/minecraftforge/forge/1.20.1-47.2.0/forge-1.20.1-47.2.0-server.jar'
rm 'servidor_minecraft/libraries/net/minecraftforge/forge/1.20.1-47.2.0/forge-1.20.1-47.2.0-universal.jar'
rm 'servidor_minecraft/libraries/net/minecraftforge/forge/1.20.1-47.2.0/unix_args.txt'
rm 'servidor_minecraft/libraries/net/minecraftforge/forge/1.20.1-47.2.0/win_args.txt'
rm 'servidor_minecraft/libraries/net/minecraftforge/forgespi/7.0.1/forgespi-7.0.1.jar'
rm 'servidor_minecraft/libraries/net/minecraftforge/installertools/1.3.0/installertools-1.3.0.jar'
rm 'servidor_minecraft/libraries/net/minecraftforge/jarsplitter/1.1.4/jarsplitter-1.1.4.jar'
rm 'servidor_minecraft/libraries/net/minecraftforge/javafmllanguage/1.20.1-47.2.0/javafmllanguage-1.20.1-47.2.0.jar'
rm 'servidor_minecraft/libraries/net/minecraftforge/lowcodelanguage/1.20.1-47.2.0/lowcodelanguage-1.20.1-47.2.0.jar'
rm 'servidor_minecraft/libraries/net/minecraftforge/mclanguage/1.20.1-47.2.0/mclanguage-1.20.1-47.2.0.jar'
rm 'servidor_minecraft/libraries/net/minecraftforge/mergetool/1.1.5/mergetool-1.1.5-api.jar'
rm 'servidor_minecraft/libraries/net/minecraftforge/srgutils/0.4.11/srgutils-0.4.11.jar'
rm 'servidor_minecraft/libraries/net/minecraftforge/srgutils/0.4.3/srgutils-0.4.3.jar'
rm 'servidor_minecraft/libraries/net/minecraftforge/srgutils/0.4.9/srgutils-0.4.9.jar'
rm 'servidor_minecraft/libraries/net/minecraftforge/unsafe/0.2.0/unsafe-0.2.0.jar'
rm 'servidor_minecraft/libraries/net/minecrell/terminalconsoleappender/1.2.0/terminalconsoleappender-1.2.0.jar'
rm 'servidor_minecraft/libraries/net/sf/jopt-simple/jopt-simple/5.0.4/jopt-simple-5.0.4.jar'
rm 'servidor_minecraft/libraries/net/sf/jopt-simple/jopt-simple/6.0-alpha-3/jopt-simple-6.0-alpha-3.jar'
rm 'servidor_minecraft/libraries/org/antlr/antlr4-runtime/4.9.1/antlr4-runtime-4.9.1.jar'
rm 'servidor_minecraft/libraries/org/apache/commons/commons-collections4/4.2/commons-collections4-4.2.jar'
rm 'servidor_minecraft/libraries/org/apache/commons/commons-lang3/3.12.0/commons-lang3-3.12.0.jar'
rm 'servidor_minecraft/libraries/org/apache/commons/commons-lang3/3.8.1/commons-lang3-3.8.1.jar'
rm 'servidor_minecraft/libraries/org/apache/commons/commons-text/1.3/commons-text-1.3.jar'
rm 'servidor_minecraft/libraries/org/apache/logging/log4j/log4j-api/2.19.0/log4j-api-2.19.0.jar'
rm 'servidor_minecraft/libraries/org/apache/logging/log4j/log4j-core/2.19.0/log4j-core-2.19.0.jar'
rm 'servidor_minecraft/libraries/org/apache/logging/log4j/log4j-slf4j2-impl/2.19.0/log4j-slf4j2-impl-2.19.0.jar'
rm 'servidor_minecraft/libraries/org/apache/maven/maven-artifact/3.8.5/maven-artifact-3.8.5.jar'
rm 'servidor_minecraft/libraries/org/checkerframework/checker-qual/2.0.0/checker-qual-2.0.0.jar'
rm 'servidor_minecraft/libraries/org/codehaus/mojo/animal-sniffer-annotations/1.14/animal-sniffer-annotations-1.14.jar'
rm 'servidor_minecraft/libraries/org/jline/jline-reader/3.12.1/jline-reader-3.12.1.jar'
rm 'servidor_minecraft/libraries/org/jline/jline-terminal/3.12.1/jline-terminal-3.12.1.jar'
rm 'servidor_minecraft/libraries/org/joml/joml/1.10.5/joml-1.10.5.jar'
rm 'servidor_minecraft/libraries/org/openjdk/nashorn/nashorn-core/15.3/nashorn-core-15.3.jar'
rm 'servidor_minecraft/libraries/org/ow2/asm/asm-analysis/9.2/asm-analysis-9.2.jar'
rm 'servidor_minecraft/libraries/org/ow2/asm/asm-analysis/9.3/asm-analysis-9.3.jar'
rm 'servidor_minecraft/libraries/org/ow2/asm/asm-analysis/9.5/asm-analysis-9.5.jar'
rm 'servidor_minecraft/libraries/org/ow2/asm/asm-commons/9.2/asm-commons-9.2.jar'
rm 'servidor_minecraft/libraries/org/ow2/asm/asm-commons/9.3/asm-commons-9.3.jar'
rm 'servidor_minecraft/libraries/org/ow2/asm/asm-commons/9.5/asm-commons-9.5.jar'
rm 'servidor_minecraft/libraries/org/ow2/asm/asm-tree/9.2/asm-tree-9.2.jar'
rm 'servidor_minecraft/libraries/org/ow2/asm/asm-tree/9.3/asm-tree-9.3.jar'
rm 'servidor_minecraft/libraries/org/ow2/asm/asm-tree/9.5/asm-tree-9.5.jar'
rm 'servidor_minecraft/libraries/org/ow2/asm/asm-util/9.5/asm-util-9.5.jar'
rm 'servidor_minecraft/libraries/org/ow2/asm/asm/9.2/asm-9.2.jar'
rm 'servidor_minecraft/libraries/org/ow2/asm/asm/9.3/asm-9.3.jar'
rm 'servidor_minecraft/libraries/org/ow2/asm/asm/9.5/asm-9.5.jar'
rm 'servidor_minecraft/libraries/org/slf4j/slf4j-api/2.0.1/slf4j-api-2.0.1.jar'
rm 'servidor_minecraft/libraries/org/spongepowered/mixin/0.8.5/mixin-0.8.5.jar'
rm 'servidor_minecraft/libraries/trove/trove/1.0.2/trove-1.0.2.jar'
rm 'servidor_minecraft/logs/2024-07-22-10.log.gz'
rm 'servidor_minecraft/logs/2024-07-22-11.log.gz'
rm 'servidor_minecraft/logs/2024-07-22-12.log.gz'
rm 'servidor_minecraft/logs/2024-07-22-2.log.gz'
rm 'servidor_minecraft/logs/2024-07-22-3.log.gz'
rm 'servidor_minecraft/logs/2024-07-22-4.log.gz'
rm 'servidor_minecraft/logs/2024-07-22-5.log.gz'
rm 'servidor_minecraft/logs/2024-07-22-6.log.gz'
rm 'servidor_minecraft/logs/2024-07-22-7.log.gz'
rm 'servidor_minecraft/logs/2024-07-22-8.log.gz'
rm 'servidor_minecraft/logs/2024-07-22-9.log.gz'
rm 'servidor_minecraft/logs/2024-07-24-2.log.gz'
rm 'servidor_minecraft/logs/2024-07-24-3.log.gz'
rm 'servidor_minecraft/logs/2024-07-25-2.log.gz'
rm 'servidor_minecraft/logs/2024-07-25-3.log.gz'
rm 'servidor_minecraft/logs/2024-08-01-2.log.gz'
rm 'servidor_minecraft/logs/2024-08-01-3.log.gz'
rm 'servidor_minecraft/logs/2024-08-01-4.log.gz'
rm 'servidor_minecraft/logs/2024-08-01-5.log.gz'
rm 'servidor_minecraft/logs/2024-09-28-2.log.gz'
rm 'servidor_minecraft/logs/2024-10-21-1.log.gz'
rm 'servidor_minecraft/logs/2024-10-21-2.log.gz'
rm 'servidor_minecraft/logs/2024-10-21-3.log.gz'
rm 'servidor_minecraft/logs/2024-10-21-4.log.gz'
rm 'servidor_minecraft/logs/2024-10-21-5.log.gz'
rm 'servidor_minecraft/logs/2024-10-21-6.log.gz'
rm 'servidor_minecraft/logs/2024-10-21-7.log.gz'
rm 'servidor_minecraft/logs/2024-10-21-8.log.gz'
rm 'servidor_minecraft/logs/2024-10-22-2.log.gz'
rm 'servidor_minecraft/logs/2024-10-22-3.log.gz'
rm 'servidor_minecraft/logs/2024-10-22-4.log.gz'
rm 'servidor_minecraft/logs/debug-1.log.gz'
rm 'servidor_minecraft/logs/debug-2.log.gz'
rm 'servidor_minecraft/logs/debug-3.log.gz'
rm 'servidor_minecraft/logs/debug-4.log.gz'
rm 'servidor_minecraft/logs/debug-5.log.gz'
rm 'servidor_minecraft/logs/debug.log'
rm 'servidor_minecraft/logs/latest.log'
rm 'servidor_minecraft/modgest_config.json'
rm 'servidor_minecraft/modgest_debian_x64'
rm 'servidor_minecraft/mods/Apotheosis-1.20.1-7.4.0.jar'
rm 'servidor_minecraft/mods/ApothicAttributes-1.20.1-1.3.5.jar'
rm 'servidor_minecraft/mods/Bookshelf-Forge-1.20.1-20.2.13.jar'
rm 'servidor_minecraft/mods/ConfigurableCane-1.20-2.5.2.jar'
rm 'servidor_minecraft/mods/CreativeCore_FORGE_v2.11.31_mc1.20.1.jar'
rm 'servidor_minecraft/mods/DungeonsArise-1.20.x-2.1.58-release.jar'
rm 'servidor_minecraft/mods/EnchantmentDescriptions-Forge-1.20.1-17.0.16.jar'
rm 'servidor_minecraft/mods/ImmediatelyFast-Forge-1.2.8+1.20.4.jar'
rm 'servidor_minecraft/mods/Incendium_1.20.x_v5.3.5.jar'
rm 'servidor_minecraft/mods/Jade-1.20.1-forge-11.9.4.jar'
rm 'servidor_minecraft/mods/JustEnoughResources-1.20.1-1.4.0.247.jar'
rm 'servidor_minecraft/mods/KOTM-CaliganBetaUpdate.jar'
rm 'servidor_minecraft/mods/L_Enders_Cataclysm-1.99.6-1.20.1.jar'
rm 'servidor_minecraft/mods/MaxHealthFix-Forge-1.20.1-12.0.3.jar'
rm 'servidor_minecraft/mods/Patchouli-1.20.1-84-FORGE.jar'
rm 'servidor_minecraft/mods/Placebo-1.20.1-8.6.2.jar'
rm 'servidor_minecraft/mods/PlayerRevive_FORGE_v2.0.25_mc1.20.1.jar'
rm 'servidor_minecraft/mods/Structory_1.20.x_v1.3.5.jar'
rm 'servidor_minecraft/mods/TaxCastlePillager+M.1.20.1+ForM.1.0.1.jar'
rm 'servidor_minecraft/mods/TerraBlender-forge-1.20.1-3.0.1.7.jar'
rm 'servidor_minecraft/mods/YetAnotherConfigLib-3.5.0+1.20.1-forge.jar'
rm 'servidor_minecraft/mods/alexscaves-2.0.0.jar'
rm 'servidor_minecraft/mods/alexsmobs-1.22.8.jar'
rm 'servidor_minecraft/mods/aquamirae-6.API15.jar'
rm 'servidor_minecraft/mods/architectury-9.2.14-forge.jar'
rm 'servidor_minecraft/mods/balm-forge-1.20.1-7.3.6-all.jar'
rm 'servidor_minecraft/mods/born_in_chaos_[Forge]1.20.1_1.3.1.jar'
rm 'servidor_minecraft/mods/carryon-forge-1.20.1-2.1.2.7.jar'
rm 'servidor_minecraft/mods/citadel-2.6.0-1.20.1.jar'
rm 'servidor_minecraft/mods/cloth-config-11.1.118-forge.jar'
rm 'servidor_minecraft/mods/combatroll-forge-1.3.2+1.20.1.jar'
rm 'servidor_minecraft/mods/curios-forge-5.9.1+1.20.1.jar'
rm 'servidor_minecraft/mods/deeperdarker-forge-1.20.1-1.2.1.jar'
rm 'servidor_minecraft/mods/elenaidodge2-1.1.jar'
rm 'servidor_minecraft/mods/embeddium-0.3.24+mc1.20.1.jar'
rm 'servidor_minecraft/mods/feathers-1.1.jar'
rm 'servidor_minecraft/mods/ferritecore-6.0.1-forge.jar'
rm 'servidor_minecraft/mods/geckolib-forge-1.20.1-4.4.7.jar'
rm 'servidor_minecraft/mods/iceandfire-2.1.13-1.20.1-beta-5.jar'
rm 'servidor_minecraft/mods/inventorypets-1.20.1-2.1.2.jar'
rm 'servidor_minecraft/mods/jei-1.20.1-forge-15.3.0.8.jar'
rm 'servidor_minecraft/mods/journeymap-1.20.1-5.10.0-forge.jar'
rm 'servidor_minecraft/mods/justleveling-forge-1.20.x-v1.7.jar'
rm 'servidor_minecraft/mods/lionfishapi-1.9.jar'
rm 'servidor_minecraft/mods/loot_journal-3.1.1.jar'
rm 'servidor_minecraft/mods/majrusz-library-forge-1.20.1-7.0.8.jar'
rm 'servidor_minecraft/mods/majruszs-difficulty-forge-1.20.1-1.9.10.jar'
rm 'servidor_minecraft/mods/majruszs-enchantments-forge-1.20.1-1.10.8.jar'
rm 'servidor_minecraft/mods/mokels_witch_boss-1.0-forge-1.20.1.jar'
rm 'servidor_minecraft/mods/mutil-1.20.1-6.1.1.jar'
rm 'servidor_minecraft/mods/obscure_api-15.jar'
rm 'servidor_minecraft/mods/player-animation-lib-forge-1.0.2-rc1+1.20.jar'
rm 'servidor_minecraft/mods/plushie_buddies-0.1.1-1.20.1.jar'
rm 'servidor_minecraft/mods/polytone-1.20-2.3.3.jar'
rm 'servidor_minecraft/mods/radium-mc1.20.1-0.12.2+git.5f80f74.jar'
rm 'servidor_minecraft/mods/realmrpg_fallen_adventurers_1.0.3_forge_1.20.1.jar'
rm 'servidor_minecraft/mods/realmrpg_imps_and_demons_0.9.0_forge_1.20.1.jar'
rm 'servidor_minecraft/mods/rrls-4.0.6.1+mc1.20.1-forge.jar'
rm 'servidor_minecraft/mods/rubidium-extra-0.5.4.3+mc1.20.1-build.121.jar'
rm 'servidor_minecraft/mods/spawnermod-1.20.1-1.9.3+Forge.jar'
rm 'servidor_minecraft/mods/structure_gel-1.20.1-2.16.2.jar'
rm 'servidor_minecraft/mods/tact-1.2.0+1.20.1.jar'
rm 'servidor_minecraft/mods/tctcore-1.4-forge-1.20.1.jar'
rm 'servidor_minecraft/mods/tetra-1.20.1-6.4.0.jar'
rm 'servidor_minecraft/mods/the-conjurer-1.20.1-1.1.6.jar'
rm 'servidor_minecraft/mods/theoneprobe-1.20.1-10.0.2.jar'
rm 'servidor_minecraft/mods/tombstone-1.20.1-8.6.7.jar'
rm 'servidor_minecraft/mods/trashslot-forge-1.20-15.1.0.jar'
rm 'servidor_minecraft/mods/travelersbackpack-forge-1.20.1-9.1.14.jar'
rm 'servidor_minecraft/mods/warriors_of_past_epoch_[Forge]_1.20.1_1.3.jar'
rm 'servidor_minecraft/ops.json'
rm 'servidor_minecraft/playit.status'
rm 'servidor_minecraft/playit.tunnels'
rm 'servidor_minecraft/run.bat'
rm 'servidor_minecraft/run.sh'
rm 'servidor_minecraft/server.properties'
rm 'servidor_minecraft/user_jvm_args.txt'
rm 'servidor_minecraft/usercache.json'
rm 'servidor_minecraft/usernamecache.json'
rm 'servidor_minecraft/whitelist.json'
rm 'servidor_minecraft/world/DIM-1/data/capabilities.dat'
rm 'servidor_minecraft/world/DIM-1/data/clearlagc_worldvars.dat'
rm 'servidor_minecraft/world/DIM-1/data/raids.dat'
rm 'servidor_minecraft/world/DIM1/data/capabilities.dat'
rm 'servidor_minecraft/world/DIM1/data/clearlagc_worldvars.dat'
rm 'servidor_minecraft/world/DIM1/data/raids_end.dat'
rm 'servidor_minecraft/world/advancements/43d79b3e-4afa-37fb-a395-aac4dcd856c6.json'
rm 'servidor_minecraft/world/advancements/9221eae4-d002-3ea6-a2ca-c4c421bfbe27.json'
rm 'servidor_minecraft/world/advancements/ed821a9b-cfc7-343b-9491-331781f0bba2.json'
rm 'servidor_minecraft/world/data/JMPlayerSettings.dat'
rm 'servidor_minecraft/world/data/WorldUUID.dat'
rm 'servidor_minecraft/world/data/alexsmobs_world_data.dat'
rm 'servidor_minecraft/world/data/capabilities.dat'
rm 'servidor_minecraft/world/data/cataclysm_world_data.dat'
rm 'servidor_minecraft/world/data/chunks.dat'
rm 'servidor_minecraft/world/data/citadel_world_data.dat'
rm 'servidor_minecraft/world/data/clearlagc_worldvars.dat'
rm 'servidor_minecraft/world/data/iceandfire_general.dat'
rm 'servidor_minecraft/world/data/idcounts.dat'
rm 'servidor_minecraft/world/data/majruszsdifficulty.dat'
rm 'servidor_minecraft/world/data/map_0.dat'
rm 'servidor_minecraft/world/data/map_1.dat'
rm 'servidor_minecraft/world/data/raids.dat'
rm 'servidor_minecraft/world/data/random_sequences.dat'
rm 'servidor_minecraft/world/data/scoreboard.dat'
rm 'servidor_minecraft/world/dimensions/deeperdarker/otherside/data/capabilities.dat'
rm 'servidor_minecraft/world/dimensions/deeperdarker/otherside/data/clearlagc_worldvars.dat'
rm 'servidor_minecraft/world/dimensions/deeperdarker/otherside/data/raids.dat'
rm 'servidor_minecraft/world/entities/r.-1.-1.mca'
rm 'servidor_minecraft/world/entities/r.-1.-2.mca'
rm 'servidor_minecraft/world/entities/r.-1.-3.mca'
rm 'servidor_minecraft/world/entities/r.-1.-4.mca'
rm 'servidor_minecraft/world/entities/r.-1.0.mca'
rm 'servidor_minecraft/world/entities/r.-1.1.mca'
rm 'servidor_minecraft/world/entities/r.-2.-1.mca'
rm 'servidor_minecraft/world/entities/r.-2.-3.mca'
rm 'servidor_minecraft/world/entities/r.-2.-4.mca'
rm 'servidor_minecraft/world/entities/r.-2.0.mca'
rm 'servidor_minecraft/world/entities/r.-2.1.mca'
rm 'servidor_minecraft/world/entities/r.0.-1.mca'
rm 'servidor_minecraft/world/entities/r.0.-2.mca'
rm 'servidor_minecraft/world/entities/r.0.-3.mca'
rm 'servidor_minecraft/world/entities/r.0.-4.mca'
rm 'servidor_minecraft/world/entities/r.0.0.mca'
rm 'servidor_minecraft/world/entities/r.1.-1.mca'
rm 'servidor_minecraft/world/entities/r.1.-2.mca'
rm 'servidor_minecraft/world/entities/r.1.-3.mca'
rm 'servidor_minecraft/world/entities/r.1.-4.mca'
rm 'servidor_minecraft/world/entities/r.2.-2.mca'
rm 'servidor_minecraft/world/entities/r.2.-3.mca'
rm 'servidor_minecraft/world/entities/r.2.-4.mca'
rm 'servidor_minecraft/world/entities/r.3.-3.mca'
rm 'servidor_minecraft/world/entities/r.3.-4.mca'
rm 'servidor_minecraft/world/level.dat'
rm 'servidor_minecraft/world/level.dat_old'
rm 'servidor_minecraft/world/playerdata/43d79b3e-4afa-37fb-a395-aac4dcd856c6.dat'
rm 'servidor_minecraft/world/playerdata/43d79b3e-4afa-37fb-a395-aac4dcd856c6.dat_old'
rm 'servidor_minecraft/world/playerdata/9221eae4-d002-3ea6-a2ca-c4c421bfbe27.dat'
rm 'servidor_minecraft/world/playerdata/9221eae4-d002-3ea6-a2ca-c4c421bfbe27.dat_old'
rm 'servidor_minecraft/world/playerdata/ed821a9b-cfc7-343b-9491-331781f0bba2.dat'
rm 'servidor_minecraft/world/playerdata/ed821a9b-cfc7-343b-9491-331781f0bba2.dat_old'
rm 'servidor_minecraft/world/poi/r.-1.-1.mca'
rm 'servidor_minecraft/world/poi/r.-1.-2.mca'
rm 'servidor_minecraft/world/poi/r.-1.-3.mca'
rm 'servidor_minecraft/world/poi/r.-1.-4.mca'
rm 'servidor_minecraft/world/poi/r.-1.0.mca'
rm 'servidor_minecraft/world/poi/r.-1.1.mca'
rm 'servidor_minecraft/world/poi/r.-2.-1.mca'
rm 'servidor_minecraft/world/poi/r.-2.-2.mca'
rm 'servidor_minecraft/world/poi/r.-2.-3.mca'
rm 'servidor_minecraft/world/poi/r.-2.-4.mca'
rm 'servidor_minecraft/world/poi/r.-2.0.mca'
rm 'servidor_minecraft/world/poi/r.-2.1.mca'
rm 'servidor_minecraft/world/poi/r.0.-1.mca'
rm 'servidor_minecraft/world/poi/r.0.-2.mca'
rm 'servidor_minecraft/world/poi/r.0.-3.mca'
rm 'servidor_minecraft/world/poi/r.0.-4.mca'
rm 'servidor_minecraft/world/poi/r.0.0.mca'
rm 'servidor_minecraft/world/poi/r.1.-1.mca'
rm 'servidor_minecraft/world/poi/r.1.-2.mca'
rm 'servidor_minecraft/world/poi/r.1.-3.mca'
rm 'servidor_minecraft/world/poi/r.1.-4.mca'
rm 'servidor_minecraft/world/poi/r.1.0.mca'
rm 'servidor_minecraft/world/poi/r.2.-2.mca'
rm 'servidor_minecraft/world/poi/r.2.-3.mca'
rm 'servidor_minecraft/world/poi/r.2.-4.mca'
rm 'servidor_minecraft/world/poi/r.3.-2.mca'
rm 'servidor_minecraft/world/poi/r.3.-3.mca'
rm 'servidor_minecraft/world/poi/r.3.-4.mca'
rm 'servidor_minecraft/world/region/r.-1.-1.mca'
rm 'servidor_minecraft/world/region/r.-1.-2.mca'
rm 'servidor_minecraft/world/region/r.-1.-3.mca'
rm 'servidor_minecraft/world/region/r.-1.-4.mca'
rm 'servidor_minecraft/world/region/r.-1.0.mca'
rm 'servidor_minecraft/world/region/r.-1.1.mca'
rm 'servidor_minecraft/world/region/r.-2.-1.mca'
rm 'servidor_minecraft/world/region/r.-2.-2.mca'
rm 'servidor_minecraft/world/region/r.-2.-3.mca'
rm 'servidor_minecraft/world/region/r.-2.-4.mca'
rm 'servidor_minecraft/world/region/r.-2.0.mca'
rm 'servidor_minecraft/world/region/r.-2.1.mca'
rm 'servidor_minecraft/world/region/r.0.-1.mca'
rm 'servidor_minecraft/world/region/r.0.-2.mca'
rm 'servidor_minecraft/world/region/r.0.-3.mca'
rm 'servidor_minecraft/world/region/r.0.-4.mca'
rm 'servidor_minecraft/world/region/r.0.0.mca'
rm 'servidor_minecraft/world/region/r.1.-1.mca'
rm 'servidor_minecraft/world/region/r.1.-3.mca'
rm 'servidor_minecraft/world/region/r.1.-4.mca'
rm 'servidor_minecraft/world/region/r.1.0.mca'
rm 'servidor_minecraft/world/region/r.2.-2.mca'
rm 'servidor_minecraft/world/region/r.2.-3.mca'
rm 'servidor_minecraft/world/region/r.2.-4.mca'
rm 'servidor_minecraft/world/region/r.3.-2.mca'
rm 'servidor_minecraft/world/region/r.3.-3.mca'
rm 'servidor_minecraft/world/region/r.3.-4.mca'
rm 'servidor_minecraft/world/serverconfig/configurablecane-server.toml'
rm 'servidor_minecraft/world/serverconfig/curios-server.toml'
rm 'servidor_minecraft/world/serverconfig/forge-server.toml'
rm 'servidor_minecraft/world/serverconfig/jei-server.toml'
rm 'servidor_minecraft/world/serverconfig/journeymap-server.toml'
rm 'servidor_minecraft/world/session.lock'
rm 'servidor_minecraft/world/stats/43d79b3e-4afa-37fb-a395-aac4dcd856c6.json'
rm 'servidor_minecraft/world/stats/9221eae4-d002-3ea6-a2ca-c4c421bfbe27.json'
rm 'servidor_minecraft/world/stats/ed821a9b-cfc7-343b-9491-331781f0bba2.json'
rm 'servidor_minecraft/world/tombstone/loottables/tombstone-pool-archaeology.json'
rm 'servidor_minecraft/world/tombstone/loottables/tombstone-pool-cat_morning.json'
rm 'servidor_minecraft/world/tombstone/loottables/tombstone-pool-chest_treasure.bak'
rm 'servidor_minecraft/world/tombstone/loottables/tombstone-pool-chest_treasure.json'
rm 'servidor_minecraft/world/tombstone/loottables/tombstone-pool-lost_treasure.json'
rm 'servidor_minecraft/world/tombstone/loottables/tombstone-pool-seeker_rod.json'
rm 'servidor_minecraft/world/tombstone/loottables/tombstone-pool-sniffer_digging.json'
rm 'servidor_minecraft/world/tombstone/loottables/tombstone-pool-undead_boss.json'
rm 'servidor_minecraft/world/tombstone/loottables/tombstone-pool-undead_mob.json'
rm 'servidor_minecraft/world/tombstone/saved_players/43d79b3e-4afa-37fb-a395-aac4dcd856c6/20241021-140013.save'
rm 'servidor_minecraft/world/tombstone/saved_players/43d79b3e-4afa-37fb-a395-aac4dcd856c6/20241021-232918.save'
rm 'servidor_minecraft/world/tombstone/saved_players/43d79b3e-4afa-37fb-a395-aac4dcd856c6/20241021-234441.save'
rm 'servidor_minecraft/world/tombstone/saved_players/43d79b3e-4afa-37fb-a395-aac4dcd856c6/20241022-000441.save'
rm 'servidor_minecraft/world/tombstone/saved_players/43d79b3e-4afa-37fb-a395-aac4dcd856c6/20241022-002441.save'
rm 'servidor_minecraft/world/tombstone/saved_players/43d79b3e-4afa-37fb-a395-aac4dcd856c6/20241022-140408.save'
rm 'servidor_minecraft/world/tombstone/saved_players/43d79b3e-4afa-37fb-a395-aac4dcd856c6/20241023-232232.save'
rm 'servidor_minecraft/world/tombstone/saved_players/43d79b3e-4afa-37fb-a395-aac4dcd856c6/20241023-234232.save'
rm 'servidor_minecraft/world/tombstone/saved_players/9221eae4-d002-3ea6-a2ca-c4c421bfbe27/20241021-232918.save'
rm 'servidor_minecraft/world/tombstone/saved_players/9221eae4-d002-3ea6-a2ca-c4c421bfbe27/20241021-233108.save'
rm 'servidor_minecraft/world/tombstone/saved_players/9221eae4-d002-3ea6-a2ca-c4c421bfbe27/20241021-233117.save'
rm 'servidor_minecraft/world/tombstone/saved_players/9221eae4-d002-3ea6-a2ca-c4c421bfbe27/20241021-233305.save'
rm 'servidor_minecraft/world/tombstone/saved_players/9221eae4-d002-3ea6-a2ca-c4c421bfbe27/20241021-233725.save'
rm 'servidor_minecraft/world/tombstone/saved_players/9221eae4-d002-3ea6-a2ca-c4c421bfbe27/20241021-233935.save'
rm 'servidor_minecraft/world/tombstone/saved_players/9221eae4-d002-3ea6-a2ca-c4c421bfbe27/20241021-234022.save'
rm 'servidor_minecraft/world/tombstone/saved_players/9221eae4-d002-3ea6-a2ca-c4c421bfbe27/20241021-234441.save'
rm 'servidor_minecraft/world/tombstone/saved_players/9221eae4-d002-3ea6-a2ca-c4c421bfbe27/20241021-234456.save'
rm 'servidor_minecraft/world/tombstone/saved_players/9221eae4-d002-3ea6-a2ca-c4c421bfbe27/20241022-000441.save'
rm 'servidor_minecraft/world/tombstone/saved_players/9221eae4-d002-3ea6-a2ca-c4c421bfbe27/20241022-001502.save'
rm 'servidor_minecraft/world/tombstone/saved_players/9221eae4-d002-3ea6-a2ca-c4c421bfbe27/20241022-002441.save'
rm 'servidor_minecraft/world/tombstone/saved_players/9221eae4-d002-3ea6-a2ca-c4c421bfbe27/20241022-003438.save'
rm 'servidor_minecraft/world/tombstone/saved_players/ed821a9b-cfc7-343b-9491-331781f0bba2/20241021-232918.save'
rm 'servidor_minecraft/world/tombstone/version.info'
fatal: a branch named 'Minecraft_branch' already exists
stat: cannot stat 'servidor_minecraft/mods/ClearLag': No such file or directory
fatal: pathspec 'servidor_minecraft/mods/ClearLag' did not match any files
stat: cannot stat '1.20.1.jar': No such file or directory
fatal: pathspec '1.20.1.jar' did not match any files
stat: cannot stat 'servidor_minecraft/mods/Explorify': No such file or directory
fatal: pathspec 'servidor_minecraft/mods/Explorify' did not match any files
stat: cannot stat 'v1.6.1': No such file or directory
fatal: pathspec 'v1.6.1' did not match any files
stat: cannot stat 'f10-48.jar': No such file or directory
fatal: pathspec 'f10-48.jar' did not match any files
stat: cannot stat 'servidor_minecraft/mods/ironchest-1.20.1-14.4.4': No such file or directory
fatal: pathspec 'servidor_minecraft/mods/ironchest-1.20.1-14.4.4' did not match any files
stat: cannot stat '(1).jar': No such file or directory
fatal: pathspec '(1).jar' did not match any files
stat: cannot stat 'servidor_minecraft/mods/Cardinal': No such file or directory
fatal: pathspec 'servidor_minecraft/mods/Cardinal' did not match any files
stat: cannot stat 'Sins': No such file or directory
fatal: pathspec 'Sins' did not match any files
stat: cannot stat '1.0.3.jar': No such file or directory
fatal: pathspec '1.0.3.jar' did not match any files
Obteniendo cambios del remoto...
Fusionando cambios del remoto en la rama actual...
Already up to date.
Realizando push forzado en la rama Minecraft_branch con archivos menores de 100 MB
remote: warning: See https://gh.io/lfs for more information.        
remote: warning: File servidor_minecraft/mods/alexscaves-2.0.0.jar is 71.31 MB; this is larger than GitHub's recommended maximum file size of 50.00 MB        
remote: warning: GH001: Large files detected. You may want to try Git Large File Storage - https://git-lfs.github.com.        
To https://github.com/jaime412/Minecraft_branch.git
 + 9777468...865a1f5 Minecraft_branch -> Minecraft_branch (forced update)
Push forzado realizado con éxito en la rama Minecraft_branch.
[Minecraft_branch 67ec74f] Añadido excluded_files.txt con los archivos grandes excluidos
 1 file changed, 0 insertions(+), 0 deletions(-)
 create mode 100644 excluded_files.txt
remote: error: GH013: Repository rule violations found for refs/heads/Minecraft_branch.        
remote: 
remote: - GITHUB PUSH PROTECTION        
remote:   —————————————————————————————————————————        
remote:     Resolve the following violations before pushing again        
remote: 
remote:     - Push cannot contain secrets        
remote: 
remote:             
remote:      (?) Learn how to resolve a blocked push        
remote:      https://docs.github.com/code-security/secret-scanning/working-with-secret-scanning-and-push-protection/working-with-push-protection-from-the-command-line#resolving-a-blocked-push        
remote:             
remote:             
remote:       —— GitHub Personal Access Token ——————————————————————        
remote:        locations:        
remote:          - commit: 6d63c81ad9717bd36e7642a7ac6b22a3d9e65855        
remote:            path: output.log:5        
remote:          - commit: 6d63c81ad9717bd36e7642a7ac6b22a3d9e65855        
remote:            path: output.log:6        
remote:          - commit: 6d63c81ad9717bd36e7642a7ac6b22a3d9e65855        
remote:            path: output.log:682        
remote:          - commit: 6d63c81ad9717bd36e7642a7ac6b22a3d9e65855        
remote:            path: output.log:683        
remote:          - commit: 6d63c81ad9717bd36e7642a7ac6b22a3d9e65855        
remote:            path: output.log:1340        
remote:             
remote:        (?) To push, remove secret from commit(s) or follow this URL to allow the secret.        
remote:        https://github.com/jaime412/Minecraft_branch/security/secret-scanning/unblock-secret/2nwtJmFxDh6xOYqvUpOOLwnV0sZ        
remote:             
remote: 
remote: 
To https://github.com/jaime412/Minecraft_branch.git
 ! [remote rejected] Minecraft_branch -> Minecraft_branch (push declined due to repository rule violations)
error: failed to push some refs to 'https://github.com/jaime412/Minecraft_branch.git'
Esperando 10 minutos antes de la próxima ejecución...
Iniciando proceso de sincronización...
Nombre de la rama actual: Minecraft_branch
Obteniendo la URL del repositorio remoto
origin	https://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@github.com/jaime412/Minecraft_branch.git (fetch)
origin	https://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@github.com/jaime412/Minecraft_branch.git (push)
rm '.gitignore'
rm 'addons/Branchutil.addon'
rm 'addons/Utilidades.py'
rm 'addons/url-del-branch.json'
rm 'configuracion.json'
rm 'excluded_files.txt'
rm 'output.log'
rm 'playit.status'
rm 'playit.tunnels'
rm 'respaldos/world_respaldo.zip'
rm 'server (1).py'
rm 'servidor_minecraft/banned-ips.json'
rm 'servidor_minecraft/banned-players.json'
rm 'servidor_minecraft/config/Elenai-Dodge-2-Common.toml'
rm 'servidor_minecraft/config/Feathers-Common.toml'
rm 'servidor_minecraft/config/Obscuria/aquamirae-common.toml'
rm 'servidor_minecraft/config/Plushie_Buddies-Common.toml'
rm 'servidor_minecraft/config/ShieldExpansion-common.toml'
rm 'servidor_minecraft/config/alexscaves-general.toml'
rm 'servidor_minecraft/config/alexscaves_biome_generation/abyssal_chasm.json'
rm 'servidor_minecraft/config/alexscaves_biome_generation/candy_cavity.json'
rm 'servidor_minecraft/config/alexscaves_biome_generation/forlorn_hollows.json'
rm 'servidor_minecraft/config/alexscaves_biome_generation/magnetic_caves.json'
rm 'servidor_minecraft/config/alexscaves_biome_generation/primordial_caves.json'
rm 'servidor_minecraft/config/alexscaves_biome_generation/toxic_caves.json'
rm 'servidor_minecraft/config/alexsmobs.toml'
rm 'servidor_minecraft/config/alexsmobs/alligator_snapping_turtle_spawns.json'
rm 'servidor_minecraft/config/alexsmobs/anaconda_spawns.json'
rm 'servidor_minecraft/config/alexsmobs/anteater_spawns.json'
rm 'servidor_minecraft/config/alexsmobs/bald_eagle_spawns.json'
rm 'servidor_minecraft/config/alexsmobs/banana_slug_spawns.json'
rm 'servidor_minecraft/config/alexsmobs/bison_spawns.json'
rm 'servidor_minecraft/config/alexsmobs/blobfish_spawns.json'
rm 'servidor_minecraft/config/alexsmobs/blue_jay_spawns.json'
rm 'servidor_minecraft/config/alexsmobs/bone_serpent_spawns.json'
rm 'servidor_minecraft/config/alexsmobs/bunfungus_spawns.json'
rm 'servidor_minecraft/config/alexsmobs/cachalot_whale_beached_spawns.json'
rm 'servidor_minecraft/config/alexsmobs/cachalot_whale_spawns.json'
rm 'servidor_minecraft/config/alexsmobs/caiman_spawns.json'
rm 'servidor_minecraft/config/alexsmobs/capuchin_monkey_spawns.json'
rm 'servidor_minecraft/config/alexsmobs/catfish_spawns.json'
rm 'servidor_minecraft/config/alexsmobs/cave_centipede_spawns.json'
rm 'servidor_minecraft/config/alexsmobs/cockroach_spawns.json'
rm 'servidor_minecraft/config/alexsmobs/comb_jelly_spawns.json'
rm 'servidor_minecraft/config/alexsmobs/cosmaw_spawns.json'
rm 'servidor_minecraft/config/alexsmobs/cosmic_cod_spawns.json'
rm 'servidor_minecraft/config/alexsmobs/crimson_mosquito_spawns.json'
rm 'servidor_minecraft/config/alexsmobs/crocodile_spawns.json'
rm 'servidor_minecraft/config/alexsmobs/crow_spawns.json'
rm 'servidor_minecraft/config/alexsmobs/devils_hole_pupfish_spawns.json'
rm 'servidor_minecraft/config/alexsmobs/dropbear_spawns.json'
rm 'servidor_minecraft/config/alexsmobs/elephant_spawns.json'
rm 'servidor_minecraft/config/alexsmobs/emu_spawns.json'
rm 'servidor_minecraft/config/alexsmobs/endergrade_spawns.json'
rm 'servidor_minecraft/config/alexsmobs/enderiophage_spawns.json'
rm 'servidor_minecraft/config/alexsmobs/farseer.json'
rm 'servidor_minecraft/config/alexsmobs/flutter_spawns.json'
rm 'servidor_minecraft/config/alexsmobs/fly_spawns.json'
rm 'servidor_minecraft/config/alexsmobs/flying_fish_spawns.json'
rm 'servidor_minecraft/config/alexsmobs/frilled_shark_spawns.json'
rm 'servidor_minecraft/config/alexsmobs/froststalker_spawns.json'
rm 'servidor_minecraft/config/alexsmobs/gazelle_spawns.json'
rm 'servidor_minecraft/config/alexsmobs/gelada_monkey_spawns.json'
rm 'servidor_minecraft/config/alexsmobs/giant_squid_spawns.json'
rm 'servidor_minecraft/config/alexsmobs/gorilla_spawns.json'
rm 'servidor_minecraft/config/alexsmobs/grizzly_bear_spawns.json'
rm 'servidor_minecraft/config/alexsmobs/guster_spawns.json'
rm 'servidor_minecraft/config/alexsmobs/hammerhead_shark_spawns.json'
rm 'servidor_minecraft/config/alexsmobs/hummingbird_spawns.json'
rm 'servidor_minecraft/config/alexsmobs/jerboa_spawns.json'
rm 'servidor_minecraft/config/alexsmobs/kangaroo_spawns.json'
rm 'servidor_minecraft/config/alexsmobs/komodo_dragon_spawns.json'
rm 'servidor_minecraft/config/alexsmobs/laviathan_spawns.json'
rm 'servidor_minecraft/config/alexsmobs/leafcutter_anthill_spawns.json'
rm 'servidor_minecraft/config/alexsmobs/lobster_spawns.json'
rm 'servidor_minecraft/config/alexsmobs/maned_wolf_spawns.json'
rm 'servidor_minecraft/config/alexsmobs/mantis_shrimp_spawns.json'
rm 'servidor_minecraft/config/alexsmobs/mimic_octopus_spawns.json'
rm 'servidor_minecraft/config/alexsmobs/mimicube_spawns.json'
rm 'servidor_minecraft/config/alexsmobs/moose_spawns.json'
rm 'servidor_minecraft/config/alexsmobs/mudskipper_spawns.json'
rm 'servidor_minecraft/config/alexsmobs/mungus_spawns.json'
rm 'servidor_minecraft/config/alexsmobs/murmur.json'
rm 'servidor_minecraft/config/alexsmobs/orca_spawns.json'
rm 'servidor_minecraft/config/alexsmobs/platypus_spawns.json'
rm 'servidor_minecraft/config/alexsmobs/potoo_spawns.json'
rm 'servidor_minecraft/config/alexsmobs/raccoon_spawns.json'
rm 'servidor_minecraft/config/alexsmobs/rain_frog_spawns.json'
rm 'servidor_minecraft/config/alexsmobs/rattlesnake_spawns.json'
rm 'servidor_minecraft/config/alexsmobs/rhinoceros_spawns.json'
rm 'servidor_minecraft/config/alexsmobs/roadrunner_spawns.json'
rm 'servidor_minecraft/config/alexsmobs/rocky_roller_spawns.json'
rm 'servidor_minecraft/config/alexsmobs/seagull_spawns.json'
rm 'servidor_minecraft/config/alexsmobs/seal_spawns.json'
rm 'servidor_minecraft/config/alexsmobs/shoebill_spawns.json'
rm 'servidor_minecraft/config/alexsmobs/skelewag_spawns.json'
rm 'servidor_minecraft/config/alexsmobs/skreecher.json'
rm 'servidor_minecraft/config/alexsmobs/skunk_spawns.json'
rm 'servidor_minecraft/config/alexsmobs/snow_leopard_spawns.json'
rm 'servidor_minecraft/config/alexsmobs/soul_vulture_spawns.json'
rm 'servidor_minecraft/config/alexsmobs/spectre_spawns.json'
rm 'servidor_minecraft/config/alexsmobs/straddler_spawns.json'
rm 'servidor_minecraft/config/alexsmobs/stradpole_spawns.json'
rm 'servidor_minecraft/config/alexsmobs/sugar_glider_spawns.json'
rm 'servidor_minecraft/config/alexsmobs/sunbird_spawns.json'
rm 'servidor_minecraft/config/alexsmobs/tarantula_hawk_spawns.json'
rm 'servidor_minecraft/config/alexsmobs/tasmanian_devil_spawns.json'
rm 'servidor_minecraft/config/alexsmobs/terrapin_spawns.json'
rm 'servidor_minecraft/config/alexsmobs/tiger_spawns.json'
rm 'servidor_minecraft/config/alexsmobs/toucan_spawns.json'
rm 'servidor_minecraft/config/alexsmobs/triops_spawns.json'
rm 'servidor_minecraft/config/alexsmobs/tusklin_spawns.json'
rm 'servidor_minecraft/config/alexsmobs/underminer.json'
rm 'servidor_minecraft/config/alexsmobs/void_worm_spawns.json'
rm 'servidor_minecraft/config/alexsmobs/warped_mosco_spawns.json'
rm 'servidor_minecraft/config/alexsmobs/warped_toad_spawns.json'
rm 'servidor_minecraft/config/aoa3/integrations_config.toml'
rm 'servidor_minecraft/config/apotheosis/adventure.cfg'
rm 'servidor_minecraft/config/apotheosis/apotheosis.cfg'
rm 'servidor_minecraft/config/apotheosis/ench.cfg'
rm 'servidor_minecraft/config/apotheosis/enchantments.cfg'
rm 'servidor_minecraft/config/apotheosis/garden.cfg'
rm 'servidor_minecraft/config/apotheosis/names.cfg'
rm 'servidor_minecraft/config/apotheosis/potion.cfg'
rm 'servidor_minecraft/config/apotheosis/spawner.cfg'
rm 'servidor_minecraft/config/apotheosis/village.cfg'
rm 'servidor_minecraft/config/attributeslib.cfg'
rm 'servidor_minecraft/config/balm-common.toml'
rm 'servidor_minecraft/config/bettercombat/fallback_compatibility.json'
rm 'servidor_minecraft/config/bettercombat/server.json5'
rm 'servidor_minecraft/config/carryon-common.toml'
rm 'servidor_minecraft/config/cataclysm.toml'
rm 'servidor_minecraft/config/cataclysm/amethyst_crab_spawns.json'
rm 'servidor_minecraft/config/cataclysm/coral_golem_spawns.json'
rm 'servidor_minecraft/config/cataclysm/deepling_angler_spawns.json'
rm 'servidor_minecraft/config/cataclysm/deepling_brute_spawns.json'
rm 'servidor_minecraft/config/cataclysm/deepling_priest_spawns.json'
rm 'servidor_minecraft/config/cataclysm/deepling_spawns.json'
rm 'servidor_minecraft/config/cataclysm/deepling_warlock_spawns.json'
rm 'servidor_minecraft/config/cataclysm/koboleton_spawns.json'
rm 'servidor_minecraft/config/citadel-common.toml'
rm 'servidor_minecraft/config/combatroll/enchantments.json'
rm 'servidor_minecraft/config/combatroll/server.json5'
rm 'servidor_minecraft/config/curios-common.toml'
rm 'servidor_minecraft/config/embeddium-mixins.properties'
rm 'servidor_minecraft/config/embeddium-options.json'
rm 'servidor_minecraft/config/epicknights/armor.json5'
rm 'servidor_minecraft/config/epicknights/general.json5'
rm 'servidor_minecraft/config/epicknights/mobs_equipment.json5'
rm 'servidor_minecraft/config/epicknights/shields.json5'
rm 'servidor_minecraft/config/epicknights/weapons.json5'
rm 'servidor_minecraft/config/ferritecore-mixin.toml'
rm 'servidor_minecraft/config/fml.toml'
rm 'servidor_minecraft/config/iceandfire-common.toml'
rm 'servidor_minecraft/config/iceandfire/amphithere_biomes.json'
rm 'servidor_minecraft/config/iceandfire/cockatrice_biomes.json'
rm 'servidor_minecraft/config/iceandfire/cyclops_cave_biomes.json'
rm 'servidor_minecraft/config/iceandfire/deathworm_biomes.json'
rm 'servidor_minecraft/config/iceandfire/desert_myrmex_biomes.json'
rm 'servidor_minecraft/config/iceandfire/fire_dragon_biomes.json'
rm 'servidor_minecraft/config/iceandfire/fire_dragon_cave_biomes.json'
rm 'servidor_minecraft/config/iceandfire/fire_dragon_skeleton_biomes.json'
rm 'servidor_minecraft/config/iceandfire/fire_lily_biomes.json'
rm 'servidor_minecraft/config/iceandfire/forest_troll_biomes.json'
rm 'servidor_minecraft/config/iceandfire/frost_lily_biomes.json'
rm 'servidor_minecraft/config/iceandfire/gorgon_temple_biomes.json'
rm 'servidor_minecraft/config/iceandfire/graveyard_biomes.json'
rm 'servidor_minecraft/config/iceandfire/hippocampus_biomes.json'
rm 'servidor_minecraft/config/iceandfire/hippogryph_biomes.json'
rm 'servidor_minecraft/config/iceandfire/hippogryph_black_biomes.json'
rm 'servidor_minecraft/config/iceandfire/hippogryph_brown_biomes.json'
rm 'servidor_minecraft/config/iceandfire/hippogryph_chestnut_biomes.json'
rm 'servidor_minecraft/config/iceandfire/hippogryph_creamy_biomes.json'
rm 'servidor_minecraft/config/iceandfire/hippogryph_dark_brown_biomes.json'
rm 'servidor_minecraft/config/iceandfire/hippogryph_gray_biomes.json'
rm 'servidor_minecraft/config/iceandfire/hippogryph_white_biomes.json'
rm 'servidor_minecraft/config/iceandfire/hydra_cave_biomes.json'
rm 'servidor_minecraft/config/iceandfire/ice_dragon_biomes.json'
rm 'servidor_minecraft/config/iceandfire/ice_dragon_cave_biomes.json'
rm 'servidor_minecraft/config/iceandfire/ice_dragon_skeleton_biomes.json'
rm 'servidor_minecraft/config/iceandfire/jungle_myrmex_biomes.json'
rm 'servidor_minecraft/config/iceandfire/lightning_dragon_biomes.json'
rm 'servidor_minecraft/config/iceandfire/lightning_dragon_cave_biomes.json'
rm 'servidor_minecraft/config/iceandfire/lightning_dragon_skeleton_biomes.json'
rm 'servidor_minecraft/config/iceandfire/lightning_lily_biomes.json'
rm 'servidor_minecraft/config/iceandfire/mausoleum_biomes.json'
rm 'servidor_minecraft/config/iceandfire/mountain_troll_biomes.json'
rm 'servidor_minecraft/config/iceandfire/ore_gen_biomes.json'
rm 'servidor_minecraft/config/iceandfire/pixie_village_biomes.json'
rm 'servidor_minecraft/config/iceandfire/sapphire_gen_biomes.json'
rm 'servidor_minecraft/config/iceandfire/sea_serpent_biomes.json'
rm 'servidor_minecraft/config/iceandfire/siren_biomes.json'
rm 'servidor_minecraft/config/iceandfire/snowy_troll_biomes.json'
rm 'servidor_minecraft/config/iceandfire/stymphalian_bird_biomes.json'
rm 'servidor_minecraft/config/iceandfire/wandering_cyclops_biomes.json'
rm 'servidor_minecraft/config/immediatelyfast.json'
rm 'servidor_minecraft/config/inventorypets-common.toml'
rm 'servidor_minecraft/config/jade/server-plugin-overrides.json'
rm 'servidor_minecraft/config/jade/sort-order.json'
rm 'servidor_minecraft/config/jeresources-common.toml'
rm 'servidor_minecraft/config/jeresources.toml'
rm 'servidor_minecraft/config/just_leveling-common.toml'
rm 'servidor_minecraft/config/lithium.properties'
rm 'servidor_minecraft/config/majruszlibrary.json'
rm 'servidor_minecraft/config/majruszsdifficulty.json'
rm 'servidor_minecraft/config/majruszsenchantments.json'
rm 'servidor_minecraft/config/mca.json'
rm 'servidor_minecraft/config/mysticsbiomes-common.toml'
rm 'servidor_minecraft/config/playerrevive.json'
rm 'servidor_minecraft/config/sodium-extra.properties'
rm 'servidor_minecraft/config/spawnermod.json'
rm 'servidor_minecraft/config/structure_gel-common.toml'
rm 'servidor_minecraft/config/tact-common.toml'
rm 'servidor_minecraft/config/terrablender.toml'
rm 'servidor_minecraft/config/tetra.toml'
rm 'servidor_minecraft/config/theoneprobe-common.toml'
rm 'servidor_minecraft/config/tombstone-common.toml'
rm 'servidor_minecraft/config/tombstone-server.toml'
rm 'servidor_minecraft/config/trashslot-common.toml'
rm 'servidor_minecraft/config/travelersbackpack-common.toml'
rm 'servidor_minecraft/config/yacl.json5'
rm 'servidor_minecraft/configuracion.json'
rm 'servidor_minecraft/crash-reports/crash-2024-08-01_03.17.33-server.txt'
rm 'servidor_minecraft/crash-reports/crash-2024-08-01_03.24.36-server.txt'
rm 'servidor_minecraft/crash-reports/crash-2024-08-01_03.33.05-server.txt'
rm 'servidor_minecraft/eula.txt'
rm 'servidor_minecraft/forge.jar'
rm 'servidor_minecraft/forge.jar.log'
rm 'servidor_minecraft/journeymap/server/5.10/journeymap.server.aoa3~barathos.config'
rm 'servidor_minecraft/journeymap/server/5.10/journeymap.server.aoa3~deeplands.config'
rm 'servidor_minecraft/journeymap/server/5.10/journeymap.server.aoa3~lborean.config'
rm 'servidor_minecraft/journeymap/server/5.10/journeymap.server.aoa3~lelyetia.config'
rm 'servidor_minecraft/journeymap/server/5.10/journeymap.server.aoa3~nowhere.config'
rm 'servidor_minecraft/journeymap/server/5.10/journeymap.server.aoa3~precasia.config'
rm 'servidor_minecraft/journeymap/server/5.10/journeymap.server.aoa3~precasia_backup.config'
rm 'servidor_minecraft/journeymap/server/5.10/journeymap.server.deeperdarker~otherside.config'
rm 'servidor_minecraft/journeymap/server/5.10/journeymap.server.default.config'
rm 'servidor_minecraft/journeymap/server/5.10/journeymap.server.global.config'
rm 'servidor_minecraft/journeymap/server/5.10/journeymap.server.minecraft~overworld.config'
rm 'servidor_minecraft/journeymap/server/5.10/journeymap.server.minecraft~the_end.config'
rm 'servidor_minecraft/journeymap/server/5.10/journeymap.server.minecraft~the_nether.config'
rm 'servidor_minecraft/journeymap/server/5.10/journeymap.server.world~madnessdimension.config'
rm 'servidor_minecraft/journeymap/server/5.10/journeymap.server.world~worldtest_1.config'
rm 'servidor_minecraft/libraries/com/electronwill/night-config/core/3.6.4/core-3.6.4.jar'
rm 'servidor_minecraft/libraries/com/electronwill/night-config/toml/3.6.4/toml-3.6.4.jar'
rm 'servidor_minecraft/libraries/com/github/jponge/lzma-java/1.3/lzma-java-1.3.jar'
rm 'servidor_minecraft/libraries/com/github/oshi/oshi-core/6.2.2/oshi-core-6.2.2.jar'
rm 'servidor_minecraft/libraries/com/google/code/findbugs/jsr305/3.0.2/jsr305-3.0.2.jar'
rm 'servidor_minecraft/libraries/com/google/code/gson/gson/2.10/gson-2.10.jar'
rm 'servidor_minecraft/libraries/com/google/code/gson/gson/2.8.7/gson-2.8.7.jar'
rm 'servidor_minecraft/libraries/com/google/errorprone/error_prone_annotations/2.1.3/error_prone_annotations-2.1.3.jar'
rm 'servidor_minecraft/libraries/com/google/guava/failureaccess/1.0.1/failureaccess-1.0.1.jar'
rm 'servidor_minecraft/libraries/com/google/guava/guava/20.0/guava-20.0.jar'
rm 'servidor_minecraft/libraries/com/google/guava/guava/25.1-jre/guava-25.1-jre.jar'
rm 'servidor_minecraft/libraries/com/google/guava/guava/31.1-jre/guava-31.1-jre.jar'
rm 'servidor_minecraft/libraries/com/google/j2objc/j2objc-annotations/1.1/j2objc-annotations-1.1.jar'
rm 'servidor_minecraft/libraries/com/mojang/authlib/4.0.43/authlib-4.0.43.jar'
rm 'servidor_minecraft/libraries/com/mojang/brigadier/1.1.8/brigadier-1.1.8.jar'
rm 'servidor_minecraft/libraries/com/mojang/datafixerupper/6.0.8/datafixerupper-6.0.8.jar'
rm 'servidor_minecraft/libraries/com/mojang/logging/1.1.1/logging-1.1.1.jar'
rm 'servidor_minecraft/libraries/com/nothome/javaxdelta/2.0.1/javaxdelta-2.0.1.jar'
rm 'servidor_minecraft/libraries/com/opencsv/opencsv/4.4/opencsv-4.4.jar'
rm 'servidor_minecraft/libraries/commons-beanutils/commons-beanutils/1.9.3/commons-beanutils-1.9.3.jar'
rm 'servidor_minecraft/libraries/commons-collections/commons-collections/3.2.2/commons-collections-3.2.2.jar'
rm 'servidor_minecraft/libraries/commons-io/commons-io/2.11.0/commons-io-2.11.0.jar'
rm 'servidor_minecraft/libraries/commons-io/commons-io/2.4/commons-io-2.4.jar'
rm 'servidor_minecraft/libraries/commons-logging/commons-logging/1.2/commons-logging-1.2.jar'
rm 'servidor_minecraft/libraries/cpw/mods/bootstraplauncher/1.1.2/bootstraplauncher-1.1.2.jar'
rm 'servidor_minecraft/libraries/cpw/mods/modlauncher/10.0.9/modlauncher-10.0.9.jar'
rm 'servidor_minecraft/libraries/cpw/mods/securejarhandler/2.1.10/securejarhandler-2.1.10.jar'
rm 'servidor_minecraft/libraries/de/oceanlabs/mcp/mcp_config/1.20.1-20230612.114412/mcp_config-1.20.1-20230612.114412-mappings-merged.txt'
rm 'servidor_minecraft/libraries/de/oceanlabs/mcp/mcp_config/1.20.1-20230612.114412/mcp_config-1.20.1-20230612.114412-mappings.txt'
rm 'servidor_minecraft/libraries/de/oceanlabs/mcp/mcp_config/1.20.1-20230612.114412/mcp_config-1.20.1-20230612.114412.zip'
rm 'servidor_minecraft/libraries/de/siegmar/fastcsv/2.0.0/fastcsv-2.0.0.jar'
rm 'servidor_minecraft/libraries/io/netty/netty-buffer/4.1.82.Final/netty-buffer-4.1.82.Final.jar'
rm 'servidor_minecraft/libraries/io/netty/netty-codec/4.1.82.Final/netty-codec-4.1.82.Final.jar'
rm 'servidor_minecraft/libraries/io/netty/netty-common/4.1.82.Final/netty-common-4.1.82.Final.jar'
rm 'servidor_minecraft/libraries/io/netty/netty-handler/4.1.82.Final/netty-handler-4.1.82.Final.jar'
rm 'servidor_minecraft/libraries/io/netty/netty-resolver/4.1.82.Final/netty-resolver-4.1.82.Final.jar'
rm 'servidor_minecraft/libraries/io/netty/netty-transport-classes-epoll/4.1.82.Final/netty-transport-classes-epoll-4.1.82.Final.jar'
rm 'servidor_minecraft/libraries/io/netty/netty-transport-native-epoll/4.1.82.Final/netty-transport-native-epoll-4.1.82.Final-linux-aarch_64.jar'
rm 'servidor_minecraft/libraries/io/netty/netty-transport-native-epoll/4.1.82.Final/netty-transport-native-epoll-4.1.82.Final-linux-x86_64.jar'
rm 'servidor_minecraft/libraries/io/netty/netty-transport-native-unix-common/4.1.82.Final/netty-transport-native-unix-common-4.1.82.Final.jar'
rm 'servidor_minecraft/libraries/io/netty/netty-transport/4.1.82.Final/netty-transport-4.1.82.Final.jar'
rm 'servidor_minecraft/libraries/it/unimi/dsi/fastutil/8.5.9/fastutil-8.5.9.jar'
rm 'servidor_minecraft/libraries/net/java/dev/jna/jna-platform/5.12.1/jna-platform-5.12.1.jar'
rm 'servidor_minecraft/libraries/net/java/dev/jna/jna/5.12.1/jna-5.12.1.jar'
rm 'servidor_minecraft/libraries/net/jodah/typetools/0.6.3/typetools-0.6.3.jar'
rm 'servidor_minecraft/libraries/net/md-5/SpecialSource/1.11.0/SpecialSource-1.11.0.jar'
rm 'servidor_minecraft/libraries/net/minecraft/server/1.20.1-20230612.114412/server-1.20.1-20230612.114412-extra.jar'
rm 'servidor_minecraft/libraries/net/minecraft/server/1.20.1-20230612.114412/server-1.20.1-20230612.114412-extra.jar.cache'
rm 'servidor_minecraft/libraries/net/minecraft/server/1.20.1-20230612.114412/server-1.20.1-20230612.114412-mappings.txt'
rm 'servidor_minecraft/libraries/net/minecraft/server/1.20.1-20230612.114412/server-1.20.1-20230612.114412-slim.jar'
rm 'servidor_minecraft/libraries/net/minecraft/server/1.20.1-20230612.114412/server-1.20.1-20230612.114412-slim.jar.cache'
rm 'servidor_minecraft/libraries/net/minecraft/server/1.20.1-20230612.114412/server-1.20.1-20230612.114412-srg.jar'
rm 'servidor_minecraft/libraries/net/minecraft/server/1.20.1-20230612.114412/server-1.20.1-20230612.114412-unpacked.jar'
rm 'servidor_minecraft/libraries/net/minecraft/server/1.20.1/server-1.20.1.jar'
rm 'servidor_minecraft/libraries/net/minecraftforge/ForgeAutoRenamingTool/0.1.22/ForgeAutoRenamingTool-0.1.22-all.jar'
rm 'servidor_minecraft/libraries/net/minecraftforge/JarJarFileSystems/0.3.19/JarJarFileSystems-0.3.19.jar'
rm 'servidor_minecraft/libraries/net/minecraftforge/JarJarMetadata/0.3.19/JarJarMetadata-0.3.19.jar'
rm 'servidor_minecraft/libraries/net/minecraftforge/JarJarSelector/0.3.19/JarJarSelector-0.3.19.jar'
rm 'servidor_minecraft/libraries/net/minecraftforge/accesstransformers/8.0.4/accesstransformers-8.0.4.jar'
rm 'servidor_minecraft/libraries/net/minecraftforge/binarypatcher/1.1.1/binarypatcher-1.1.1.jar'
rm 'servidor_minecraft/libraries/net/minecraftforge/coremods/5.0.1/coremods-5.0.1.jar'
rm 'servidor_minecraft/libraries/net/minecraftforge/eventbus/6.0.5/eventbus-6.0.5.jar'
rm 'servidor_minecraft/libraries/net/minecraftforge/fmlcore/1.20.1-47.2.0/fmlcore-1.20.1-47.2.0.jar'
rm 'servidor_minecraft/libraries/net/minecraftforge/fmlearlydisplay/1.20.1-47.2.0/fmlearlydisplay-1.20.1-47.2.0.jar'
rm 'servidor_minecraft/libraries/net/minecraftforge/fmlloader/1.20.1-47.2.0/fmlloader-1.20.1-47.2.0.jar'
rm 'servidor_minecraft/libraries/net/minecraftforge/forge/1.20.1-47.2.0/forge-1.20.1-47.2.0-server.jar'
rm 'servidor_minecraft/libraries/net/minecraftforge/forge/1.20.1-47.2.0/forge-1.20.1-47.2.0-universal.jar'
rm 'servidor_minecraft/libraries/net/minecraftforge/forge/1.20.1-47.2.0/unix_args.txt'
rm 'servidor_minecraft/libraries/net/minecraftforge/forge/1.20.1-47.2.0/win_args.txt'
rm 'servidor_minecraft/libraries/net/minecraftforge/forgespi/7.0.1/forgespi-7.0.1.jar'
rm 'servidor_minecraft/libraries/net/minecraftforge/installertools/1.3.0/installertools-1.3.0.jar'
rm 'servidor_minecraft/libraries/net/minecraftforge/jarsplitter/1.1.4/jarsplitter-1.1.4.jar'
rm 'servidor_minecraft/libraries/net/minecraftforge/javafmllanguage/1.20.1-47.2.0/javafmllanguage-1.20.1-47.2.0.jar'
rm 'servidor_minecraft/libraries/net/minecraftforge/lowcodelanguage/1.20.1-47.2.0/lowcodelanguage-1.20.1-47.2.0.jar'
rm 'servidor_minecraft/libraries/net/minecraftforge/mclanguage/1.20.1-47.2.0/mclanguage-1.20.1-47.2.0.jar'
rm 'servidor_minecraft/libraries/net/minecraftforge/mergetool/1.1.5/mergetool-1.1.5-api.jar'
rm 'servidor_minecraft/libraries/net/minecraftforge/srgutils/0.4.11/srgutils-0.4.11.jar'
rm 'servidor_minecraft/libraries/net/minecraftforge/srgutils/0.4.3/srgutils-0.4.3.jar'
rm 'servidor_minecraft/libraries/net/minecraftforge/srgutils/0.4.9/srgutils-0.4.9.jar'
rm 'servidor_minecraft/libraries/net/minecraftforge/unsafe/0.2.0/unsafe-0.2.0.jar'
rm 'servidor_minecraft/libraries/net/minecrell/terminalconsoleappender/1.2.0/terminalconsoleappender-1.2.0.jar'
rm 'servidor_minecraft/libraries/net/sf/jopt-simple/jopt-simple/5.0.4/jopt-simple-5.0.4.jar'
rm 'servidor_minecraft/libraries/net/sf/jopt-simple/jopt-simple/6.0-alpha-3/jopt-simple-6.0-alpha-3.jar'
rm 'servidor_minecraft/libraries/org/antlr/antlr4-runtime/4.9.1/antlr4-runtime-4.9.1.jar'
rm 'servidor_minecraft/libraries/org/apache/commons/commons-collections4/4.2/commons-collections4-4.2.jar'
rm 'servidor_minecraft/libraries/org/apache/commons/commons-lang3/3.12.0/commons-lang3-3.12.0.jar'
rm 'servidor_minecraft/libraries/org/apache/commons/commons-lang3/3.8.1/commons-lang3-3.8.1.jar'
rm 'servidor_minecraft/libraries/org/apache/commons/commons-text/1.3/commons-text-1.3.jar'
rm 'servidor_minecraft/libraries/org/apache/logging/log4j/log4j-api/2.19.0/log4j-api-2.19.0.jar'
rm 'servidor_minecraft/libraries/org/apache/logging/log4j/log4j-core/2.19.0/log4j-core-2.19.0.jar'
rm 'servidor_minecraft/libraries/org/apache/logging/log4j/log4j-slf4j2-impl/2.19.0/log4j-slf4j2-impl-2.19.0.jar'
rm 'servidor_minecraft/libraries/org/apache/maven/maven-artifact/3.8.5/maven-artifact-3.8.5.jar'
rm 'servidor_minecraft/libraries/org/checkerframework/checker-qual/2.0.0/checker-qual-2.0.0.jar'
rm 'servidor_minecraft/libraries/org/codehaus/mojo/animal-sniffer-annotations/1.14/animal-sniffer-annotations-1.14.jar'
rm 'servidor_minecraft/libraries/org/jline/jline-reader/3.12.1/jline-reader-3.12.1.jar'
rm 'servidor_minecraft/libraries/org/jline/jline-terminal/3.12.1/jline-terminal-3.12.1.jar'
rm 'servidor_minecraft/libraries/org/joml/joml/1.10.5/joml-1.10.5.jar'
rm 'servidor_minecraft/libraries/org/openjdk/nashorn/nashorn-core/15.3/nashorn-core-15.3.jar'
rm 'servidor_minecraft/libraries/org/ow2/asm/asm-analysis/9.2/asm-analysis-9.2.jar'
rm 'servidor_minecraft/libraries/org/ow2/asm/asm-analysis/9.3/asm-analysis-9.3.jar'
rm 'servidor_minecraft/libraries/org/ow2/asm/asm-analysis/9.5/asm-analysis-9.5.jar'
rm 'servidor_minecraft/libraries/org/ow2/asm/asm-commons/9.2/asm-commons-9.2.jar'
rm 'servidor_minecraft/libraries/org/ow2/asm/asm-commons/9.3/asm-commons-9.3.jar'
rm 'servidor_minecraft/libraries/org/ow2/asm/asm-commons/9.5/asm-commons-9.5.jar'
rm 'servidor_minecraft/libraries/org/ow2/asm/asm-tree/9.2/asm-tree-9.2.jar'
rm 'servidor_minecraft/libraries/org/ow2/asm/asm-tree/9.3/asm-tree-9.3.jar'
rm 'servidor_minecraft/libraries/org/ow2/asm/asm-tree/9.5/asm-tree-9.5.jar'
rm 'servidor_minecraft/libraries/org/ow2/asm/asm-util/9.5/asm-util-9.5.jar'
rm 'servidor_minecraft/libraries/org/ow2/asm/asm/9.2/asm-9.2.jar'
rm 'servidor_minecraft/libraries/org/ow2/asm/asm/9.3/asm-9.3.jar'
rm 'servidor_minecraft/libraries/org/ow2/asm/asm/9.5/asm-9.5.jar'
rm 'servidor_minecraft/libraries/org/slf4j/slf4j-api/2.0.1/slf4j-api-2.0.1.jar'
rm 'servidor_minecraft/libraries/org/spongepowered/mixin/0.8.5/mixin-0.8.5.jar'
rm 'servidor_minecraft/libraries/trove/trove/1.0.2/trove-1.0.2.jar'
rm 'servidor_minecraft/logs/2024-07-22-10.log.gz'
rm 'servidor_minecraft/logs/2024-07-22-11.log.gz'
rm 'servidor_minecraft/logs/2024-07-22-12.log.gz'
rm 'servidor_minecraft/logs/2024-07-22-2.log.gz'
rm 'servidor_minecraft/logs/2024-07-22-3.log.gz'
rm 'servidor_minecraft/logs/2024-07-22-4.log.gz'
rm 'servidor_minecraft/logs/2024-07-22-5.log.gz'
rm 'servidor_minecraft/logs/2024-07-22-6.log.gz'
rm 'servidor_minecraft/logs/2024-07-22-7.log.gz'
rm 'servidor_minecraft/logs/2024-07-22-8.log.gz'
rm 'servidor_minecraft/logs/2024-07-22-9.log.gz'
rm 'servidor_minecraft/logs/2024-07-24-2.log.gz'
rm 'servidor_minecraft/logs/2024-07-24-3.log.gz'
rm 'servidor_minecraft/logs/2024-07-25-2.log.gz'
rm 'servidor_minecraft/logs/2024-07-25-3.log.gz'
rm 'servidor_minecraft/logs/2024-08-01-2.log.gz'
rm 'servidor_minecraft/logs/2024-08-01-3.log.gz'
rm 'servidor_minecraft/logs/2024-08-01-4.log.gz'
rm 'servidor_minecraft/logs/2024-08-01-5.log.gz'
rm 'servidor_minecraft/logs/2024-09-28-2.log.gz'
rm 'servidor_minecraft/logs/2024-10-21-1.log.gz'
rm 'servidor_minecraft/logs/2024-10-21-2.log.gz'
rm 'servidor_minecraft/logs/2024-10-21-3.log.gz'
rm 'servidor_minecraft/logs/2024-10-21-4.log.gz'
rm 'servidor_minecraft/logs/2024-10-21-5.log.gz'
rm 'servidor_minecraft/logs/2024-10-21-6.log.gz'
rm 'servidor_minecraft/logs/2024-10-21-7.log.gz'
rm 'servidor_minecraft/logs/2024-10-21-8.log.gz'
rm 'servidor_minecraft/logs/2024-10-22-2.log.gz'
rm 'servidor_minecraft/logs/2024-10-22-3.log.gz'
rm 'servidor_minecraft/logs/2024-10-22-4.log.gz'
rm 'servidor_minecraft/logs/2024-10-23-1.log.gz'
rm 'servidor_minecraft/logs/2024-10-24-2.log.gz'
rm 'servidor_minecraft/logs/debug-1.log.gz'
rm 'servidor_minecraft/logs/debug-2.log.gz'
rm 'servidor_minecraft/logs/debug-3.log.gz'
rm 'servidor_minecraft/logs/debug-4.log.gz'
rm 'servidor_minecraft/logs/debug-5.log.gz'
rm 'servidor_minecraft/logs/debug.log'
rm 'servidor_minecraft/logs/latest.log'
rm 'servidor_minecraft/modgest_config.json'
rm 'servidor_minecraft/modgest_debian_x64'
rm 'servidor_minecraft/mods/Apotheosis-1.20.1-7.4.0.jar'
rm 'servidor_minecraft/mods/ApothicAttributes-1.20.1-1.3.5.jar'
rm 'servidor_minecraft/mods/Bookshelf-Forge-1.20.1-20.2.13.jar'
rm 'servidor_minecraft/mods/ConfigurableCane-1.20-2.5.2.jar'
rm 'servidor_minecraft/mods/CreativeCore_FORGE_v2.11.31_mc1.20.1.jar'
rm 'servidor_minecraft/mods/DungeonsArise-1.20.x-2.1.58-release.jar'
rm 'servidor_minecraft/mods/EnchantmentDescriptions-Forge-1.20.1-17.0.16.jar'
rm 'servidor_minecraft/mods/ImmediatelyFast-Forge-1.2.8+1.20.4.jar'
rm 'servidor_minecraft/mods/Incendium_1.20.x_v5.3.5.jar'
rm 'servidor_minecraft/mods/Jade-1.20.1-forge-11.9.4.jar'
rm 'servidor_minecraft/mods/JustEnoughResources-1.20.1-1.4.0.247.jar'
rm 'servidor_minecraft/mods/KOTM-CaliganBetaUpdate.jar'
rm 'servidor_minecraft/mods/L_Enders_Cataclysm-1.99.6-1.20.1.jar'
rm 'servidor_minecraft/mods/MaxHealthFix-Forge-1.20.1-12.0.3.jar'
rm 'servidor_minecraft/mods/Patchouli-1.20.1-84-FORGE.jar'
rm 'servidor_minecraft/mods/Placebo-1.20.1-8.6.2.jar'
rm 'servidor_minecraft/mods/PlayerRevive_FORGE_v2.0.25_mc1.20.1.jar'
rm 'servidor_minecraft/mods/Structory_1.20.x_v1.3.5.jar'
rm 'servidor_minecraft/mods/TaxCastlePillager+M.1.20.1+ForM.1.0.1.jar'
rm 'servidor_minecraft/mods/TerraBlender-forge-1.20.1-3.0.1.7.jar'
rm 'servidor_minecraft/mods/YetAnotherConfigLib-3.5.0+1.20.1-forge.jar'
rm 'servidor_minecraft/mods/alexscaves-2.0.0.jar'
rm 'servidor_minecraft/mods/alexsmobs-1.22.8.jar'
rm 'servidor_minecraft/mods/aquamirae-6.API15.jar'
rm 'servidor_minecraft/mods/architectury-9.2.14-forge.jar'
rm 'servidor_minecraft/mods/balm-forge-1.20.1-7.3.6-all.jar'
rm 'servidor_minecraft/mods/born_in_chaos_[Forge]1.20.1_1.3.1.jar'
rm 'servidor_minecraft/mods/carryon-forge-1.20.1-2.1.2.7.jar'
rm 'servidor_minecraft/mods/citadel-2.6.0-1.20.1.jar'
rm 'servidor_minecraft/mods/cloth-config-11.1.118-forge.jar'
rm 'servidor_minecraft/mods/combatroll-forge-1.3.2+1.20.1.jar'
rm 'servidor_minecraft/mods/curios-forge-5.9.1+1.20.1.jar'
rm 'servidor_minecraft/mods/deeperdarker-forge-1.20.1-1.2.1.jar'
rm 'servidor_minecraft/mods/elenaidodge2-1.1.jar'
rm 'servidor_minecraft/mods/embeddium-0.3.24+mc1.20.1.jar'
rm 'servidor_minecraft/mods/feathers-1.1.jar'
rm 'servidor_minecraft/mods/ferritecore-6.0.1-forge.jar'
rm 'servidor_minecraft/mods/geckolib-forge-1.20.1-4.4.7.jar'
rm 'servidor_minecraft/mods/iceandfire-2.1.13-1.20.1-beta-5.jar'
rm 'servidor_minecraft/mods/inventorypets-1.20.1-2.1.2.jar'
rm 'servidor_minecraft/mods/jei-1.20.1-forge-15.3.0.8.jar'
rm 'servidor_minecraft/mods/journeymap-1.20.1-5.10.0-forge.jar'
rm 'servidor_minecraft/mods/justleveling-forge-1.20.x-v1.7.jar'
rm 'servidor_minecraft/mods/lionfishapi-1.9.jar'
rm 'servidor_minecraft/mods/loot_journal-3.1.1.jar'
rm 'servidor_minecraft/mods/majrusz-library-forge-1.20.1-7.0.8.jar'
rm 'servidor_minecraft/mods/majruszs-difficulty-forge-1.20.1-1.9.10.jar'
rm 'servidor_minecraft/mods/majruszs-enchantments-forge-1.20.1-1.10.8.jar'
rm 'servidor_minecraft/mods/mokels_witch_boss-1.0-forge-1.20.1.jar'
rm 'servidor_minecraft/mods/mutil-1.20.1-6.1.1.jar'
rm 'servidor_minecraft/mods/obscure_api-15.jar'
rm 'servidor_minecraft/mods/player-animation-lib-forge-1.0.2-rc1+1.20.jar'
rm 'servidor_minecraft/mods/plushie_buddies-0.1.1-1.20.1.jar'
rm 'servidor_minecraft/mods/polytone-1.20-2.3.3.jar'
rm 'servidor_minecraft/mods/radium-mc1.20.1-0.12.2+git.5f80f74.jar'
rm 'servidor_minecraft/mods/realmrpg_fallen_adventurers_1.0.3_forge_1.20.1.jar'
rm 'servidor_minecraft/mods/realmrpg_imps_and_demons_0.9.0_forge_1.20.1.jar'
rm 'servidor_minecraft/mods/rrls-4.0.6.1+mc1.20.1-forge.jar'
rm 'servidor_minecraft/mods/rubidium-extra-0.5.4.3+mc1.20.1-build.121.jar'
rm 'servidor_minecraft/mods/spawnermod-1.20.1-1.9.3+Forge.jar'
rm 'servidor_minecraft/mods/structure_gel-1.20.1-2.16.2.jar'
rm 'servidor_minecraft/mods/tact-1.2.0+1.20.1.jar'
rm 'servidor_minecraft/mods/tctcore-1.4-forge-1.20.1.jar'
rm 'servidor_minecraft/mods/tetra-1.20.1-6.4.0.jar'
rm 'servidor_minecraft/mods/the-conjurer-1.20.1-1.1.6.jar'
rm 'servidor_minecraft/mods/theoneprobe-1.20.1-10.0.2.jar'
rm 'servidor_minecraft/mods/tombstone-1.20.1-8.6.7.jar'
rm 'servidor_minecraft/mods/trashslot-forge-1.20-15.1.0.jar'
rm 'servidor_minecraft/mods/travelersbackpack-forge-1.20.1-9.1.14.jar'
rm 'servidor_minecraft/mods/warriors_of_past_epoch_[Forge]_1.20.1_1.3.jar'
rm 'servidor_minecraft/ops.json'
rm 'servidor_minecraft/playit.status'
rm 'servidor_minecraft/playit.tunnels'
rm 'servidor_minecraft/run.bat'
rm 'servidor_minecraft/run.sh'
rm 'servidor_minecraft/server.properties'
rm 'servidor_minecraft/user_jvm_args.txt'
rm 'servidor_minecraft/usercache.json'
rm 'servidor_minecraft/usernamecache.json'
rm 'servidor_minecraft/whitelist.json'
rm 'servidor_minecraft/world/DIM-1/data/capabilities.dat'
rm 'servidor_minecraft/world/DIM-1/data/clearlagc_worldvars.dat'
rm 'servidor_minecraft/world/DIM-1/data/raids.dat'
rm 'servidor_minecraft/world/DIM1/data/capabilities.dat'
rm 'servidor_minecraft/world/DIM1/data/clearlagc_worldvars.dat'
rm 'servidor_minecraft/world/DIM1/data/raids_end.dat'
rm 'servidor_minecraft/world/advancements/43d79b3e-4afa-37fb-a395-aac4dcd856c6.json'
rm 'servidor_minecraft/world/advancements/9221eae4-d002-3ea6-a2ca-c4c421bfbe27.json'
rm 'servidor_minecraft/world/advancements/ed821a9b-cfc7-343b-9491-331781f0bba2.json'
rm 'servidor_minecraft/world/data/JMPlayerSettings.dat'
rm 'servidor_minecraft/world/data/WorldUUID.dat'
rm 'servidor_minecraft/world/data/alexsmobs_world_data.dat'
rm 'servidor_minecraft/world/data/capabilities.dat'
rm 'servidor_minecraft/world/data/cataclysm_world_data.dat'
rm 'servidor_minecraft/world/data/chunks.dat'
rm 'servidor_minecraft/world/data/citadel_world_data.dat'
rm 'servidor_minecraft/world/data/clearlagc_worldvars.dat'
rm 'servidor_minecraft/world/data/iceandfire_general.dat'
rm 'servidor_minecraft/world/data/idcounts.dat'
rm 'servidor_minecraft/world/data/majruszsdifficulty.dat'
rm 'servidor_minecraft/world/data/map_0.dat'
rm 'servidor_minecraft/world/data/map_1.dat'
rm 'servidor_minecraft/world/data/raids.dat'
rm 'servidor_minecraft/world/data/random_sequences.dat'
rm 'servidor_minecraft/world/data/scoreboard.dat'
rm 'servidor_minecraft/world/dimensions/deeperdarker/otherside/data/capabilities.dat'
rm 'servidor_minecraft/world/dimensions/deeperdarker/otherside/data/clearlagc_worldvars.dat'
rm 'servidor_minecraft/world/dimensions/deeperdarker/otherside/data/raids.dat'
rm 'servidor_minecraft/world/entities/r.-1.-1.mca'
rm 'servidor_minecraft/world/entities/r.-1.-2.mca'
rm 'servidor_minecraft/world/entities/r.-1.-3.mca'
rm 'servidor_minecraft/world/entities/r.-1.-4.mca'
rm 'servidor_minecraft/world/entities/r.-1.0.mca'
rm 'servidor_minecraft/world/entities/r.-1.1.mca'
rm 'servidor_minecraft/world/entities/r.-2.-1.mca'
rm 'servidor_minecraft/world/entities/r.-2.-3.mca'
rm 'servidor_minecraft/world/entities/r.-2.-4.mca'
rm 'servidor_minecraft/world/entities/r.-2.0.mca'
rm 'servidor_minecraft/world/entities/r.-2.1.mca'
rm 'servidor_minecraft/world/entities/r.0.-1.mca'
rm 'servidor_minecraft/world/entities/r.0.-2.mca'
rm 'servidor_minecraft/world/entities/r.0.-3.mca'
rm 'servidor_minecraft/world/entities/r.0.-4.mca'
rm 'servidor_minecraft/world/entities/r.0.0.mca'
rm 'servidor_minecraft/world/entities/r.1.-1.mca'
rm 'servidor_minecraft/world/entities/r.1.-2.mca'
rm 'servidor_minecraft/world/entities/r.1.-3.mca'
rm 'servidor_minecraft/world/entities/r.1.-4.mca'
rm 'servidor_minecraft/world/entities/r.2.-2.mca'
rm 'servidor_minecraft/world/entities/r.2.-3.mca'
rm 'servidor_minecraft/world/entities/r.2.-4.mca'
rm 'servidor_minecraft/world/entities/r.3.-3.mca'
rm 'servidor_minecraft/world/entities/r.3.-4.mca'
rm 'servidor_minecraft/world/level.dat'
rm 'servidor_minecraft/world/level.dat_old'
rm 'servidor_minecraft/world/playerdata/43d79b3e-4afa-37fb-a395-aac4dcd856c6.dat'
rm 'servidor_minecraft/world/playerdata/43d79b3e-4afa-37fb-a395-aac4dcd856c6.dat_old'
rm 'servidor_minecraft/world/playerdata/9221eae4-d002-3ea6-a2ca-c4c421bfbe27.dat'
rm 'servidor_minecraft/world/playerdata/9221eae4-d002-3ea6-a2ca-c4c421bfbe27.dat_old'
rm 'servidor_minecraft/world/playerdata/ed821a9b-cfc7-343b-9491-331781f0bba2.dat'
rm 'servidor_minecraft/world/playerdata/ed821a9b-cfc7-343b-9491-331781f0bba2.dat_old'
rm 'servidor_minecraft/world/poi/r.-1.-1.mca'
rm 'servidor_minecraft/world/poi/r.-1.-2.mca'
rm 'servidor_minecraft/world/poi/r.-1.-3.mca'
rm 'servidor_minecraft/world/poi/r.-1.-4.mca'
rm 'servidor_minecraft/world/poi/r.-1.0.mca'
rm 'servidor_minecraft/world/poi/r.-1.1.mca'
rm 'servidor_minecraft/world/poi/r.-2.-1.mca'
rm 'servidor_minecraft/world/poi/r.-2.-2.mca'
rm 'servidor_minecraft/world/poi/r.-2.-3.mca'
rm 'servidor_minecraft/world/poi/r.-2.-4.mca'
rm 'servidor_minecraft/world/poi/r.-2.0.mca'
rm 'servidor_minecraft/world/poi/r.-2.1.mca'
rm 'servidor_minecraft/world/poi/r.0.-1.mca'
rm 'servidor_minecraft/world/poi/r.0.-2.mca'
rm 'servidor_minecraft/world/poi/r.0.-3.mca'
rm 'servidor_minecraft/world/poi/r.0.-4.mca'
rm 'servidor_minecraft/world/poi/r.0.0.mca'
rm 'servidor_minecraft/world/poi/r.1.-1.mca'
rm 'servidor_minecraft/world/poi/r.1.-2.mca'
rm 'servidor_minecraft/world/poi/r.1.-3.mca'
rm 'servidor_minecraft/world/poi/r.1.-4.mca'
rm 'servidor_minecraft/world/poi/r.1.0.mca'
rm 'servidor_minecraft/world/poi/r.2.-2.mca'
rm 'servidor_minecraft/world/poi/r.2.-3.mca'
rm 'servidor_minecraft/world/poi/r.2.-4.mca'
rm 'servidor_minecraft/world/poi/r.3.-2.mca'
rm 'servidor_minecraft/world/poi/r.3.-3.mca'
rm 'servidor_minecraft/world/poi/r.3.-4.mca'
rm 'servidor_minecraft/world/region/r.-1.-1.mca'
rm 'servidor_minecraft/world/region/r.-1.-2.mca'
rm 'servidor_minecraft/world/region/r.-1.-3.mca'
rm 'servidor_minecraft/world/region/r.-1.-4.mca'
rm 'servidor_minecraft/world/region/r.-1.0.mca'
rm 'servidor_minecraft/world/region/r.-1.1.mca'
rm 'servidor_minecraft/world/region/r.-2.-1.mca'
rm 'servidor_minecraft/world/region/r.-2.-2.mca'
rm 'servidor_minecraft/world/region/r.-2.-3.mca'
rm 'servidor_minecraft/world/region/r.-2.-4.mca'
rm 'servidor_minecraft/world/region/r.-2.0.mca'
rm 'servidor_minecraft/world/region/r.-2.1.mca'
rm 'servidor_minecraft/world/region/r.0.-1.mca'
rm 'servidor_minecraft/world/region/r.0.-2.mca'
rm 'servidor_minecraft/world/region/r.0.-3.mca'
rm 'servidor_minecraft/world/region/r.0.-4.mca'
rm 'servidor_minecraft/world/region/r.0.0.mca'
rm 'servidor_minecraft/world/region/r.1.-1.mca'
rm 'servidor_minecraft/world/region/r.1.-2.mca'
rm 'servidor_minecraft/world/region/r.1.-3.mca'
rm 'servidor_minecraft/world/region/r.1.-4.mca'
rm 'servidor_minecraft/world/region/r.1.0.mca'
rm 'servidor_minecraft/world/region/r.2.-2.mca'
rm 'servidor_minecraft/world/region/r.2.-3.mca'
rm 'servidor_minecraft/world/region/r.2.-4.mca'
rm 'servidor_minecraft/world/region/r.3.-2.mca'
rm 'servidor_minecraft/world/region/r.3.-3.mca'
rm 'servidor_minecraft/world/region/r.3.-4.mca'
rm 'servidor_minecraft/world/serverconfig/configurablecane-server.toml'
rm 'servidor_minecraft/world/serverconfig/curios-server.toml'
rm 'servidor_minecraft/world/serverconfig/forge-server.toml'
rm 'servidor_minecraft/world/serverconfig/jei-server.toml'
rm 'servidor_minecraft/world/serverconfig/journeymap-server.toml'
rm 'servidor_minecraft/world/session.lock'
rm 'servidor_minecraft/world/stats/43d79b3e-4afa-37fb-a395-aac4dcd856c6.json'
rm 'servidor_minecraft/world/stats/9221eae4-d002-3ea6-a2ca-c4c421bfbe27.json'
rm 'servidor_minecraft/world/stats/ed821a9b-cfc7-343b-9491-331781f0bba2.json'
rm 'servidor_minecraft/world/tombstone/loottables/tombstone-pool-archaeology.json'
rm 'servidor_minecraft/world/tombstone/loottables/tombstone-pool-cat_morning.json'
rm 'servidor_minecraft/world/tombstone/loottables/tombstone-pool-chest_treasure.bak'
rm 'servidor_minecraft/world/tombstone/loottables/tombstone-pool-chest_treasure.json'
rm 'servidor_minecraft/world/tombstone/loottables/tombstone-pool-lost_treasure.json'
rm 'servidor_minecraft/world/tombstone/loottables/tombstone-pool-seeker_rod.json'
rm 'servidor_minecraft/world/tombstone/loottables/tombstone-pool-sniffer_digging.json'
rm 'servidor_minecraft/world/tombstone/loottables/tombstone-pool-undead_boss.json'
rm 'servidor_minecraft/world/tombstone/loottables/tombstone-pool-undead_mob.json'
rm 'servidor_minecraft/world/tombstone/saved_players/43d79b3e-4afa-37fb-a395-aac4dcd856c6/20241021-140013.save'
rm 'servidor_minecraft/world/tombstone/saved_players/43d79b3e-4afa-37fb-a395-aac4dcd856c6/20241021-232918.save'
rm 'servidor_minecraft/world/tombstone/saved_players/43d79b3e-4afa-37fb-a395-aac4dcd856c6/20241021-234441.save'
rm 'servidor_minecraft/world/tombstone/saved_players/43d79b3e-4afa-37fb-a395-aac4dcd856c6/20241022-000441.save'
rm 'servidor_minecraft/world/tombstone/saved_players/43d79b3e-4afa-37fb-a395-aac4dcd856c6/20241022-002441.save'
rm 'servidor_minecraft/world/tombstone/saved_players/43d79b3e-4afa-37fb-a395-aac4dcd856c6/20241022-140408.save'
rm 'servidor_minecraft/world/tombstone/saved_players/43d79b3e-4afa-37fb-a395-aac4dcd856c6/20241023-232232.save'
rm 'servidor_minecraft/world/tombstone/saved_players/43d79b3e-4afa-37fb-a395-aac4dcd856c6/20241023-234232.save'
rm 'servidor_minecraft/world/tombstone/saved_players/9221eae4-d002-3ea6-a2ca-c4c421bfbe27/20241021-232918.save'
rm 'servidor_minecraft/world/tombstone/saved_players/9221eae4-d002-3ea6-a2ca-c4c421bfbe27/20241021-233108.save'
rm 'servidor_minecraft/world/tombstone/saved_players/9221eae4-d002-3ea6-a2ca-c4c421bfbe27/20241021-233117.save'
rm 'servidor_minecraft/world/tombstone/saved_players/9221eae4-d002-3ea6-a2ca-c4c421bfbe27/20241021-233305.save'
rm 'servidor_minecraft/world/tombstone/saved_players/9221eae4-d002-3ea6-a2ca-c4c421bfbe27/20241021-233725.save'
rm 'servidor_minecraft/world/tombstone/saved_players/9221eae4-d002-3ea6-a2ca-c4c421bfbe27/20241021-233935.save'
rm 'servidor_minecraft/world/tombstone/saved_players/9221eae4-d002-3ea6-a2ca-c4c421bfbe27/20241021-234022.save'
rm 'servidor_minecraft/world/tombstone/saved_players/9221eae4-d002-3ea6-a2ca-c4c421bfbe27/20241021-234441.save'
rm 'servidor_minecraft/world/tombstone/saved_players/9221eae4-d002-3ea6-a2ca-c4c421bfbe27/20241021-234456.save'
rm 'servidor_minecraft/world/tombstone/saved_players/9221eae4-d002-3ea6-a2ca-c4c421bfbe27/20241022-000441.save'
rm 'servidor_minecraft/world/tombstone/saved_players/9221eae4-d002-3ea6-a2ca-c4c421bfbe27/20241022-001502.save'
rm 'servidor_minecraft/world/tombstone/saved_players/9221eae4-d002-3ea6-a2ca-c4c421bfbe27/20241022-002441.save'
rm 'servidor_minecraft/world/tombstone/saved_players/9221eae4-d002-3ea6-a2ca-c4c421bfbe27/20241022-003438.save'
rm 'servidor_minecraft/world/tombstone/saved_players/ed821a9b-cfc7-343b-9491-331781f0bba2/20241021-232918.save'
rm 'servidor_minecraft/world/tombstone/version.info'
fatal: a branch named 'Minecraft_branch' already exists
stat: cannot stat 'servidor_minecraft/mods/ClearLag': No such file or directory
fatal: pathspec 'servidor_minecraft/mods/ClearLag' did not match any files
stat: cannot stat '1.20.1.jar': No such file or directory
fatal: pathspec '1.20.1.jar' did not match any files
stat: cannot stat 'servidor_minecraft/mods/Explorify': No such file or directory
fatal: pathspec 'servidor_minecraft/mods/Explorify' did not match any files
stat: cannot stat 'v1.6.1': No such file or directory
fatal: pathspec 'v1.6.1' did not match any files
stat: cannot stat 'f10-48.jar': No such file or directory
fatal: pathspec 'f10-48.jar' did not match any files
stat: cannot stat 'servidor_minecraft/mods/ironchest-1.20.1-14.4.4': No such file or directory
fatal: pathspec 'servidor_minecraft/mods/ironchest-1.20.1-14.4.4' did not match any files
stat: cannot stat '(1).jar': No such file or directory
fatal: pathspec '(1).jar' did not match any files
stat: cannot stat 'servidor_minecraft/mods/Cardinal': No such file or directory
fatal: pathspec 'servidor_minecraft/mods/Cardinal' did not match any files
stat: cannot stat 'Sins': No such file or directory
fatal: pathspec 'Sins' did not match any files
stat: cannot stat '1.0.3.jar': No such file or directory
fatal: pathspec '1.0.3.jar' did not match any files
stat: cannot stat 'server': No such file or directory
stat: cannot stat '(1).py': No such file or directory
Obteniendo cambios del remoto...
Fusionando cambios del remoto en la rama actual...
Already up to date.
Realizando push forzado en la rama Minecraft_branch con archivos menores de 100 MB
remote: warning: See https://gh.io/lfs for more information.        
remote: warning: File servidor_minecraft/mods/alexscaves-2.0.0.jar is 71.31 MB; this is larger than GitHub's recommended maximum file size of 50.00 MB        
remote: warning: GH001: Large files detected. You may want to try Git Large File Storage - https://git-lfs.github.com.        
To https://github.com/jaime412/Minecraft_branch.git
 + 865a1f5...1d41ae4 Minecraft_branch -> Minecraft_branch (forced update)
Push forzado realizado con éxito en la rama Minecraft_branch.
[Minecraft_branch 3f4eb24] Añadido excluded_files.txt con los archivos grandes excluidos
 1 file changed, 0 insertions(+), 0 deletions(-)
 create mode 100644 excluded_files.txt
To https://github.com/jaime412/Minecraft_branch.git
   1d41ae4..3f4eb24  Minecraft_branch -> Minecraft_branch
Esperando 10 minutos antes de la próxima ejecución...
Iniciando proceso de sincronización...
Nombre de la rama actual: Minecraft_branch
Obteniendo la URL del repositorio remoto
origin	https://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@github.com/jaime412/Minecraft_branch.git (fetch)
origin	https://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@github.com/jaime412/Minecraft_branch.git (push)
rm '.gitignore'
rm 'addons/Branchutil.addon'
rm 'addons/Utilidades.py'
rm 'addons/url-del-branch.json'
rm 'configuracion.json'
rm 'excluded_files.txt'
rm 'output.log'
rm 'playit.status'
rm 'playit.tunnels'
rm 'respaldos/world_respaldo.zip'
rm 'server (1).py'
rm 'servidor_minecraft/banned-ips.json'
rm 'servidor_minecraft/banned-players.json'
rm 'servidor_minecraft/config/Elenai-Dodge-2-Common.toml'
rm 'servidor_minecraft/config/Feathers-Common.toml'
rm 'servidor_minecraft/config/Obscuria/aquamirae-common.toml'
rm 'servidor_minecraft/config/Plushie_Buddies-Common.toml'
rm 'servidor_minecraft/config/ShieldExpansion-common.toml'
rm 'servidor_minecraft/config/alexscaves-general.toml'
rm 'servidor_minecraft/config/alexscaves_biome_generation/abyssal_chasm.json'
rm 'servidor_minecraft/config/alexscaves_biome_generation/candy_cavity.json'
rm 'servidor_minecraft/config/alexscaves_biome_generation/forlorn_hollows.json'
rm 'servidor_minecraft/config/alexscaves_biome_generation/magnetic_caves.json'
rm 'servidor_minecraft/config/alexscaves_biome_generation/primordial_caves.json'
rm 'servidor_minecraft/config/alexscaves_biome_generation/toxic_caves.json'
rm 'servidor_minecraft/config/alexsmobs.toml'
rm 'servidor_minecraft/config/alexsmobs/alligator_snapping_turtle_spawns.json'
rm 'servidor_minecraft/config/alexsmobs/anaconda_spawns.json'
rm 'servidor_minecraft/config/alexsmobs/anteater_spawns.json'
rm 'servidor_minecraft/config/alexsmobs/bald_eagle_spawns.json'
rm 'servidor_minecraft/config/alexsmobs/banana_slug_spawns.json'
rm 'servidor_minecraft/config/alexsmobs/bison_spawns.json'
rm 'servidor_minecraft/config/alexsmobs/blobfish_spawns.json'
rm 'servidor_minecraft/config/alexsmobs/blue_jay_spawns.json'
rm 'servidor_minecraft/config/alexsmobs/bone_serpent_spawns.json'
rm 'servidor_minecraft/config/alexsmobs/bunfungus_spawns.json'
rm 'servidor_minecraft/config/alexsmobs/cachalot_whale_beached_spawns.json'
rm 'servidor_minecraft/config/alexsmobs/cachalot_whale_spawns.json'
rm 'servidor_minecraft/config/alexsmobs/caiman_spawns.json'
rm 'servidor_minecraft/config/alexsmobs/capuchin_monkey_spawns.json'
rm 'servidor_minecraft/config/alexsmobs/catfish_spawns.json'
rm 'servidor_minecraft/config/alexsmobs/cave_centipede_spawns.json'
rm 'servidor_minecraft/config/alexsmobs/cockroach_spawns.json'
rm 'servidor_minecraft/config/alexsmobs/comb_jelly_spawns.json'
rm 'servidor_minecraft/config/alexsmobs/cosmaw_spawns.json'
rm 'servidor_minecraft/config/alexsmobs/cosmic_cod_spawns.json'
rm 'servidor_minecraft/config/alexsmobs/crimson_mosquito_spawns.json'
rm 'servidor_minecraft/config/alexsmobs/crocodile_spawns.json'
rm 'servidor_minecraft/config/alexsmobs/crow_spawns.json'
rm 'servidor_minecraft/config/alexsmobs/devils_hole_pupfish_spawns.json'
rm 'servidor_minecraft/config/alexsmobs/dropbear_spawns.json'
rm 'servidor_minecraft/config/alexsmobs/elephant_spawns.json'
rm 'servidor_minecraft/config/alexsmobs/emu_spawns.json'
rm 'servidor_minecraft/config/alexsmobs/endergrade_spawns.json'
rm 'servidor_minecraft/config/alexsmobs/enderiophage_spawns.json'
rm 'servidor_minecraft/config/alexsmobs/farseer.json'
rm 'servidor_minecraft/config/alexsmobs/flutter_spawns.json'
rm 'servidor_minecraft/config/alexsmobs/fly_spawns.json'
rm 'servidor_minecraft/config/alexsmobs/flying_fish_spawns.json'
rm 'servidor_minecraft/config/alexsmobs/frilled_shark_spawns.json'
rm 'servidor_minecraft/config/alexsmobs/froststalker_spawns.json'
rm 'servidor_minecraft/config/alexsmobs/gazelle_spawns.json'
rm 'servidor_minecraft/config/alexsmobs/gelada_monkey_spawns.json'
rm 'servidor_minecraft/config/alexsmobs/giant_squid_spawns.json'
rm 'servidor_minecraft/config/alexsmobs/gorilla_spawns.json'
rm 'servidor_minecraft/config/alexsmobs/grizzly_bear_spawns.json'
rm 'servidor_minecraft/config/alexsmobs/guster_spawns.json'
rm 'servidor_minecraft/config/alexsmobs/hammerhead_shark_spawns.json'
rm 'servidor_minecraft/config/alexsmobs/hummingbird_spawns.json'
rm 'servidor_minecraft/config/alexsmobs/jerboa_spawns.json'
rm 'servidor_minecraft/config/alexsmobs/kangaroo_spawns.json'
rm 'servidor_minecraft/config/alexsmobs/komodo_dragon_spawns.json'
rm 'servidor_minecraft/config/alexsmobs/laviathan_spawns.json'
rm 'servidor_minecraft/config/alexsmobs/leafcutter_anthill_spawns.json'
rm 'servidor_minecraft/config/alexsmobs/lobster_spawns.json'
rm 'servidor_minecraft/config/alexsmobs/maned_wolf_spawns.json'
rm 'servidor_minecraft/config/alexsmobs/mantis_shrimp_spawns.json'
rm 'servidor_minecraft/config/alexsmobs/mimic_octopus_spawns.json'
rm 'servidor_minecraft/config/alexsmobs/mimicube_spawns.json'
rm 'servidor_minecraft/config/alexsmobs/moose_spawns.json'
rm 'servidor_minecraft/config/alexsmobs/mudskipper_spawns.json'
rm 'servidor_minecraft/config/alexsmobs/mungus_spawns.json'
rm 'servidor_minecraft/config/alexsmobs/murmur.json'
rm 'servidor_minecraft/config/alexsmobs/orca_spawns.json'
rm 'servidor_minecraft/config/alexsmobs/platypus_spawns.json'
rm 'servidor_minecraft/config/alexsmobs/potoo_spawns.json'
rm 'servidor_minecraft/config/alexsmobs/raccoon_spawns.json'
rm 'servidor_minecraft/config/alexsmobs/rain_frog_spawns.json'
rm 'servidor_minecraft/config/alexsmobs/rattlesnake_spawns.json'
rm 'servidor_minecraft/config/alexsmobs/rhinoceros_spawns.json'
rm 'servidor_minecraft/config/alexsmobs/roadrunner_spawns.json'
rm 'servidor_minecraft/config/alexsmobs/rocky_roller_spawns.json'
rm 'servidor_minecraft/config/alexsmobs/seagull_spawns.json'
rm 'servidor_minecraft/config/alexsmobs/seal_spawns.json'
rm 'servidor_minecraft/config/alexsmobs/shoebill_spawns.json'
rm 'servidor_minecraft/config/alexsmobs/skelewag_spawns.json'
rm 'servidor_minecraft/config/alexsmobs/skreecher.json'
rm 'servidor_minecraft/config/alexsmobs/skunk_spawns.json'
rm 'servidor_minecraft/config/alexsmobs/snow_leopard_spawns.json'
rm 'servidor_minecraft/config/alexsmobs/soul_vulture_spawns.json'
rm 'servidor_minecraft/config/alexsmobs/spectre_spawns.json'
rm 'servidor_minecraft/config/alexsmobs/straddler_spawns.json'
rm 'servidor_minecraft/config/alexsmobs/stradpole_spawns.json'
rm 'servidor_minecraft/config/alexsmobs/sugar_glider_spawns.json'
rm 'servidor_minecraft/config/alexsmobs/sunbird_spawns.json'
rm 'servidor_minecraft/config/alexsmobs/tarantula_hawk_spawns.json'
rm 'servidor_minecraft/config/alexsmobs/tasmanian_devil_spawns.json'
rm 'servidor_minecraft/config/alexsmobs/terrapin_spawns.json'
rm 'servidor_minecraft/config/alexsmobs/tiger_spawns.json'
rm 'servidor_minecraft/config/alexsmobs/toucan_spawns.json'
rm 'servidor_minecraft/config/alexsmobs/triops_spawns.json'
rm 'servidor_minecraft/config/alexsmobs/tusklin_spawns.json'
rm 'servidor_minecraft/config/alexsmobs/underminer.json'
rm 'servidor_minecraft/config/alexsmobs/void_worm_spawns.json'
rm 'servidor_minecraft/config/alexsmobs/warped_mosco_spawns.json'
rm 'servidor_minecraft/config/alexsmobs/warped_toad_spawns.json'
rm 'servidor_minecraft/config/aoa3/integrations_config.toml'
rm 'servidor_minecraft/config/apotheosis/adventure.cfg'
rm 'servidor_minecraft/config/apotheosis/apotheosis.cfg'
rm 'servidor_minecraft/config/apotheosis/ench.cfg'
rm 'servidor_minecraft/config/apotheosis/enchantments.cfg'
rm 'servidor_minecraft/config/apotheosis/garden.cfg'
rm 'servidor_minecraft/config/apotheosis/names.cfg'
rm 'servidor_minecraft/config/apotheosis/potion.cfg'
rm 'servidor_minecraft/config/apotheosis/spawner.cfg'
rm 'servidor_minecraft/config/apotheosis/village.cfg'
rm 'servidor_minecraft/config/attributeslib.cfg'
rm 'servidor_minecraft/config/balm-common.toml'
rm 'servidor_minecraft/config/bettercombat/fallback_compatibility.json'
rm 'servidor_minecraft/config/bettercombat/server.json5'
rm 'servidor_minecraft/config/carryon-common.toml'
rm 'servidor_minecraft/config/cataclysm.toml'
rm 'servidor_minecraft/config/cataclysm/amethyst_crab_spawns.json'
rm 'servidor_minecraft/config/cataclysm/coral_golem_spawns.json'
rm 'servidor_minecraft/config/cataclysm/deepling_angler_spawns.json'
rm 'servidor_minecraft/config/cataclysm/deepling_brute_spawns.json'
rm 'servidor_minecraft/config/cataclysm/deepling_priest_spawns.json'
rm 'servidor_minecraft/config/cataclysm/deepling_spawns.json'
rm 'servidor_minecraft/config/cataclysm/deepling_warlock_spawns.json'
rm 'servidor_minecraft/config/cataclysm/koboleton_spawns.json'
rm 'servidor_minecraft/config/citadel-common.toml'
rm 'servidor_minecraft/config/combatroll/enchantments.json'
rm 'servidor_minecraft/config/combatroll/server.json5'
rm 'servidor_minecraft/config/curios-common.toml'
rm 'servidor_minecraft/config/embeddium-mixins.properties'
rm 'servidor_minecraft/config/embeddium-options.json'
rm 'servidor_minecraft/config/epicknights/armor.json5'
rm 'servidor_minecraft/config/epicknights/general.json5'
rm 'servidor_minecraft/config/epicknights/mobs_equipment.json5'
rm 'servidor_minecraft/config/epicknights/shields.json5'
rm 'servidor_minecraft/config/epicknights/weapons.json5'
rm 'servidor_minecraft/config/ferritecore-mixin.toml'
rm 'servidor_minecraft/config/fml.toml'
rm 'servidor_minecraft/config/iceandfire-common.toml'
rm 'servidor_minecraft/config/iceandfire/amphithere_biomes.json'
rm 'servidor_minecraft/config/iceandfire/cockatrice_biomes.json'
rm 'servidor_minecraft/config/iceandfire/cyclops_cave_biomes.json'
rm 'servidor_minecraft/config/iceandfire/deathworm_biomes.json'
rm 'servidor_minecraft/config/iceandfire/desert_myrmex_biomes.json'
rm 'servidor_minecraft/config/iceandfire/fire_dragon_biomes.json'
rm 'servidor_minecraft/config/iceandfire/fire_dragon_cave_biomes.json'
rm 'servidor_minecraft/config/iceandfire/fire_dragon_skeleton_biomes.json'
rm 'servidor_minecraft/config/iceandfire/fire_lily_biomes.json'
rm 'servidor_minecraft/config/iceandfire/forest_troll_biomes.json'
rm 'servidor_minecraft/config/iceandfire/frost_lily_biomes.json'
rm 'servidor_minecraft/config/iceandfire/gorgon_temple_biomes.json'
rm 'servidor_minecraft/config/iceandfire/graveyard_biomes.json'
rm 'servidor_minecraft/config/iceandfire/hippocampus_biomes.json'
rm 'servidor_minecraft/config/iceandfire/hippogryph_biomes.json'
rm 'servidor_minecraft/config/iceandfire/hippogryph_black_biomes.json'
rm 'servidor_minecraft/config/iceandfire/hippogryph_brown_biomes.json'
rm 'servidor_minecraft/config/iceandfire/hippogryph_chestnut_biomes.json'
rm 'servidor_minecraft/config/iceandfire/hippogryph_creamy_biomes.json'
rm 'servidor_minecraft/config/iceandfire/hippogryph_dark_brown_biomes.json'
rm 'servidor_minecraft/config/iceandfire/hippogryph_gray_biomes.json'
rm 'servidor_minecraft/config/iceandfire/hippogryph_white_biomes.json'
rm 'servidor_minecraft/config/iceandfire/hydra_cave_biomes.json'
rm 'servidor_minecraft/config/iceandfire/ice_dragon_biomes.json'
rm 'servidor_minecraft/config/iceandfire/ice_dragon_cave_biomes.json'
rm 'servidor_minecraft/config/iceandfire/ice_dragon_skeleton_biomes.json'
rm 'servidor_minecraft/config/iceandfire/jungle_myrmex_biomes.json'
rm 'servidor_minecraft/config/iceandfire/lightning_dragon_biomes.json'
rm 'servidor_minecraft/config/iceandfire/lightning_dragon_cave_biomes.json'
rm 'servidor_minecraft/config/iceandfire/lightning_dragon_skeleton_biomes.json'
rm 'servidor_minecraft/config/iceandfire/lightning_lily_biomes.json'
rm 'servidor_minecraft/config/iceandfire/mausoleum_biomes.json'
rm 'servidor_minecraft/config/iceandfire/mountain_troll_biomes.json'
rm 'servidor_minecraft/config/iceandfire/ore_gen_biomes.json'
rm 'servidor_minecraft/config/iceandfire/pixie_village_biomes.json'
rm 'servidor_minecraft/config/iceandfire/sapphire_gen_biomes.json'
rm 'servidor_minecraft/config/iceandfire/sea_serpent_biomes.json'
rm 'servidor_minecraft/config/iceandfire/siren_biomes.json'
rm 'servidor_minecraft/config/iceandfire/snowy_troll_biomes.json'
rm 'servidor_minecraft/config/iceandfire/stymphalian_bird_biomes.json'
rm 'servidor_minecraft/config/iceandfire/wandering_cyclops_biomes.json'
rm 'servidor_minecraft/config/immediatelyfast.json'
rm 'servidor_minecraft/config/inventorypets-common.toml'
rm 'servidor_minecraft/config/jade/server-plugin-overrides.json'
rm 'servidor_minecraft/config/jade/sort-order.json'
rm 'servidor_minecraft/config/jeresources-common.toml'
rm 'servidor_minecraft/config/jeresources.toml'
rm 'servidor_minecraft/config/just_leveling-common.toml'
rm 'servidor_minecraft/config/lithium.properties'
rm 'servidor_minecraft/config/majruszlibrary.json'
rm 'servidor_minecraft/config/majruszsdifficulty.json'
rm 'servidor_minecraft/config/majruszsenchantments.json'
rm 'servidor_minecraft/config/mca.json'
rm 'servidor_minecraft/config/mysticsbiomes-common.toml'
rm 'servidor_minecraft/config/playerrevive.json'
rm 'servidor_minecraft/config/sodium-extra.properties'
rm 'servidor_minecraft/config/spawnermod.json'
rm 'servidor_minecraft/config/structure_gel-common.toml'
rm 'servidor_minecraft/config/tact-common.toml'
rm 'servidor_minecraft/config/terrablender.toml'
rm 'servidor_minecraft/config/tetra.toml'
rm 'servidor_minecraft/config/theoneprobe-common.toml'
rm 'servidor_minecraft/config/tombstone-common.toml'
rm 'servidor_minecraft/config/tombstone-server.toml'
rm 'servidor_minecraft/config/trashslot-common.toml'
rm 'servidor_minecraft/config/travelersbackpack-common.toml'
rm 'servidor_minecraft/config/yacl.json5'
rm 'servidor_minecraft/configuracion.json'
rm 'servidor_minecraft/crash-reports/crash-2024-08-01_03.17.33-server.txt'
rm 'servidor_minecraft/crash-reports/crash-2024-08-01_03.24.36-server.txt'
rm 'servidor_minecraft/crash-reports/crash-2024-08-01_03.33.05-server.txt'
rm 'servidor_minecraft/eula.txt'
rm 'servidor_minecraft/forge.jar'
rm 'servidor_minecraft/forge.jar.log'
rm 'servidor_minecraft/journeymap/server/5.10/journeymap.server.aoa3~barathos.config'
rm 'servidor_minecraft/journeymap/server/5.10/journeymap.server.aoa3~deeplands.config'
rm 'servidor_minecraft/journeymap/server/5.10/journeymap.server.aoa3~lborean.config'
rm 'servidor_minecraft/journeymap/server/5.10/journeymap.server.aoa3~lelyetia.config'
rm 'servidor_minecraft/journeymap/server/5.10/journeymap.server.aoa3~nowhere.config'
rm 'servidor_minecraft/journeymap/server/5.10/journeymap.server.aoa3~precasia.config'
rm 'servidor_minecraft/journeymap/server/5.10/journeymap.server.aoa3~precasia_backup.config'
rm 'servidor_minecraft/journeymap/server/5.10/journeymap.server.deeperdarker~otherside.config'
rm 'servidor_minecraft/journeymap/server/5.10/journeymap.server.default.config'
rm 'servidor_minecraft/journeymap/server/5.10/journeymap.server.global.config'
rm 'servidor_minecraft/journeymap/server/5.10/journeymap.server.minecraft~overworld.config'
rm 'servidor_minecraft/journeymap/server/5.10/journeymap.server.minecraft~the_end.config'
rm 'servidor_minecraft/journeymap/server/5.10/journeymap.server.minecraft~the_nether.config'
rm 'servidor_minecraft/journeymap/server/5.10/journeymap.server.world~madnessdimension.config'
rm 'servidor_minecraft/journeymap/server/5.10/journeymap.server.world~worldtest_1.config'
rm 'servidor_minecraft/libraries/com/electronwill/night-config/core/3.6.4/core-3.6.4.jar'
rm 'servidor_minecraft/libraries/com/electronwill/night-config/toml/3.6.4/toml-3.6.4.jar'
rm 'servidor_minecraft/libraries/com/github/jponge/lzma-java/1.3/lzma-java-1.3.jar'
rm 'servidor_minecraft/libraries/com/github/oshi/oshi-core/6.2.2/oshi-core-6.2.2.jar'
rm 'servidor_minecraft/libraries/com/google/code/findbugs/jsr305/3.0.2/jsr305-3.0.2.jar'
rm 'servidor_minecraft/libraries/com/google/code/gson/gson/2.10/gson-2.10.jar'
rm 'servidor_minecraft/libraries/com/google/code/gson/gson/2.8.7/gson-2.8.7.jar'
rm 'servidor_minecraft/libraries/com/google/errorprone/error_prone_annotations/2.1.3/error_prone_annotations-2.1.3.jar'
rm 'servidor_minecraft/libraries/com/google/guava/failureaccess/1.0.1/failureaccess-1.0.1.jar'
rm 'servidor_minecraft/libraries/com/google/guava/guava/20.0/guava-20.0.jar'
rm 'servidor_minecraft/libraries/com/google/guava/guava/25.1-jre/guava-25.1-jre.jar'
rm 'servidor_minecraft/libraries/com/google/guava/guava/31.1-jre/guava-31.1-jre.jar'
rm 'servidor_minecraft/libraries/com/google/j2objc/j2objc-annotations/1.1/j2objc-annotations-1.1.jar'
rm 'servidor_minecraft/libraries/com/mojang/authlib/4.0.43/authlib-4.0.43.jar'
rm 'servidor_minecraft/libraries/com/mojang/brigadier/1.1.8/brigadier-1.1.8.jar'
rm 'servidor_minecraft/libraries/com/mojang/datafixerupper/6.0.8/datafixerupper-6.0.8.jar'
rm 'servidor_minecraft/libraries/com/mojang/logging/1.1.1/logging-1.1.1.jar'
rm 'servidor_minecraft/libraries/com/nothome/javaxdelta/2.0.1/javaxdelta-2.0.1.jar'
rm 'servidor_minecraft/libraries/com/opencsv/opencsv/4.4/opencsv-4.4.jar'
rm 'servidor_minecraft/libraries/commons-beanutils/commons-beanutils/1.9.3/commons-beanutils-1.9.3.jar'
rm 'servidor_minecraft/libraries/commons-collections/commons-collections/3.2.2/commons-collections-3.2.2.jar'
rm 'servidor_minecraft/libraries/commons-io/commons-io/2.11.0/commons-io-2.11.0.jar'
rm 'servidor_minecraft/libraries/commons-io/commons-io/2.4/commons-io-2.4.jar'
rm 'servidor_minecraft/libraries/commons-logging/commons-logging/1.2/commons-logging-1.2.jar'
rm 'servidor_minecraft/libraries/cpw/mods/bootstraplauncher/1.1.2/bootstraplauncher-1.1.2.jar'
rm 'servidor_minecraft/libraries/cpw/mods/modlauncher/10.0.9/modlauncher-10.0.9.jar'
rm 'servidor_minecraft/libraries/cpw/mods/securejarhandler/2.1.10/securejarhandler-2.1.10.jar'
rm 'servidor_minecraft/libraries/de/oceanlabs/mcp/mcp_config/1.20.1-20230612.114412/mcp_config-1.20.1-20230612.114412-mappings-merged.txt'
rm 'servidor_minecraft/libraries/de/oceanlabs/mcp/mcp_config/1.20.1-20230612.114412/mcp_config-1.20.1-20230612.114412-mappings.txt'
rm 'servidor_minecraft/libraries/de/oceanlabs/mcp/mcp_config/1.20.1-20230612.114412/mcp_config-1.20.1-20230612.114412.zip'
rm 'servidor_minecraft/libraries/de/siegmar/fastcsv/2.0.0/fastcsv-2.0.0.jar'
rm 'servidor_minecraft/libraries/io/netty/netty-buffer/4.1.82.Final/netty-buffer-4.1.82.Final.jar'
rm 'servidor_minecraft/libraries/io/netty/netty-codec/4.1.82.Final/netty-codec-4.1.82.Final.jar'
rm 'servidor_minecraft/libraries/io/netty/netty-common/4.1.82.Final/netty-common-4.1.82.Final.jar'
rm 'servidor_minecraft/libraries/io/netty/netty-handler/4.1.82.Final/netty-handler-4.1.82.Final.jar'
rm 'servidor_minecraft/libraries/io/netty/netty-resolver/4.1.82.Final/netty-resolver-4.1.82.Final.jar'
rm 'servidor_minecraft/libraries/io/netty/netty-transport-classes-epoll/4.1.82.Final/netty-transport-classes-epoll-4.1.82.Final.jar'
rm 'servidor_minecraft/libraries/io/netty/netty-transport-native-epoll/4.1.82.Final/netty-transport-native-epoll-4.1.82.Final-linux-aarch_64.jar'
rm 'servidor_minecraft/libraries/io/netty/netty-transport-native-epoll/4.1.82.Final/netty-transport-native-epoll-4.1.82.Final-linux-x86_64.jar'
rm 'servidor_minecraft/libraries/io/netty/netty-transport-native-unix-common/4.1.82.Final/netty-transport-native-unix-common-4.1.82.Final.jar'
rm 'servidor_minecraft/libraries/io/netty/netty-transport/4.1.82.Final/netty-transport-4.1.82.Final.jar'
rm 'servidor_minecraft/libraries/it/unimi/dsi/fastutil/8.5.9/fastutil-8.5.9.jar'
rm 'servidor_minecraft/libraries/net/java/dev/jna/jna-platform/5.12.1/jna-platform-5.12.1.jar'
rm 'servidor_minecraft/libraries/net/java/dev/jna/jna/5.12.1/jna-5.12.1.jar'
rm 'servidor_minecraft/libraries/net/jodah/typetools/0.6.3/typetools-0.6.3.jar'
rm 'servidor_minecraft/libraries/net/md-5/SpecialSource/1.11.0/SpecialSource-1.11.0.jar'
rm 'servidor_minecraft/libraries/net/minecraft/server/1.20.1-20230612.114412/server-1.20.1-20230612.114412-extra.jar'
rm 'servidor_minecraft/libraries/net/minecraft/server/1.20.1-20230612.114412/server-1.20.1-20230612.114412-extra.jar.cache'
rm 'servidor_minecraft/libraries/net/minecraft/server/1.20.1-20230612.114412/server-1.20.1-20230612.114412-mappings.txt'
rm 'servidor_minecraft/libraries/net/minecraft/server/1.20.1-20230612.114412/server-1.20.1-20230612.114412-slim.jar'
rm 'servidor_minecraft/libraries/net/minecraft/server/1.20.1-20230612.114412/server-1.20.1-20230612.114412-slim.jar.cache'
rm 'servidor_minecraft/libraries/net/minecraft/server/1.20.1-20230612.114412/server-1.20.1-20230612.114412-srg.jar'
rm 'servidor_minecraft/libraries/net/minecraft/server/1.20.1-20230612.114412/server-1.20.1-20230612.114412-unpacked.jar'
rm 'servidor_minecraft/libraries/net/minecraft/server/1.20.1/server-1.20.1.jar'
rm 'servidor_minecraft/libraries/net/minecraftforge/ForgeAutoRenamingTool/0.1.22/ForgeAutoRenamingTool-0.1.22-all.jar'
rm 'servidor_minecraft/libraries/net/minecraftforge/JarJarFileSystems/0.3.19/JarJarFileSystems-0.3.19.jar'
rm 'servidor_minecraft/libraries/net/minecraftforge/JarJarMetadata/0.3.19/JarJarMetadata-0.3.19.jar'
rm 'servidor_minecraft/libraries/net/minecraftforge/JarJarSelector/0.3.19/JarJarSelector-0.3.19.jar'
rm 'servidor_minecraft/libraries/net/minecraftforge/accesstransformers/8.0.4/accesstransformers-8.0.4.jar'
rm 'servidor_minecraft/libraries/net/minecraftforge/binarypatcher/1.1.1/binarypatcher-1.1.1.jar'
rm 'servidor_minecraft/libraries/net/minecraftforge/coremods/5.0.1/coremods-5.0.1.jar'
rm 'servidor_minecraft/libraries/net/minecraftforge/eventbus/6.0.5/eventbus-6.0.5.jar'
rm 'servidor_minecraft/libraries/net/minecraftforge/fmlcore/1.20.1-47.2.0/fmlcore-1.20.1-47.2.0.jar'
rm 'servidor_minecraft/libraries/net/minecraftforge/fmlearlydisplay/1.20.1-47.2.0/fmlearlydisplay-1.20.1-47.2.0.jar'
rm 'servidor_minecraft/libraries/net/minecraftforge/fmlloader/1.20.1-47.2.0/fmlloader-1.20.1-47.2.0.jar'
rm 'servidor_minecraft/libraries/net/minecraftforge/forge/1.20.1-47.2.0/forge-1.20.1-47.2.0-server.jar'
rm 'servidor_minecraft/libraries/net/minecraftforge/forge/1.20.1-47.2.0/forge-1.20.1-47.2.0-universal.jar'
rm 'servidor_minecraft/libraries/net/minecraftforge/forge/1.20.1-47.2.0/unix_args.txt'
rm 'servidor_minecraft/libraries/net/minecraftforge/forge/1.20.1-47.2.0/win_args.txt'
rm 'servidor_minecraft/libraries/net/minecraftforge/forgespi/7.0.1/forgespi-7.0.1.jar'
rm 'servidor_minecraft/libraries/net/minecraftforge/installertools/1.3.0/installertools-1.3.0.jar'
rm 'servidor_minecraft/libraries/net/minecraftforge/jarsplitter/1.1.4/jarsplitter-1.1.4.jar'
rm 'servidor_minecraft/libraries/net/minecraftforge/javafmllanguage/1.20.1-47.2.0/javafmllanguage-1.20.1-47.2.0.jar'
rm 'servidor_minecraft/libraries/net/minecraftforge/lowcodelanguage/1.20.1-47.2.0/lowcodelanguage-1.20.1-47.2.0.jar'
rm 'servidor_minecraft/libraries/net/minecraftforge/mclanguage/1.20.1-47.2.0/mclanguage-1.20.1-47.2.0.jar'
rm 'servidor_minecraft/libraries/net/minecraftforge/mergetool/1.1.5/mergetool-1.1.5-api.jar'
rm 'servidor_minecraft/libraries/net/minecraftforge/srgutils/0.4.11/srgutils-0.4.11.jar'
rm 'servidor_minecraft/libraries/net/minecraftforge/srgutils/0.4.3/srgutils-0.4.3.jar'
rm 'servidor_minecraft/libraries/net/minecraftforge/srgutils/0.4.9/srgutils-0.4.9.jar'
rm 'servidor_minecraft/libraries/net/minecraftforge/unsafe/0.2.0/unsafe-0.2.0.jar'
rm 'servidor_minecraft/libraries/net/minecrell/terminalconsoleappender/1.2.0/terminalconsoleappender-1.2.0.jar'
rm 'servidor_minecraft/libraries/net/sf/jopt-simple/jopt-simple/5.0.4/jopt-simple-5.0.4.jar'
rm 'servidor_minecraft/libraries/net/sf/jopt-simple/jopt-simple/6.0-alpha-3/jopt-simple-6.0-alpha-3.jar'
rm 'servidor_minecraft/libraries/org/antlr/antlr4-runtime/4.9.1/antlr4-runtime-4.9.1.jar'
rm 'servidor_minecraft/libraries/org/apache/commons/commons-collections4/4.2/commons-collections4-4.2.jar'
rm 'servidor_minecraft/libraries/org/apache/commons/commons-lang3/3.12.0/commons-lang3-3.12.0.jar'
rm 'servidor_minecraft/libraries/org/apache/commons/commons-lang3/3.8.1/commons-lang3-3.8.1.jar'
rm 'servidor_minecraft/libraries/org/apache/commons/commons-text/1.3/commons-text-1.3.jar'
rm 'servidor_minecraft/libraries/org/apache/logging/log4j/log4j-api/2.19.0/log4j-api-2.19.0.jar'
rm 'servidor_minecraft/libraries/org/apache/logging/log4j/log4j-core/2.19.0/log4j-core-2.19.0.jar'
rm 'servidor_minecraft/libraries/org/apache/logging/log4j/log4j-slf4j2-impl/2.19.0/log4j-slf4j2-impl-2.19.0.jar'
rm 'servidor_minecraft/libraries/org/apache/maven/maven-artifact/3.8.5/maven-artifact-3.8.5.jar'
rm 'servidor_minecraft/libraries/org/checkerframework/checker-qual/2.0.0/checker-qual-2.0.0.jar'
rm 'servidor_minecraft/libraries/org/codehaus/mojo/animal-sniffer-annotations/1.14/animal-sniffer-annotations-1.14.jar'
rm 'servidor_minecraft/libraries/org/jline/jline-reader/3.12.1/jline-reader-3.12.1.jar'
rm 'servidor_minecraft/libraries/org/jline/jline-terminal/3.12.1/jline-terminal-3.12.1.jar'
rm 'servidor_minecraft/libraries/org/joml/joml/1.10.5/joml-1.10.5.jar'
rm 'servidor_minecraft/libraries/org/openjdk/nashorn/nashorn-core/15.3/nashorn-core-15.3.jar'
rm 'servidor_minecraft/libraries/org/ow2/asm/asm-analysis/9.2/asm-analysis-9.2.jar'
rm 'servidor_minecraft/libraries/org/ow2/asm/asm-analysis/9.3/asm-analysis-9.3.jar'
rm 'servidor_minecraft/libraries/org/ow2/asm/asm-analysis/9.5/asm-analysis-9.5.jar'
rm 'servidor_minecraft/libraries/org/ow2/asm/asm-commons/9.2/asm-commons-9.2.jar'
rm 'servidor_minecraft/libraries/org/ow2/asm/asm-commons/9.3/asm-commons-9.3.jar'
rm 'servidor_minecraft/libraries/org/ow2/asm/asm-commons/9.5/asm-commons-9.5.jar'
rm 'servidor_minecraft/libraries/org/ow2/asm/asm-tree/9.2/asm-tree-9.2.jar'
rm 'servidor_minecraft/libraries/org/ow2/asm/asm-tree/9.3/asm-tree-9.3.jar'
rm 'servidor_minecraft/libraries/org/ow2/asm/asm-tree/9.5/asm-tree-9.5.jar'
rm 'servidor_minecraft/libraries/org/ow2/asm/asm-util/9.5/asm-util-9.5.jar'
rm 'servidor_minecraft/libraries/org/ow2/asm/asm/9.2/asm-9.2.jar'
rm 'servidor_minecraft/libraries/org/ow2/asm/asm/9.3/asm-9.3.jar'
rm 'servidor_minecraft/libraries/org/ow2/asm/asm/9.5/asm-9.5.jar'
rm 'servidor_minecraft/libraries/org/slf4j/slf4j-api/2.0.1/slf4j-api-2.0.1.jar'
rm 'servidor_minecraft/libraries/org/spongepowered/mixin/0.8.5/mixin-0.8.5.jar'
rm 'servidor_minecraft/libraries/trove/trove/1.0.2/trove-1.0.2.jar'
rm 'servidor_minecraft/logs/2024-07-22-10.log.gz'
rm 'servidor_minecraft/logs/2024-07-22-11.log.gz'
rm 'servidor_minecraft/logs/2024-07-22-12.log.gz'
rm 'servidor_minecraft/logs/2024-07-22-2.log.gz'
rm 'servidor_minecraft/logs/2024-07-22-3.log.gz'
rm 'servidor_minecraft/logs/2024-07-22-4.log.gz'
rm 'servidor_minecraft/logs/2024-07-22-5.log.gz'
rm 'servidor_minecraft/logs/2024-07-22-6.log.gz'
rm 'servidor_minecraft/logs/2024-07-22-7.log.gz'
rm 'servidor_minecraft/logs/2024-07-22-8.log.gz'
rm 'servidor_minecraft/logs/2024-07-22-9.log.gz'
rm 'servidor_minecraft/logs/2024-07-24-2.log.gz'
rm 'servidor_minecraft/logs/2024-07-24-3.log.gz'
rm 'servidor_minecraft/logs/2024-07-25-2.log.gz'
rm 'servidor_minecraft/logs/2024-07-25-3.log.gz'
rm 'servidor_minecraft/logs/2024-08-01-2.log.gz'
rm 'servidor_minecraft/logs/2024-08-01-3.log.gz'
rm 'servidor_minecraft/logs/2024-08-01-4.log.gz'
rm 'servidor_minecraft/logs/2024-08-01-5.log.gz'
rm 'servidor_minecraft/logs/2024-09-28-2.log.gz'
rm 'servidor_minecraft/logs/2024-10-21-1.log.gz'
rm 'servidor_minecraft/logs/2024-10-21-2.log.gz'
rm 'servidor_minecraft/logs/2024-10-21-3.log.gz'
rm 'servidor_minecraft/logs/2024-10-21-4.log.gz'
rm 'servidor_minecraft/logs/2024-10-21-5.log.gz'
rm 'servidor_minecraft/logs/2024-10-21-6.log.gz'
rm 'servidor_minecraft/logs/2024-10-21-7.log.gz'
rm 'servidor_minecraft/logs/2024-10-21-8.log.gz'
rm 'servidor_minecraft/logs/2024-10-22-2.log.gz'
rm 'servidor_minecraft/logs/2024-10-22-3.log.gz'
rm 'servidor_minecraft/logs/2024-10-22-4.log.gz'
rm 'servidor_minecraft/logs/2024-10-23-1.log.gz'
rm 'servidor_minecraft/logs/2024-10-24-2.log.gz'
rm 'servidor_minecraft/logs/debug-1.log.gz'
rm 'servidor_minecraft/logs/debug-2.log.gz'
rm 'servidor_minecraft/logs/debug-3.log.gz'
rm 'servidor_minecraft/logs/debug-4.log.gz'
rm 'servidor_minecraft/logs/debug-5.log.gz'
rm 'servidor_minecraft/logs/debug.log'
rm 'servidor_minecraft/logs/latest.log'
rm 'servidor_minecraft/modgest_config.json'
rm 'servidor_minecraft/modgest_debian_x64'
rm 'servidor_minecraft/mods/Apotheosis-1.20.1-7.4.0.jar'
rm 'servidor_minecraft/mods/ApothicAttributes-1.20.1-1.3.5.jar'
rm 'servidor_minecraft/mods/Bookshelf-Forge-1.20.1-20.2.13.jar'
rm 'servidor_minecraft/mods/ConfigurableCane-1.20-2.5.2.jar'
rm 'servidor_minecraft/mods/CreativeCore_FORGE_v2.11.31_mc1.20.1.jar'
rm 'servidor_minecraft/mods/DungeonsArise-1.20.x-2.1.58-release.jar'
rm 'servidor_minecraft/mods/EnchantmentDescriptions-Forge-1.20.1-17.0.16.jar'
rm 'servidor_minecraft/mods/ImmediatelyFast-Forge-1.2.8+1.20.4.jar'
rm 'servidor_minecraft/mods/Incendium_1.20.x_v5.3.5.jar'
rm 'servidor_minecraft/mods/Jade-1.20.1-forge-11.9.4.jar'
rm 'servidor_minecraft/mods/JustEnoughResources-1.20.1-1.4.0.247.jar'
rm 'servidor_minecraft/mods/KOTM-CaliganBetaUpdate.jar'
rm 'servidor_minecraft/mods/L_Enders_Cataclysm-1.99.6-1.20.1.jar'
rm 'servidor_minecraft/mods/MaxHealthFix-Forge-1.20.1-12.0.3.jar'
rm 'servidor_minecraft/mods/Patchouli-1.20.1-84-FORGE.jar'
rm 'servidor_minecraft/mods/Placebo-1.20.1-8.6.2.jar'
rm 'servidor_minecraft/mods/PlayerRevive_FORGE_v2.0.25_mc1.20.1.jar'
rm 'servidor_minecraft/mods/Structory_1.20.x_v1.3.5.jar'
rm 'servidor_minecraft/mods/TaxCastlePillager+M.1.20.1+ForM.1.0.1.jar'
rm 'servidor_minecraft/mods/TerraBlender-forge-1.20.1-3.0.1.7.jar'
rm 'servidor_minecraft/mods/YetAnotherConfigLib-3.5.0+1.20.1-forge.jar'
rm 'servidor_minecraft/mods/alexscaves-2.0.0.jar'
rm 'servidor_minecraft/mods/alexsmobs-1.22.8.jar'
rm 'servidor_minecraft/mods/aquamirae-6.API15.jar'
rm 'servidor_minecraft/mods/architectury-9.2.14-forge.jar'
rm 'servidor_minecraft/mods/balm-forge-1.20.1-7.3.6-all.jar'
rm 'servidor_minecraft/mods/born_in_chaos_[Forge]1.20.1_1.3.1.jar'
rm 'servidor_minecraft/mods/carryon-forge-1.20.1-2.1.2.7.jar'
rm 'servidor_minecraft/mods/citadel-2.6.0-1.20.1.jar'
rm 'servidor_minecraft/mods/cloth-config-11.1.118-forge.jar'
rm 'servidor_minecraft/mods/combatroll-forge-1.3.2+1.20.1.jar'
rm 'servidor_minecraft/mods/curios-forge-5.9.1+1.20.1.jar'
rm 'servidor_minecraft/mods/deeperdarker-forge-1.20.1-1.2.1.jar'
rm 'servidor_minecraft/mods/elenaidodge2-1.1.jar'
rm 'servidor_minecraft/mods/embeddium-0.3.24+mc1.20.1.jar'
rm 'servidor_minecraft/mods/feathers-1.1.jar'
rm 'servidor_minecraft/mods/ferritecore-6.0.1-forge.jar'
rm 'servidor_minecraft/mods/geckolib-forge-1.20.1-4.4.7.jar'
rm 'servidor_minecraft/mods/iceandfire-2.1.13-1.20.1-beta-5.jar'
rm 'servidor_minecraft/mods/inventorypets-1.20.1-2.1.2.jar'
rm 'servidor_minecraft/mods/jei-1.20.1-forge-15.3.0.8.jar'
rm 'servidor_minecraft/mods/journeymap-1.20.1-5.10.0-forge.jar'
rm 'servidor_minecraft/mods/justleveling-forge-1.20.x-v1.7.jar'
rm 'servidor_minecraft/mods/lionfishapi-1.9.jar'
rm 'servidor_minecraft/mods/loot_journal-3.1.1.jar'
rm 'servidor_minecraft/mods/majrusz-library-forge-1.20.1-7.0.8.jar'
rm 'servidor_minecraft/mods/majruszs-difficulty-forge-1.20.1-1.9.10.jar'
rm 'servidor_minecraft/mods/majruszs-enchantments-forge-1.20.1-1.10.8.jar'
rm 'servidor_minecraft/mods/mokels_witch_boss-1.0-forge-1.20.1.jar'
rm 'servidor_minecraft/mods/mutil-1.20.1-6.1.1.jar'
rm 'servidor_minecraft/mods/obscure_api-15.jar'
rm 'servidor_minecraft/mods/player-animation-lib-forge-1.0.2-rc1+1.20.jar'
rm 'servidor_minecraft/mods/plushie_buddies-0.1.1-1.20.1.jar'
rm 'servidor_minecraft/mods/polytone-1.20-2.3.3.jar'
rm 'servidor_minecraft/mods/radium-mc1.20.1-0.12.2+git.5f80f74.jar'
rm 'servidor_minecraft/mods/realmrpg_fallen_adventurers_1.0.3_forge_1.20.1.jar'
rm 'servidor_minecraft/mods/realmrpg_imps_and_demons_0.9.0_forge_1.20.1.jar'
rm 'servidor_minecraft/mods/rrls-4.0.6.1+mc1.20.1-forge.jar'
rm 'servidor_minecraft/mods/rubidium-extra-0.5.4.3+mc1.20.1-build.121.jar'
rm 'servidor_minecraft/mods/spawnermod-1.20.1-1.9.3+Forge.jar'
rm 'servidor_minecraft/mods/structure_gel-1.20.1-2.16.2.jar'
rm 'servidor_minecraft/mods/tact-1.2.0+1.20.1.jar'
rm 'servidor_minecraft/mods/tctcore-1.4-forge-1.20.1.jar'
rm 'servidor_minecraft/mods/tetra-1.20.1-6.4.0.jar'
rm 'servidor_minecraft/mods/the-conjurer-1.20.1-1.1.6.jar'
rm 'servidor_minecraft/mods/theoneprobe-1.20.1-10.0.2.jar'
rm 'servidor_minecraft/mods/tombstone-1.20.1-8.6.7.jar'
rm 'servidor_minecraft/mods/trashslot-forge-1.20-15.1.0.jar'
rm 'servidor_minecraft/mods/travelersbackpack-forge-1.20.1-9.1.14.jar'
rm 'servidor_minecraft/mods/warriors_of_past_epoch_[Forge]_1.20.1_1.3.jar'
rm 'servidor_minecraft/ops.json'
rm 'servidor_minecraft/playit.status'
rm 'servidor_minecraft/playit.tunnels'
rm 'servidor_minecraft/run.bat'
rm 'servidor_minecraft/run.sh'
rm 'servidor_minecraft/server.properties'
rm 'servidor_minecraft/user_jvm_args.txt'
rm 'servidor_minecraft/usercache.json'
rm 'servidor_minecraft/usernamecache.json'
rm 'servidor_minecraft/whitelist.json'
rm 'servidor_minecraft/world/DIM-1/data/capabilities.dat'
rm 'servidor_minecraft/world/DIM-1/data/clearlagc_worldvars.dat'
rm 'servidor_minecraft/world/DIM-1/data/raids.dat'
rm 'servidor_minecraft/world/DIM1/data/capabilities.dat'
rm 'servidor_minecraft/world/DIM1/data/clearlagc_worldvars.dat'
rm 'servidor_minecraft/world/DIM1/data/raids_end.dat'
rm 'servidor_minecraft/world/advancements/43d79b3e-4afa-37fb-a395-aac4dcd856c6.json'
rm 'servidor_minecraft/world/advancements/9221eae4-d002-3ea6-a2ca-c4c421bfbe27.json'
rm 'servidor_minecraft/world/advancements/ed821a9b-cfc7-343b-9491-331781f0bba2.json'
rm 'servidor_minecraft/world/data/JMPlayerSettings.dat'
rm 'servidor_minecraft/world/data/WorldUUID.dat'
rm 'servidor_minecraft/world/data/alexsmobs_world_data.dat'
rm 'servidor_minecraft/world/data/capabilities.dat'
rm 'servidor_minecraft/world/data/cataclysm_world_data.dat'
rm 'servidor_minecraft/world/data/chunks.dat'
rm 'servidor_minecraft/world/data/citadel_world_data.dat'
rm 'servidor_minecraft/world/data/clearlagc_worldvars.dat'
rm 'servidor_minecraft/world/data/iceandfire_general.dat'
rm 'servidor_minecraft/world/data/idcounts.dat'
rm 'servidor_minecraft/world/data/majruszsdifficulty.dat'
rm 'servidor_minecraft/world/data/map_0.dat'
rm 'servidor_minecraft/world/data/map_1.dat'
rm 'servidor_minecraft/world/data/raids.dat'
rm 'servidor_minecraft/world/data/random_sequences.dat'
rm 'servidor_minecraft/world/data/scoreboard.dat'
rm 'servidor_minecraft/world/dimensions/deeperdarker/otherside/data/capabilities.dat'
rm 'servidor_minecraft/world/dimensions/deeperdarker/otherside/data/clearlagc_worldvars.dat'
rm 'servidor_minecraft/world/dimensions/deeperdarker/otherside/data/raids.dat'
rm 'servidor_minecraft/world/entities/r.-1.-1.mca'
rm 'servidor_minecraft/world/entities/r.-1.-2.mca'
rm 'servidor_minecraft/world/entities/r.-1.-3.mca'
rm 'servidor_minecraft/world/entities/r.-1.-4.mca'
rm 'servidor_minecraft/world/entities/r.-1.0.mca'
rm 'servidor_minecraft/world/entities/r.-1.1.mca'
rm 'servidor_minecraft/world/entities/r.-2.-1.mca'
rm 'servidor_minecraft/world/entities/r.-2.-3.mca'
rm 'servidor_minecraft/world/entities/r.-2.-4.mca'
rm 'servidor_minecraft/world/entities/r.-2.0.mca'
rm 'servidor_minecraft/world/entities/r.-2.1.mca'
rm 'servidor_minecraft/world/entities/r.0.-1.mca'
rm 'servidor_minecraft/world/entities/r.0.-2.mca'
rm 'servidor_minecraft/world/entities/r.0.-3.mca'
rm 'servidor_minecraft/world/entities/r.0.-4.mca'
rm 'servidor_minecraft/world/entities/r.0.0.mca'
rm 'servidor_minecraft/world/entities/r.1.-1.mca'
rm 'servidor_minecraft/world/entities/r.1.-2.mca'
rm 'servidor_minecraft/world/entities/r.1.-3.mca'
rm 'servidor_minecraft/world/entities/r.1.-4.mca'
rm 'servidor_minecraft/world/entities/r.2.-2.mca'
rm 'servidor_minecraft/world/entities/r.2.-3.mca'
rm 'servidor_minecraft/world/entities/r.2.-4.mca'
rm 'servidor_minecraft/world/entities/r.3.-3.mca'
rm 'servidor_minecraft/world/entities/r.3.-4.mca'
rm 'servidor_minecraft/world/level.dat'
rm 'servidor_minecraft/world/level.dat_old'
rm 'servidor_minecraft/world/playerdata/43d79b3e-4afa-37fb-a395-aac4dcd856c6.dat'
rm 'servidor_minecraft/world/playerdata/43d79b3e-4afa-37fb-a395-aac4dcd856c6.dat_old'
rm 'servidor_minecraft/world/playerdata/9221eae4-d002-3ea6-a2ca-c4c421bfbe27.dat'
rm 'servidor_minecraft/world/playerdata/9221eae4-d002-3ea6-a2ca-c4c421bfbe27.dat_old'
rm 'servidor_minecraft/world/playerdata/ed821a9b-cfc7-343b-9491-331781f0bba2.dat'
rm 'servidor_minecraft/world/playerdata/ed821a9b-cfc7-343b-9491-331781f0bba2.dat_old'
rm 'servidor_minecraft/world/poi/r.-1.-1.mca'
rm 'servidor_minecraft/world/poi/r.-1.-2.mca'
rm 'servidor_minecraft/world/poi/r.-1.-3.mca'
rm 'servidor_minecraft/world/poi/r.-1.-4.mca'
rm 'servidor_minecraft/world/poi/r.-1.0.mca'
rm 'servidor_minecraft/world/poi/r.-1.1.mca'
rm 'servidor_minecraft/world/poi/r.-2.-1.mca'
rm 'servidor_minecraft/world/poi/r.-2.-2.mca'
rm 'servidor_minecraft/world/poi/r.-2.-3.mca'
rm 'servidor_minecraft/world/poi/r.-2.-4.mca'
rm 'servidor_minecraft/world/poi/r.-2.0.mca'
rm 'servidor_minecraft/world/poi/r.-2.1.mca'
rm 'servidor_minecraft/world/poi/r.0.-1.mca'
rm 'servidor_minecraft/world/poi/r.0.-2.mca'
rm 'servidor_minecraft/world/poi/r.0.-3.mca'
rm 'servidor_minecraft/world/poi/r.0.-4.mca'
rm 'servidor_minecraft/world/poi/r.0.0.mca'
rm 'servidor_minecraft/world/poi/r.1.-1.mca'
rm 'servidor_minecraft/world/poi/r.1.-2.mca'
rm 'servidor_minecraft/world/poi/r.1.-3.mca'
rm 'servidor_minecraft/world/poi/r.1.-4.mca'
rm 'servidor_minecraft/world/poi/r.1.0.mca'
rm 'servidor_minecraft/world/poi/r.2.-2.mca'
rm 'servidor_minecraft/world/poi/r.2.-3.mca'
rm 'servidor_minecraft/world/poi/r.2.-4.mca'
rm 'servidor_minecraft/world/poi/r.3.-2.mca'
rm 'servidor_minecraft/world/poi/r.3.-3.mca'
rm 'servidor_minecraft/world/poi/r.3.-4.mca'
rm 'servidor_minecraft/world/region/r.-1.-1.mca'
rm 'servidor_minecraft/world/region/r.-1.-2.mca'
rm 'servidor_minecraft/world/region/r.-1.-3.mca'
rm 'servidor_minecraft/world/region/r.-1.-4.mca'
rm 'servidor_minecraft/world/region/r.-1.0.mca'
rm 'servidor_minecraft/world/region/r.-1.1.mca'
rm 'servidor_minecraft/world/region/r.-2.-1.mca'
rm 'servidor_minecraft/world/region/r.-2.-2.mca'
rm 'servidor_minecraft/world/region/r.-2.-3.mca'
rm 'servidor_minecraft/world/region/r.-2.-4.mca'
rm 'servidor_minecraft/world/region/r.-2.0.mca'
rm 'servidor_minecraft/world/region/r.-2.1.mca'
rm 'servidor_minecraft/world/region/r.0.-1.mca'
rm 'servidor_minecraft/world/region/r.0.-2.mca'
rm 'servidor_minecraft/world/region/r.0.-3.mca'
rm 'servidor_minecraft/world/region/r.0.-4.mca'
rm 'servidor_minecraft/world/region/r.0.0.mca'
rm 'servidor_minecraft/world/region/r.1.-1.mca'
rm 'servidor_minecraft/world/region/r.1.-2.mca'
rm 'servidor_minecraft/world/region/r.1.-3.mca'
rm 'servidor_minecraft/world/region/r.1.-4.mca'
rm 'servidor_minecraft/world/region/r.1.0.mca'
rm 'servidor_minecraft/world/region/r.2.-2.mca'
rm 'servidor_minecraft/world/region/r.2.-3.mca'
rm 'servidor_minecraft/world/region/r.2.-4.mca'
rm 'servidor_minecraft/world/region/r.3.-2.mca'
rm 'servidor_minecraft/world/region/r.3.-3.mca'
rm 'servidor_minecraft/world/region/r.3.-4.mca'
rm 'servidor_minecraft/world/serverconfig/configurablecane-server.toml'
rm 'servidor_minecraft/world/serverconfig/curios-server.toml'
rm 'servidor_minecraft/world/serverconfig/forge-server.toml'
rm 'servidor_minecraft/world/serverconfig/jei-server.toml'
rm 'servidor_minecraft/world/serverconfig/journeymap-server.toml'
rm 'servidor_minecraft/world/session.lock'
rm 'servidor_minecraft/world/stats/43d79b3e-4afa-37fb-a395-aac4dcd856c6.json'
rm 'servidor_minecraft/world/stats/9221eae4-d002-3ea6-a2ca-c4c421bfbe27.json'
rm 'servidor_minecraft/world/stats/ed821a9b-cfc7-343b-9491-331781f0bba2.json'
rm 'servidor_minecraft/world/tombstone/loottables/tombstone-pool-archaeology.json'
rm 'servidor_minecraft/world/tombstone/loottables/tombstone-pool-cat_morning.json'
rm 'servidor_minecraft/world/tombstone/loottables/tombstone-pool-chest_treasure.bak'
rm 'servidor_minecraft/world/tombstone/loottables/tombstone-pool-chest_treasure.json'
rm 'servidor_minecraft/world/tombstone/loottables/tombstone-pool-lost_treasure.json'
rm 'servidor_minecraft/world/tombstone/loottables/tombstone-pool-seeker_rod.json'
rm 'servidor_minecraft/world/tombstone/loottables/tombstone-pool-sniffer_digging.json'
rm 'servidor_minecraft/world/tombstone/loottables/tombstone-pool-undead_boss.json'
rm 'servidor_minecraft/world/tombstone/loottables/tombstone-pool-undead_mob.json'
rm 'servidor_minecraft/world/tombstone/saved_players/43d79b3e-4afa-37fb-a395-aac4dcd856c6/20241021-140013.save'
rm 'servidor_minecraft/world/tombstone/saved_players/43d79b3e-4afa-37fb-a395-aac4dcd856c6/20241021-232918.save'
rm 'servidor_minecraft/world/tombstone/saved_players/43d79b3e-4afa-37fb-a395-aac4dcd856c6/20241021-234441.save'
rm 'servidor_minecraft/world/tombstone/saved_players/43d79b3e-4afa-37fb-a395-aac4dcd856c6/20241022-000441.save'
rm 'servidor_minecraft/world/tombstone/saved_players/43d79b3e-4afa-37fb-a395-aac4dcd856c6/20241022-002441.save'
rm 'servidor_minecraft/world/tombstone/saved_players/43d79b3e-4afa-37fb-a395-aac4dcd856c6/20241022-140408.save'
rm 'servidor_minecraft/world/tombstone/saved_players/43d79b3e-4afa-37fb-a395-aac4dcd856c6/20241023-232232.save'
rm 'servidor_minecraft/world/tombstone/saved_players/43d79b3e-4afa-37fb-a395-aac4dcd856c6/20241023-234232.save'
rm 'servidor_minecraft/world/tombstone/saved_players/9221eae4-d002-3ea6-a2ca-c4c421bfbe27/20241021-232918.save'
rm 'servidor_minecraft/world/tombstone/saved_players/9221eae4-d002-3ea6-a2ca-c4c421bfbe27/20241021-233108.save'
rm 'servidor_minecraft/world/tombstone/saved_players/9221eae4-d002-3ea6-a2ca-c4c421bfbe27/20241021-233117.save'
rm 'servidor_minecraft/world/tombstone/saved_players/9221eae4-d002-3ea6-a2ca-c4c421bfbe27/20241021-233305.save'
rm 'servidor_minecraft/world/tombstone/saved_players/9221eae4-d002-3ea6-a2ca-c4c421bfbe27/20241021-233725.save'
rm 'servidor_minecraft/world/tombstone/saved_players/9221eae4-d002-3ea6-a2ca-c4c421bfbe27/20241021-233935.save'
rm 'servidor_minecraft/world/tombstone/saved_players/9221eae4-d002-3ea6-a2ca-c4c421bfbe27/20241021-234022.save'
rm 'servidor_minecraft/world/tombstone/saved_players/9221eae4-d002-3ea6-a2ca-c4c421bfbe27/20241021-234441.save'
rm 'servidor_minecraft/world/tombstone/saved_players/9221eae4-d002-3ea6-a2ca-c4c421bfbe27/20241021-234456.save'
rm 'servidor_minecraft/world/tombstone/saved_players/9221eae4-d002-3ea6-a2ca-c4c421bfbe27/20241022-000441.save'
rm 'servidor_minecraft/world/tombstone/saved_players/9221eae4-d002-3ea6-a2ca-c4c421bfbe27/20241022-001502.save'
rm 'servidor_minecraft/world/tombstone/saved_players/9221eae4-d002-3ea6-a2ca-c4c421bfbe27/20241022-002441.save'
rm 'servidor_minecraft/world/tombstone/saved_players/9221eae4-d002-3ea6-a2ca-c4c421bfbe27/20241022-003438.save'
rm 'servidor_minecraft/world/tombstone/saved_players/ed821a9b-cfc7-343b-9491-331781f0bba2/20241021-232918.save'
rm 'servidor_minecraft/world/tombstone/version.info'
fatal: a branch named 'Minecraft_branch' already exists
stat: cannot stat 'servidor_minecraft/mods/ClearLag': No such file or directory
fatal: pathspec 'servidor_minecraft/mods/ClearLag' did not match any files
stat: cannot stat '1.20.1.jar': No such file or directory
fatal: pathspec '1.20.1.jar' did not match any files
stat: cannot stat 'servidor_minecraft/mods/Explorify': No such file or directory
fatal: pathspec 'servidor_minecraft/mods/Explorify' did not match any files
stat: cannot stat 'v1.6.1': No such file or directory
fatal: pathspec 'v1.6.1' did not match any files
stat: cannot stat 'f10-48.jar': No such file or directory
fatal: pathspec 'f10-48.jar' did not match any files
stat: cannot stat 'servidor_minecraft/mods/ironchest-1.20.1-14.4.4': No such file or directory
fatal: pathspec 'servidor_minecraft/mods/ironchest-1.20.1-14.4.4' did not match any files
stat: cannot stat '(1).jar': No such file or directory
fatal: pathspec '(1).jar' did not match any files
stat: cannot stat 'servidor_minecraft/mods/Cardinal': No such file or directory
fatal: pathspec 'servidor_minecraft/mods/Cardinal' did not match any files
stat: cannot stat 'Sins': No such file or directory
fatal: pathspec 'Sins' did not match any files
stat: cannot stat '1.0.3.jar': No such file or directory
fatal: pathspec '1.0.3.jar' did not match any files
stat: cannot stat 'server': No such file or directory
stat: cannot stat '(1).py': No such file or directory
Obteniendo cambios del remoto...
Fusionando cambios del remoto en la rama actual...
Already up to date.
Realizando push forzado en la rama Minecraft_branch con archivos menores de 100 MB
remote: warning: See https://gh.io/lfs for more information.        
remote: warning: File servidor_minecraft/mods/alexscaves-2.0.0.jar is 71.31 MB; this is larger than GitHub's recommended maximum file size of 50.00 MB        
remote: warning: GH001: Large files detected. You may want to try Git Large File Storage - https://git-lfs.github.com.        
To https://github.com/jaime412/Minecraft_branch.git
 + 3f4eb24...9bd0527 Minecraft_branch -> Minecraft_branch (forced update)
Push forzado realizado con éxito en la rama Minecraft_branch.
[Minecraft_branch de037e8] Añadido excluded_files.txt con los archivos grandes excluidos
 1 file changed, 0 insertions(+), 0 deletions(-)
 create mode 100644 excluded_files.txt
To https://github.com/jaime412/Minecraft_branch.git
   9bd0527..de037e8  Minecraft_branch -> Minecraft_branch
Esperando 10 minutos antes de la próxima ejecución...
Iniciando proceso de sincronización...
Nombre de la rama actual: Minecraft_branch
Obteniendo la URL del repositorio remoto
origin	https://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@github.com/jaime412/Minecraft_branch.git (fetch)
origin	https://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@github.com/jaime412/Minecraft_branch.git (push)
rm '.gitignore'
rm 'addons/Branchutil.addon'
rm 'addons/Utilidades.py'
rm 'addons/url-del-branch.json'
rm 'configuracion.json'
rm 'excluded_files.txt'
rm 'output.log'
rm 'playit.status'
rm 'playit.tunnels'
rm 'respaldos/world_respaldo.zip'
rm 'server (1).py'
rm 'servidor_minecraft/banned-ips.json'
rm 'servidor_minecraft/banned-players.json'
rm 'servidor_minecraft/config/Elenai-Dodge-2-Common.toml'
rm 'servidor_minecraft/config/Feathers-Common.toml'
rm 'servidor_minecraft/config/Obscuria/aquamirae-common.toml'
rm 'servidor_minecraft/config/Plushie_Buddies-Common.toml'
rm 'servidor_minecraft/config/ShieldExpansion-common.toml'
rm 'servidor_minecraft/config/alexscaves-general.toml'
rm 'servidor_minecraft/config/alexscaves_biome_generation/abyssal_chasm.json'
rm 'servidor_minecraft/config/alexscaves_biome_generation/candy_cavity.json'
rm 'servidor_minecraft/config/alexscaves_biome_generation/forlorn_hollows.json'
rm 'servidor_minecraft/config/alexscaves_biome_generation/magnetic_caves.json'
rm 'servidor_minecraft/config/alexscaves_biome_generation/primordial_caves.json'
rm 'servidor_minecraft/config/alexscaves_biome_generation/toxic_caves.json'
rm 'servidor_minecraft/config/alexsmobs.toml'
rm 'servidor_minecraft/config/alexsmobs/alligator_snapping_turtle_spawns.json'
rm 'servidor_minecraft/config/alexsmobs/anaconda_spawns.json'
rm 'servidor_minecraft/config/alexsmobs/anteater_spawns.json'
rm 'servidor_minecraft/config/alexsmobs/bald_eagle_spawns.json'
rm 'servidor_minecraft/config/alexsmobs/banana_slug_spawns.json'
rm 'servidor_minecraft/config/alexsmobs/bison_spawns.json'
rm 'servidor_minecraft/config/alexsmobs/blobfish_spawns.json'
rm 'servidor_minecraft/config/alexsmobs/blue_jay_spawns.json'
rm 'servidor_minecraft/config/alexsmobs/bone_serpent_spawns.json'
rm 'servidor_minecraft/config/alexsmobs/bunfungus_spawns.json'
rm 'servidor_minecraft/config/alexsmobs/cachalot_whale_beached_spawns.json'
rm 'servidor_minecraft/config/alexsmobs/cachalot_whale_spawns.json'
rm 'servidor_minecraft/config/alexsmobs/caiman_spawns.json'
rm 'servidor_minecraft/config/alexsmobs/capuchin_monkey_spawns.json'
rm 'servidor_minecraft/config/alexsmobs/catfish_spawns.json'
rm 'servidor_minecraft/config/alexsmobs/cave_centipede_spawns.json'
rm 'servidor_minecraft/config/alexsmobs/cockroach_spawns.json'
rm 'servidor_minecraft/config/alexsmobs/comb_jelly_spawns.json'
rm 'servidor_minecraft/config/alexsmobs/cosmaw_spawns.json'
rm 'servidor_minecraft/config/alexsmobs/cosmic_cod_spawns.json'
rm 'servidor_minecraft/config/alexsmobs/crimson_mosquito_spawns.json'
rm 'servidor_minecraft/config/alexsmobs/crocodile_spawns.json'
rm 'servidor_minecraft/config/alexsmobs/crow_spawns.json'
rm 'servidor_minecraft/config/alexsmobs/devils_hole_pupfish_spawns.json'
rm 'servidor_minecraft/config/alexsmobs/dropbear_spawns.json'
rm 'servidor_minecraft/config/alexsmobs/elephant_spawns.json'
rm 'servidor_minecraft/config/alexsmobs/emu_spawns.json'
rm 'servidor_minecraft/config/alexsmobs/endergrade_spawns.json'
rm 'servidor_minecraft/config/alexsmobs/enderiophage_spawns.json'
rm 'servidor_minecraft/config/alexsmobs/farseer.json'
rm 'servidor_minecraft/config/alexsmobs/flutter_spawns.json'
rm 'servidor_minecraft/config/alexsmobs/fly_spawns.json'
rm 'servidor_minecraft/config/alexsmobs/flying_fish_spawns.json'
rm 'servidor_minecraft/config/alexsmobs/frilled_shark_spawns.json'
rm 'servidor_minecraft/config/alexsmobs/froststalker_spawns.json'
rm 'servidor_minecraft/config/alexsmobs/gazelle_spawns.json'
rm 'servidor_minecraft/config/alexsmobs/gelada_monkey_spawns.json'
rm 'servidor_minecraft/config/alexsmobs/giant_squid_spawns.json'
rm 'servidor_minecraft/config/alexsmobs/gorilla_spawns.json'
rm 'servidor_minecraft/config/alexsmobs/grizzly_bear_spawns.json'
rm 'servidor_minecraft/config/alexsmobs/guster_spawns.json'
rm 'servidor_minecraft/config/alexsmobs/hammerhead_shark_spawns.json'
rm 'servidor_minecraft/config/alexsmobs/hummingbird_spawns.json'
rm 'servidor_minecraft/config/alexsmobs/jerboa_spawns.json'
rm 'servidor_minecraft/config/alexsmobs/kangaroo_spawns.json'
rm 'servidor_minecraft/config/alexsmobs/komodo_dragon_spawns.json'
rm 'servidor_minecraft/config/alexsmobs/laviathan_spawns.json'
rm 'servidor_minecraft/config/alexsmobs/leafcutter_anthill_spawns.json'
rm 'servidor_minecraft/config/alexsmobs/lobster_spawns.json'
rm 'servidor_minecraft/config/alexsmobs/maned_wolf_spawns.json'
rm 'servidor_minecraft/config/alexsmobs/mantis_shrimp_spawns.json'
rm 'servidor_minecraft/config/alexsmobs/mimic_octopus_spawns.json'
rm 'servidor_minecraft/config/alexsmobs/mimicube_spawns.json'
rm 'servidor_minecraft/config/alexsmobs/moose_spawns.json'
rm 'servidor_minecraft/config/alexsmobs/mudskipper_spawns.json'
rm 'servidor_minecraft/config/alexsmobs/mungus_spawns.json'
rm 'servidor_minecraft/config/alexsmobs/murmur.json'
rm 'servidor_minecraft/config/alexsmobs/orca_spawns.json'
rm 'servidor_minecraft/config/alexsmobs/platypus_spawns.json'
rm 'servidor_minecraft/config/alexsmobs/potoo_spawns.json'
rm 'servidor_minecraft/config/alexsmobs/raccoon_spawns.json'
rm 'servidor_minecraft/config/alexsmobs/rain_frog_spawns.json'
rm 'servidor_minecraft/config/alexsmobs/rattlesnake_spawns.json'
rm 'servidor_minecraft/config/alexsmobs/rhinoceros_spawns.json'
rm 'servidor_minecraft/config/alexsmobs/roadrunner_spawns.json'
rm 'servidor_minecraft/config/alexsmobs/rocky_roller_spawns.json'
rm 'servidor_minecraft/config/alexsmobs/seagull_spawns.json'
rm 'servidor_minecraft/config/alexsmobs/seal_spawns.json'
rm 'servidor_minecraft/config/alexsmobs/shoebill_spawns.json'
rm 'servidor_minecraft/config/alexsmobs/skelewag_spawns.json'
rm 'servidor_minecraft/config/alexsmobs/skreecher.json'
rm 'servidor_minecraft/config/alexsmobs/skunk_spawns.json'
rm 'servidor_minecraft/config/alexsmobs/snow_leopard_spawns.json'
rm 'servidor_minecraft/config/alexsmobs/soul_vulture_spawns.json'
rm 'servidor_minecraft/config/alexsmobs/spectre_spawns.json'
rm 'servidor_minecraft/config/alexsmobs/straddler_spawns.json'
rm 'servidor_minecraft/config/alexsmobs/stradpole_spawns.json'
rm 'servidor_minecraft/config/alexsmobs/sugar_glider_spawns.json'
rm 'servidor_minecraft/config/alexsmobs/sunbird_spawns.json'
rm 'servidor_minecraft/config/alexsmobs/tarantula_hawk_spawns.json'
rm 'servidor_minecraft/config/alexsmobs/tasmanian_devil_spawns.json'
rm 'servidor_minecraft/config/alexsmobs/terrapin_spawns.json'
rm 'servidor_minecraft/config/alexsmobs/tiger_spawns.json'
rm 'servidor_minecraft/config/alexsmobs/toucan_spawns.json'
rm 'servidor_minecraft/config/alexsmobs/triops_spawns.json'
rm 'servidor_minecraft/config/alexsmobs/tusklin_spawns.json'
rm 'servidor_minecraft/config/alexsmobs/underminer.json'
rm 'servidor_minecraft/config/alexsmobs/void_worm_spawns.json'
rm 'servidor_minecraft/config/alexsmobs/warped_mosco_spawns.json'
rm 'servidor_minecraft/config/alexsmobs/warped_toad_spawns.json'
rm 'servidor_minecraft/config/aoa3/integrations_config.toml'
rm 'servidor_minecraft/config/apotheosis/adventure.cfg'
rm 'servidor_minecraft/config/apotheosis/apotheosis.cfg'
rm 'servidor_minecraft/config/apotheosis/ench.cfg'
rm 'servidor_minecraft/config/apotheosis/enchantments.cfg'
rm 'servidor_minecraft/config/apotheosis/garden.cfg'
rm 'servidor_minecraft/config/apotheosis/names.cfg'
rm 'servidor_minecraft/config/apotheosis/potion.cfg'
rm 'servidor_minecraft/config/apotheosis/spawner.cfg'
rm 'servidor_minecraft/config/apotheosis/village.cfg'
rm 'servidor_minecraft/config/attributeslib.cfg'
rm 'servidor_minecraft/config/balm-common.toml'
rm 'servidor_minecraft/config/bettercombat/fallback_compatibility.json'
rm 'servidor_minecraft/config/bettercombat/server.json5'
rm 'servidor_minecraft/config/carryon-common.toml'
rm 'servidor_minecraft/config/cataclysm.toml'
rm 'servidor_minecraft/config/cataclysm/amethyst_crab_spawns.json'
rm 'servidor_minecraft/config/cataclysm/coral_golem_spawns.json'
rm 'servidor_minecraft/config/cataclysm/deepling_angler_spawns.json'
rm 'servidor_minecraft/config/cataclysm/deepling_brute_spawns.json'
rm 'servidor_minecraft/config/cataclysm/deepling_priest_spawns.json'
rm 'servidor_minecraft/config/cataclysm/deepling_spawns.json'
rm 'servidor_minecraft/config/cataclysm/deepling_warlock_spawns.json'
rm 'servidor_minecraft/config/cataclysm/koboleton_spawns.json'
rm 'servidor_minecraft/config/citadel-common.toml'
rm 'servidor_minecraft/config/combatroll/enchantments.json'
rm 'servidor_minecraft/config/combatroll/server.json5'
rm 'servidor_minecraft/config/curios-common.toml'
rm 'servidor_minecraft/config/embeddium-mixins.properties'
rm 'servidor_minecraft/config/embeddium-options.json'
rm 'servidor_minecraft/config/epicknights/armor.json5'
rm 'servidor_minecraft/config/epicknights/general.json5'
rm 'servidor_minecraft/config/epicknights/mobs_equipment.json5'
rm 'servidor_minecraft/config/epicknights/shields.json5'
rm 'servidor_minecraft/config/epicknights/weapons.json5'
rm 'servidor_minecraft/config/ferritecore-mixin.toml'
rm 'servidor_minecraft/config/fml.toml'
rm 'servidor_minecraft/config/iceandfire-common.toml'
rm 'servidor_minecraft/config/iceandfire/amphithere_biomes.json'
rm 'servidor_minecraft/config/iceandfire/cockatrice_biomes.json'
rm 'servidor_minecraft/config/iceandfire/cyclops_cave_biomes.json'
rm 'servidor_minecraft/config/iceandfire/deathworm_biomes.json'
rm 'servidor_minecraft/config/iceandfire/desert_myrmex_biomes.json'
rm 'servidor_minecraft/config/iceandfire/fire_dragon_biomes.json'
rm 'servidor_minecraft/config/iceandfire/fire_dragon_cave_biomes.json'
rm 'servidor_minecraft/config/iceandfire/fire_dragon_skeleton_biomes.json'
rm 'servidor_minecraft/config/iceandfire/fire_lily_biomes.json'
rm 'servidor_minecraft/config/iceandfire/forest_troll_biomes.json'
rm 'servidor_minecraft/config/iceandfire/frost_lily_biomes.json'
rm 'servidor_minecraft/config/iceandfire/gorgon_temple_biomes.json'
rm 'servidor_minecraft/config/iceandfire/graveyard_biomes.json'
rm 'servidor_minecraft/config/iceandfire/hippocampus_biomes.json'
rm 'servidor_minecraft/config/iceandfire/hippogryph_biomes.json'
rm 'servidor_minecraft/config/iceandfire/hippogryph_black_biomes.json'
rm 'servidor_minecraft/config/iceandfire/hippogryph_brown_biomes.json'
rm 'servidor_minecraft/config/iceandfire/hippogryph_chestnut_biomes.json'
rm 'servidor_minecraft/config/iceandfire/hippogryph_creamy_biomes.json'
rm 'servidor_minecraft/config/iceandfire/hippogryph_dark_brown_biomes.json'
rm 'servidor_minecraft/config/iceandfire/hippogryph_gray_biomes.json'
rm 'servidor_minecraft/config/iceandfire/hippogryph_white_biomes.json'
rm 'servidor_minecraft/config/iceandfire/hydra_cave_biomes.json'
rm 'servidor_minecraft/config/iceandfire/ice_dragon_biomes.json'
rm 'servidor_minecraft/config/iceandfire/ice_dragon_cave_biomes.json'
rm 'servidor_minecraft/config/iceandfire/ice_dragon_skeleton_biomes.json'
rm 'servidor_minecraft/config/iceandfire/jungle_myrmex_biomes.json'
rm 'servidor_minecraft/config/iceandfire/lightning_dragon_biomes.json'
rm 'servidor_minecraft/config/iceandfire/lightning_dragon_cave_biomes.json'
rm 'servidor_minecraft/config/iceandfire/lightning_dragon_skeleton_biomes.json'
rm 'servidor_minecraft/config/iceandfire/lightning_lily_biomes.json'
rm 'servidor_minecraft/config/iceandfire/mausoleum_biomes.json'
rm 'servidor_minecraft/config/iceandfire/mountain_troll_biomes.json'
rm 'servidor_minecraft/config/iceandfire/ore_gen_biomes.json'
rm 'servidor_minecraft/config/iceandfire/pixie_village_biomes.json'
rm 'servidor_minecraft/config/iceandfire/sapphire_gen_biomes.json'
rm 'servidor_minecraft/config/iceandfire/sea_serpent_biomes.json'
rm 'servidor_minecraft/config/iceandfire/siren_biomes.json'
rm 'servidor_minecraft/config/iceandfire/snowy_troll_biomes.json'
rm 'servidor_minecraft/config/iceandfire/stymphalian_bird_biomes.json'
rm 'servidor_minecraft/config/iceandfire/wandering_cyclops_biomes.json'
rm 'servidor_minecraft/config/immediatelyfast.json'
rm 'servidor_minecraft/config/inventorypets-common.toml'
rm 'servidor_minecraft/config/jade/server-plugin-overrides.json'
rm 'servidor_minecraft/config/jade/sort-order.json'
rm 'servidor_minecraft/config/jeresources-common.toml'
rm 'servidor_minecraft/config/jeresources.toml'
rm 'servidor_minecraft/config/just_leveling-common.toml'
rm 'servidor_minecraft/config/lithium.properties'
rm 'servidor_minecraft/config/majruszlibrary.json'
rm 'servidor_minecraft/config/majruszsdifficulty.json'
rm 'servidor_minecraft/config/majruszsenchantments.json'
rm 'servidor_minecraft/config/mca.json'
rm 'servidor_minecraft/config/mysticsbiomes-common.toml'
rm 'servidor_minecraft/config/playerrevive.json'
rm 'servidor_minecraft/config/sodium-extra.properties'
rm 'servidor_minecraft/config/spawnermod.json'
rm 'servidor_minecraft/config/structure_gel-common.toml'
rm 'servidor_minecraft/config/tact-common.toml'
rm 'servidor_minecraft/config/terrablender.toml'
rm 'servidor_minecraft/config/tetra.toml'
rm 'servidor_minecraft/config/theoneprobe-common.toml'
rm 'servidor_minecraft/config/tombstone-common.toml'
rm 'servidor_minecraft/config/tombstone-server.toml'
rm 'servidor_minecraft/config/trashslot-common.toml'
rm 'servidor_minecraft/config/travelersbackpack-common.toml'
rm 'servidor_minecraft/config/yacl.json5'
rm 'servidor_minecraft/configuracion.json'
rm 'servidor_minecraft/crash-reports/crash-2024-08-01_03.17.33-server.txt'
rm 'servidor_minecraft/crash-reports/crash-2024-08-01_03.24.36-server.txt'
rm 'servidor_minecraft/crash-reports/crash-2024-08-01_03.33.05-server.txt'
rm 'servidor_minecraft/eula.txt'
rm 'servidor_minecraft/forge.jar'
rm 'servidor_minecraft/forge.jar.log'
rm 'servidor_minecraft/journeymap/server/5.10/journeymap.server.aoa3~barathos.config'
rm 'servidor_minecraft/journeymap/server/5.10/journeymap.server.aoa3~deeplands.config'
rm 'servidor_minecraft/journeymap/server/5.10/journeymap.server.aoa3~lborean.config'
rm 'servidor_minecraft/journeymap/server/5.10/journeymap.server.aoa3~lelyetia.config'
rm 'servidor_minecraft/journeymap/server/5.10/journeymap.server.aoa3~nowhere.config'
rm 'servidor_minecraft/journeymap/server/5.10/journeymap.server.aoa3~precasia.config'
rm 'servidor_minecraft/journeymap/server/5.10/journeymap.server.aoa3~precasia_backup.config'
rm 'servidor_minecraft/journeymap/server/5.10/journeymap.server.deeperdarker~otherside.config'
rm 'servidor_minecraft/journeymap/server/5.10/journeymap.server.default.config'
rm 'servidor_minecraft/journeymap/server/5.10/journeymap.server.global.config'
rm 'servidor_minecraft/journeymap/server/5.10/journeymap.server.minecraft~overworld.config'
rm 'servidor_minecraft/journeymap/server/5.10/journeymap.server.minecraft~the_end.config'
rm 'servidor_minecraft/journeymap/server/5.10/journeymap.server.minecraft~the_nether.config'
rm 'servidor_minecraft/journeymap/server/5.10/journeymap.server.world~madnessdimension.config'
rm 'servidor_minecraft/journeymap/server/5.10/journeymap.server.world~worldtest_1.config'
rm 'servidor_minecraft/libraries/com/electronwill/night-config/core/3.6.4/core-3.6.4.jar'
rm 'servidor_minecraft/libraries/com/electronwill/night-config/toml/3.6.4/toml-3.6.4.jar'
rm 'servidor_minecraft/libraries/com/github/jponge/lzma-java/1.3/lzma-java-1.3.jar'
rm 'servidor_minecraft/libraries/com/github/oshi/oshi-core/6.2.2/oshi-core-6.2.2.jar'
rm 'servidor_minecraft/libraries/com/google/code/findbugs/jsr305/3.0.2/jsr305-3.0.2.jar'
rm 'servidor_minecraft/libraries/com/google/code/gson/gson/2.10/gson-2.10.jar'
rm 'servidor_minecraft/libraries/com/google/code/gson/gson/2.8.7/gson-2.8.7.jar'
rm 'servidor_minecraft/libraries/com/google/errorprone/error_prone_annotations/2.1.3/error_prone_annotations-2.1.3.jar'
rm 'servidor_minecraft/libraries/com/google/guava/failureaccess/1.0.1/failureaccess-1.0.1.jar'
rm 'servidor_minecraft/libraries/com/google/guava/guava/20.0/guava-20.0.jar'
rm 'servidor_minecraft/libraries/com/google/guava/guava/25.1-jre/guava-25.1-jre.jar'
rm 'servidor_minecraft/libraries/com/google/guava/guava/31.1-jre/guava-31.1-jre.jar'
rm 'servidor_minecraft/libraries/com/google/j2objc/j2objc-annotations/1.1/j2objc-annotations-1.1.jar'
rm 'servidor_minecraft/libraries/com/mojang/authlib/4.0.43/authlib-4.0.43.jar'
rm 'servidor_minecraft/libraries/com/mojang/brigadier/1.1.8/brigadier-1.1.8.jar'
rm 'servidor_minecraft/libraries/com/mojang/datafixerupper/6.0.8/datafixerupper-6.0.8.jar'
rm 'servidor_minecraft/libraries/com/mojang/logging/1.1.1/logging-1.1.1.jar'
rm 'servidor_minecraft/libraries/com/nothome/javaxdelta/2.0.1/javaxdelta-2.0.1.jar'
rm 'servidor_minecraft/libraries/com/opencsv/opencsv/4.4/opencsv-4.4.jar'
rm 'servidor_minecraft/libraries/commons-beanutils/commons-beanutils/1.9.3/commons-beanutils-1.9.3.jar'
rm 'servidor_minecraft/libraries/commons-collections/commons-collections/3.2.2/commons-collections-3.2.2.jar'
rm 'servidor_minecraft/libraries/commons-io/commons-io/2.11.0/commons-io-2.11.0.jar'
rm 'servidor_minecraft/libraries/commons-io/commons-io/2.4/commons-io-2.4.jar'
rm 'servidor_minecraft/libraries/commons-logging/commons-logging/1.2/commons-logging-1.2.jar'
rm 'servidor_minecraft/libraries/cpw/mods/bootstraplauncher/1.1.2/bootstraplauncher-1.1.2.jar'
rm 'servidor_minecraft/libraries/cpw/mods/modlauncher/10.0.9/modlauncher-10.0.9.jar'
rm 'servidor_minecraft/libraries/cpw/mods/securejarhandler/2.1.10/securejarhandler-2.1.10.jar'
rm 'servidor_minecraft/libraries/de/oceanlabs/mcp/mcp_config/1.20.1-20230612.114412/mcp_config-1.20.1-20230612.114412-mappings-merged.txt'
rm 'servidor_minecraft/libraries/de/oceanlabs/mcp/mcp_config/1.20.1-20230612.114412/mcp_config-1.20.1-20230612.114412-mappings.txt'
rm 'servidor_minecraft/libraries/de/oceanlabs/mcp/mcp_config/1.20.1-20230612.114412/mcp_config-1.20.1-20230612.114412.zip'
rm 'servidor_minecraft/libraries/de/siegmar/fastcsv/2.0.0/fastcsv-2.0.0.jar'
rm 'servidor_minecraft/libraries/io/netty/netty-buffer/4.1.82.Final/netty-buffer-4.1.82.Final.jar'
rm 'servidor_minecraft/libraries/io/netty/netty-codec/4.1.82.Final/netty-codec-4.1.82.Final.jar'
rm 'servidor_minecraft/libraries/io/netty/netty-common/4.1.82.Final/netty-common-4.1.82.Final.jar'
rm 'servidor_minecraft/libraries/io/netty/netty-handler/4.1.82.Final/netty-handler-4.1.82.Final.jar'
rm 'servidor_minecraft/libraries/io/netty/netty-resolver/4.1.82.Final/netty-resolver-4.1.82.Final.jar'
rm 'servidor_minecraft/libraries/io/netty/netty-transport-classes-epoll/4.1.82.Final/netty-transport-classes-epoll-4.1.82.Final.jar'
rm 'servidor_minecraft/libraries/io/netty/netty-transport-native-epoll/4.1.82.Final/netty-transport-native-epoll-4.1.82.Final-linux-aarch_64.jar'
rm 'servidor_minecraft/libraries/io/netty/netty-transport-native-epoll/4.1.82.Final/netty-transport-native-epoll-4.1.82.Final-linux-x86_64.jar'
rm 'servidor_minecraft/libraries/io/netty/netty-transport-native-unix-common/4.1.82.Final/netty-transport-native-unix-common-4.1.82.Final.jar'
rm 'servidor_minecraft/libraries/io/netty/netty-transport/4.1.82.Final/netty-transport-4.1.82.Final.jar'
rm 'servidor_minecraft/libraries/it/unimi/dsi/fastutil/8.5.9/fastutil-8.5.9.jar'
rm 'servidor_minecraft/libraries/net/java/dev/jna/jna-platform/5.12.1/jna-platform-5.12.1.jar'
rm 'servidor_minecraft/libraries/net/java/dev/jna/jna/5.12.1/jna-5.12.1.jar'
rm 'servidor_minecraft/libraries/net/jodah/typetools/0.6.3/typetools-0.6.3.jar'
rm 'servidor_minecraft/libraries/net/md-5/SpecialSource/1.11.0/SpecialSource-1.11.0.jar'
rm 'servidor_minecraft/libraries/net/minecraft/server/1.20.1-20230612.114412/server-1.20.1-20230612.114412-extra.jar'
rm 'servidor_minecraft/libraries/net/minecraft/server/1.20.1-20230612.114412/server-1.20.1-20230612.114412-extra.jar.cache'
rm 'servidor_minecraft/libraries/net/minecraft/server/1.20.1-20230612.114412/server-1.20.1-20230612.114412-mappings.txt'
rm 'servidor_minecraft/libraries/net/minecraft/server/1.20.1-20230612.114412/server-1.20.1-20230612.114412-slim.jar'
rm 'servidor_minecraft/libraries/net/minecraft/server/1.20.1-20230612.114412/server-1.20.1-20230612.114412-slim.jar.cache'
rm 'servidor_minecraft/libraries/net/minecraft/server/1.20.1-20230612.114412/server-1.20.1-20230612.114412-srg.jar'
rm 'servidor_minecraft/libraries/net/minecraft/server/1.20.1-20230612.114412/server-1.20.1-20230612.114412-unpacked.jar'
rm 'servidor_minecraft/libraries/net/minecraft/server/1.20.1/server-1.20.1.jar'
rm 'servidor_minecraft/libraries/net/minecraftforge/ForgeAutoRenamingTool/0.1.22/ForgeAutoRenamingTool-0.1.22-all.jar'
rm 'servidor_minecraft/libraries/net/minecraftforge/JarJarFileSystems/0.3.19/JarJarFileSystems-0.3.19.jar'
rm 'servidor_minecraft/libraries/net/minecraftforge/JarJarMetadata/0.3.19/JarJarMetadata-0.3.19.jar'
rm 'servidor_minecraft/libraries/net/minecraftforge/JarJarSelector/0.3.19/JarJarSelector-0.3.19.jar'
rm 'servidor_minecraft/libraries/net/minecraftforge/accesstransformers/8.0.4/accesstransformers-8.0.4.jar'
rm 'servidor_minecraft/libraries/net/minecraftforge/binarypatcher/1.1.1/binarypatcher-1.1.1.jar'
rm 'servidor_minecraft/libraries/net/minecraftforge/coremods/5.0.1/coremods-5.0.1.jar'
rm 'servidor_minecraft/libraries/net/minecraftforge/eventbus/6.0.5/eventbus-6.0.5.jar'
rm 'servidor_minecraft/libraries/net/minecraftforge/fmlcore/1.20.1-47.2.0/fmlcore-1.20.1-47.2.0.jar'
rm 'servidor_minecraft/libraries/net/minecraftforge/fmlearlydisplay/1.20.1-47.2.0/fmlearlydisplay-1.20.1-47.2.0.jar'
rm 'servidor_minecraft/libraries/net/minecraftforge/fmlloader/1.20.1-47.2.0/fmlloader-1.20.1-47.2.0.jar'
rm 'servidor_minecraft/libraries/net/minecraftforge/forge/1.20.1-47.2.0/forge-1.20.1-47.2.0-server.jar'
rm 'servidor_minecraft/libraries/net/minecraftforge/forge/1.20.1-47.2.0/forge-1.20.1-47.2.0-universal.jar'
rm 'servidor_minecraft/libraries/net/minecraftforge/forge/1.20.1-47.2.0/unix_args.txt'
rm 'servidor_minecraft/libraries/net/minecraftforge/forge/1.20.1-47.2.0/win_args.txt'
rm 'servidor_minecraft/libraries/net/minecraftforge/forgespi/7.0.1/forgespi-7.0.1.jar'
rm 'servidor_minecraft/libraries/net/minecraftforge/installertools/1.3.0/installertools-1.3.0.jar'
rm 'servidor_minecraft/libraries/net/minecraftforge/jarsplitter/1.1.4/jarsplitter-1.1.4.jar'
rm 'servidor_minecraft/libraries/net/minecraftforge/javafmllanguage/1.20.1-47.2.0/javafmllanguage-1.20.1-47.2.0.jar'
rm 'servidor_minecraft/libraries/net/minecraftforge/lowcodelanguage/1.20.1-47.2.0/lowcodelanguage-1.20.1-47.2.0.jar'
rm 'servidor_minecraft/libraries/net/minecraftforge/mclanguage/1.20.1-47.2.0/mclanguage-1.20.1-47.2.0.jar'
rm 'servidor_minecraft/libraries/net/minecraftforge/mergetool/1.1.5/mergetool-1.1.5-api.jar'
rm 'servidor_minecraft/libraries/net/minecraftforge/srgutils/0.4.11/srgutils-0.4.11.jar'
rm 'servidor_minecraft/libraries/net/minecraftforge/srgutils/0.4.3/srgutils-0.4.3.jar'
rm 'servidor_minecraft/libraries/net/minecraftforge/srgutils/0.4.9/srgutils-0.4.9.jar'
rm 'servidor_minecraft/libraries/net/minecraftforge/unsafe/0.2.0/unsafe-0.2.0.jar'
rm 'servidor_minecraft/libraries/net/minecrell/terminalconsoleappender/1.2.0/terminalconsoleappender-1.2.0.jar'
rm 'servidor_minecraft/libraries/net/sf/jopt-simple/jopt-simple/5.0.4/jopt-simple-5.0.4.jar'
rm 'servidor_minecraft/libraries/net/sf/jopt-simple/jopt-simple/6.0-alpha-3/jopt-simple-6.0-alpha-3.jar'
rm 'servidor_minecraft/libraries/org/antlr/antlr4-runtime/4.9.1/antlr4-runtime-4.9.1.jar'
rm 'servidor_minecraft/libraries/org/apache/commons/commons-collections4/4.2/commons-collections4-4.2.jar'
rm 'servidor_minecraft/libraries/org/apache/commons/commons-lang3/3.12.0/commons-lang3-3.12.0.jar'
rm 'servidor_minecraft/libraries/org/apache/commons/commons-lang3/3.8.1/commons-lang3-3.8.1.jar'
rm 'servidor_minecraft/libraries/org/apache/commons/commons-text/1.3/commons-text-1.3.jar'
rm 'servidor_minecraft/libraries/org/apache/logging/log4j/log4j-api/2.19.0/log4j-api-2.19.0.jar'
rm 'servidor_minecraft/libraries/org/apache/logging/log4j/log4j-core/2.19.0/log4j-core-2.19.0.jar'
rm 'servidor_minecraft/libraries/org/apache/logging/log4j/log4j-slf4j2-impl/2.19.0/log4j-slf4j2-impl-2.19.0.jar'
rm 'servidor_minecraft/libraries/org/apache/maven/maven-artifact/3.8.5/maven-artifact-3.8.5.jar'
rm 'servidor_minecraft/libraries/org/checkerframework/checker-qual/2.0.0/checker-qual-2.0.0.jar'
rm 'servidor_minecraft/libraries/org/codehaus/mojo/animal-sniffer-annotations/1.14/animal-sniffer-annotations-1.14.jar'
rm 'servidor_minecraft/libraries/org/jline/jline-reader/3.12.1/jline-reader-3.12.1.jar'
rm 'servidor_minecraft/libraries/org/jline/jline-terminal/3.12.1/jline-terminal-3.12.1.jar'
rm 'servidor_minecraft/libraries/org/joml/joml/1.10.5/joml-1.10.5.jar'
rm 'servidor_minecraft/libraries/org/openjdk/nashorn/nashorn-core/15.3/nashorn-core-15.3.jar'
rm 'servidor_minecraft/libraries/org/ow2/asm/asm-analysis/9.2/asm-analysis-9.2.jar'
rm 'servidor_minecraft/libraries/org/ow2/asm/asm-analysis/9.3/asm-analysis-9.3.jar'
rm 'servidor_minecraft/libraries/org/ow2/asm/asm-analysis/9.5/asm-analysis-9.5.jar'
rm 'servidor_minecraft/libraries/org/ow2/asm/asm-commons/9.2/asm-commons-9.2.jar'
rm 'servidor_minecraft/libraries/org/ow2/asm/asm-commons/9.3/asm-commons-9.3.jar'
rm 'servidor_minecraft/libraries/org/ow2/asm/asm-commons/9.5/asm-commons-9.5.jar'
rm 'servidor_minecraft/libraries/org/ow2/asm/asm-tree/9.2/asm-tree-9.2.jar'
rm 'servidor_minecraft/libraries/org/ow2/asm/asm-tree/9.3/asm-tree-9.3.jar'
rm 'servidor_minecraft/libraries/org/ow2/asm/asm-tree/9.5/asm-tree-9.5.jar'
rm 'servidor_minecraft/libraries/org/ow2/asm/asm-util/9.5/asm-util-9.5.jar'
rm 'servidor_minecraft/libraries/org/ow2/asm/asm/9.2/asm-9.2.jar'
rm 'servidor_minecraft/libraries/org/ow2/asm/asm/9.3/asm-9.3.jar'
rm 'servidor_minecraft/libraries/org/ow2/asm/asm/9.5/asm-9.5.jar'
rm 'servidor_minecraft/libraries/org/slf4j/slf4j-api/2.0.1/slf4j-api-2.0.1.jar'
rm 'servidor_minecraft/libraries/org/spongepowered/mixin/0.8.5/mixin-0.8.5.jar'
rm 'servidor_minecraft/libraries/trove/trove/1.0.2/trove-1.0.2.jar'
rm 'servidor_minecraft/logs/2024-07-22-10.log.gz'
rm 'servidor_minecraft/logs/2024-07-22-11.log.gz'
rm 'servidor_minecraft/logs/2024-07-22-12.log.gz'
rm 'servidor_minecraft/logs/2024-07-22-2.log.gz'
rm 'servidor_minecraft/logs/2024-07-22-3.log.gz'
rm 'servidor_minecraft/logs/2024-07-22-4.log.gz'
rm 'servidor_minecraft/logs/2024-07-22-5.log.gz'
rm 'servidor_minecraft/logs/2024-07-22-6.log.gz'
rm 'servidor_minecraft/logs/2024-07-22-7.log.gz'
rm 'servidor_minecraft/logs/2024-07-22-8.log.gz'
rm 'servidor_minecraft/logs/2024-07-22-9.log.gz'
rm 'servidor_minecraft/logs/2024-07-24-2.log.gz'
rm 'servidor_minecraft/logs/2024-07-24-3.log.gz'
rm 'servidor_minecraft/logs/2024-07-25-2.log.gz'
rm 'servidor_minecraft/logs/2024-07-25-3.log.gz'
rm 'servidor_minecraft/logs/2024-08-01-2.log.gz'
rm 'servidor_minecraft/logs/2024-08-01-3.log.gz'
rm 'servidor_minecraft/logs/2024-08-01-4.log.gz'
rm 'servidor_minecraft/logs/2024-08-01-5.log.gz'
rm 'servidor_minecraft/logs/2024-09-28-2.log.gz'
rm 'servidor_minecraft/logs/2024-10-21-1.log.gz'
rm 'servidor_minecraft/logs/2024-10-21-2.log.gz'
rm 'servidor_minecraft/logs/2024-10-21-3.log.gz'
rm 'servidor_minecraft/logs/2024-10-21-4.log.gz'
rm 'servidor_minecraft/logs/2024-10-21-5.log.gz'
rm 'servidor_minecraft/logs/2024-10-21-6.log.gz'
rm 'servidor_minecraft/logs/2024-10-21-7.log.gz'
rm 'servidor_minecraft/logs/2024-10-21-8.log.gz'
rm 'servidor_minecraft/logs/2024-10-22-2.log.gz'
rm 'servidor_minecraft/logs/2024-10-22-3.log.gz'
rm 'servidor_minecraft/logs/2024-10-22-4.log.gz'
rm 'servidor_minecraft/logs/2024-10-23-1.log.gz'
rm 'servidor_minecraft/logs/2024-10-24-2.log.gz'
rm 'servidor_minecraft/logs/debug-1.log.gz'
rm 'servidor_minecraft/logs/debug-2.log.gz'
rm 'servidor_minecraft/logs/debug-3.log.gz'
rm 'servidor_minecraft/logs/debug-4.log.gz'
rm 'servidor_minecraft/logs/debug-5.log.gz'
rm 'servidor_minecraft/logs/debug.log'
rm 'servidor_minecraft/logs/latest.log'
rm 'servidor_minecraft/modgest_config.json'
rm 'servidor_minecraft/modgest_debian_x64'
rm 'servidor_minecraft/mods/Apotheosis-1.20.1-7.4.0.jar'
rm 'servidor_minecraft/mods/ApothicAttributes-1.20.1-1.3.5.jar'
rm 'servidor_minecraft/mods/Bookshelf-Forge-1.20.1-20.2.13.jar'
rm 'servidor_minecraft/mods/ConfigurableCane-1.20-2.5.2.jar'
rm 'servidor_minecraft/mods/CreativeCore_FORGE_v2.11.31_mc1.20.1.jar'
rm 'servidor_minecraft/mods/DungeonsArise-1.20.x-2.1.58-release.jar'
rm 'servidor_minecraft/mods/EnchantmentDescriptions-Forge-1.20.1-17.0.16.jar'
rm 'servidor_minecraft/mods/ImmediatelyFast-Forge-1.2.8+1.20.4.jar'
rm 'servidor_minecraft/mods/Incendium_1.20.x_v5.3.5.jar'
rm 'servidor_minecraft/mods/Jade-1.20.1-forge-11.9.4.jar'
rm 'servidor_minecraft/mods/JustEnoughResources-1.20.1-1.4.0.247.jar'
rm 'servidor_minecraft/mods/KOTM-CaliganBetaUpdate.jar'
rm 'servidor_minecraft/mods/L_Enders_Cataclysm-1.99.6-1.20.1.jar'
rm 'servidor_minecraft/mods/MaxHealthFix-Forge-1.20.1-12.0.3.jar'
rm 'servidor_minecraft/mods/Patchouli-1.20.1-84-FORGE.jar'
rm 'servidor_minecraft/mods/Placebo-1.20.1-8.6.2.jar'
rm 'servidor_minecraft/mods/PlayerRevive_FORGE_v2.0.25_mc1.20.1.jar'
rm 'servidor_minecraft/mods/Structory_1.20.x_v1.3.5.jar'
rm 'servidor_minecraft/mods/TaxCastlePillager+M.1.20.1+ForM.1.0.1.jar'
rm 'servidor_minecraft/mods/TerraBlender-forge-1.20.1-3.0.1.7.jar'
rm 'servidor_minecraft/mods/YetAnotherConfigLib-3.5.0+1.20.1-forge.jar'
rm 'servidor_minecraft/mods/alexscaves-2.0.0.jar'
rm 'servidor_minecraft/mods/alexsmobs-1.22.8.jar'
rm 'servidor_minecraft/mods/aquamirae-6.API15.jar'
rm 'servidor_minecraft/mods/architectury-9.2.14-forge.jar'
rm 'servidor_minecraft/mods/balm-forge-1.20.1-7.3.6-all.jar'
rm 'servidor_minecraft/mods/born_in_chaos_[Forge]1.20.1_1.3.1.jar'
rm 'servidor_minecraft/mods/carryon-forge-1.20.1-2.1.2.7.jar'
rm 'servidor_minecraft/mods/citadel-2.6.0-1.20.1.jar'
rm 'servidor_minecraft/mods/cloth-config-11.1.118-forge.jar'
rm 'servidor_minecraft/mods/combatroll-forge-1.3.2+1.20.1.jar'
rm 'servidor_minecraft/mods/curios-forge-5.9.1+1.20.1.jar'
rm 'servidor_minecraft/mods/deeperdarker-forge-1.20.1-1.2.1.jar'
rm 'servidor_minecraft/mods/elenaidodge2-1.1.jar'
rm 'servidor_minecraft/mods/embeddium-0.3.24+mc1.20.1.jar'
rm 'servidor_minecraft/mods/feathers-1.1.jar'
rm 'servidor_minecraft/mods/ferritecore-6.0.1-forge.jar'
rm 'servidor_minecraft/mods/geckolib-forge-1.20.1-4.4.7.jar'
rm 'servidor_minecraft/mods/iceandfire-2.1.13-1.20.1-beta-5.jar'
rm 'servidor_minecraft/mods/inventorypets-1.20.1-2.1.2.jar'
rm 'servidor_minecraft/mods/jei-1.20.1-forge-15.3.0.8.jar'
rm 'servidor_minecraft/mods/journeymap-1.20.1-5.10.0-forge.jar'
rm 'servidor_minecraft/mods/justleveling-forge-1.20.x-v1.7.jar'
rm 'servidor_minecraft/mods/lionfishapi-1.9.jar'
rm 'servidor_minecraft/mods/loot_journal-3.1.1.jar'
rm 'servidor_minecraft/mods/majrusz-library-forge-1.20.1-7.0.8.jar'
rm 'servidor_minecraft/mods/majruszs-difficulty-forge-1.20.1-1.9.10.jar'
rm 'servidor_minecraft/mods/majruszs-enchantments-forge-1.20.1-1.10.8.jar'
rm 'servidor_minecraft/mods/mokels_witch_boss-1.0-forge-1.20.1.jar'
rm 'servidor_minecraft/mods/mutil-1.20.1-6.1.1.jar'
rm 'servidor_minecraft/mods/obscure_api-15.jar'
rm 'servidor_minecraft/mods/player-animation-lib-forge-1.0.2-rc1+1.20.jar'
rm 'servidor_minecraft/mods/plushie_buddies-0.1.1-1.20.1.jar'
rm 'servidor_minecraft/mods/polytone-1.20-2.3.3.jar'
rm 'servidor_minecraft/mods/radium-mc1.20.1-0.12.2+git.5f80f74.jar'
rm 'servidor_minecraft/mods/realmrpg_fallen_adventurers_1.0.3_forge_1.20.1.jar'
rm 'servidor_minecraft/mods/realmrpg_imps_and_demons_0.9.0_forge_1.20.1.jar'
rm 'servidor_minecraft/mods/rrls-4.0.6.1+mc1.20.1-forge.jar'
rm 'servidor_minecraft/mods/rubidium-extra-0.5.4.3+mc1.20.1-build.121.jar'
rm 'servidor_minecraft/mods/spawnermod-1.20.1-1.9.3+Forge.jar'
rm 'servidor_minecraft/mods/structure_gel-1.20.1-2.16.2.jar'
rm 'servidor_minecraft/mods/tact-1.2.0+1.20.1.jar'
rm 'servidor_minecraft/mods/tctcore-1.4-forge-1.20.1.jar'
rm 'servidor_minecraft/mods/tetra-1.20.1-6.4.0.jar'
rm 'servidor_minecraft/mods/the-conjurer-1.20.1-1.1.6.jar'
rm 'servidor_minecraft/mods/theoneprobe-1.20.1-10.0.2.jar'
rm 'servidor_minecraft/mods/tombstone-1.20.1-8.6.7.jar'
rm 'servidor_minecraft/mods/trashslot-forge-1.20-15.1.0.jar'
rm 'servidor_minecraft/mods/travelersbackpack-forge-1.20.1-9.1.14.jar'
rm 'servidor_minecraft/mods/warriors_of_past_epoch_[Forge]_1.20.1_1.3.jar'
rm 'servidor_minecraft/ops.json'
rm 'servidor_minecraft/playit.status'
rm 'servidor_minecraft/playit.tunnels'
rm 'servidor_minecraft/run.bat'
rm 'servidor_minecraft/run.sh'
rm 'servidor_minecraft/server.properties'
rm 'servidor_minecraft/user_jvm_args.txt'
rm 'servidor_minecraft/usercache.json'
rm 'servidor_minecraft/usernamecache.json'
rm 'servidor_minecraft/whitelist.json'
rm 'servidor_minecraft/world/DIM-1/data/capabilities.dat'
rm 'servidor_minecraft/world/DIM-1/data/clearlagc_worldvars.dat'
rm 'servidor_minecraft/world/DIM-1/data/raids.dat'
rm 'servidor_minecraft/world/DIM1/data/capabilities.dat'
rm 'servidor_minecraft/world/DIM1/data/clearlagc_worldvars.dat'
rm 'servidor_minecraft/world/DIM1/data/raids_end.dat'
rm 'servidor_minecraft/world/advancements/43d79b3e-4afa-37fb-a395-aac4dcd856c6.json'
rm 'servidor_minecraft/world/advancements/9221eae4-d002-3ea6-a2ca-c4c421bfbe27.json'
rm 'servidor_minecraft/world/advancements/ed821a9b-cfc7-343b-9491-331781f0bba2.json'
rm 'servidor_minecraft/world/data/JMPlayerSettings.dat'
rm 'servidor_minecraft/world/data/WorldUUID.dat'
rm 'servidor_minecraft/world/data/alexsmobs_world_data.dat'
rm 'servidor_minecraft/world/data/capabilities.dat'
rm 'servidor_minecraft/world/data/cataclysm_world_data.dat'
rm 'servidor_minecraft/world/data/chunks.dat'
rm 'servidor_minecraft/world/data/citadel_world_data.dat'
rm 'servidor_minecraft/world/data/clearlagc_worldvars.dat'
rm 'servidor_minecraft/world/data/iceandfire_general.dat'
rm 'servidor_minecraft/world/data/idcounts.dat'
rm 'servidor_minecraft/world/data/majruszsdifficulty.dat'
rm 'servidor_minecraft/world/data/map_0.dat'
rm 'servidor_minecraft/world/data/map_1.dat'
rm 'servidor_minecraft/world/data/raids.dat'
rm 'servidor_minecraft/world/data/random_sequences.dat'
rm 'servidor_minecraft/world/data/scoreboard.dat'
rm 'servidor_minecraft/world/dimensions/deeperdarker/otherside/data/capabilities.dat'
rm 'servidor_minecraft/world/dimensions/deeperdarker/otherside/data/clearlagc_worldvars.dat'
rm 'servidor_minecraft/world/dimensions/deeperdarker/otherside/data/raids.dat'
rm 'servidor_minecraft/world/entities/r.-1.-1.mca'
rm 'servidor_minecraft/world/entities/r.-1.-2.mca'
rm 'servidor_minecraft/world/entities/r.-1.-3.mca'
rm 'servidor_minecraft/world/entities/r.-1.-4.mca'
rm 'servidor_minecraft/world/entities/r.-1.0.mca'
rm 'servidor_minecraft/world/entities/r.-1.1.mca'
rm 'servidor_minecraft/world/entities/r.-2.-1.mca'
rm 'servidor_minecraft/world/entities/r.-2.-3.mca'
rm 'servidor_minecraft/world/entities/r.-2.-4.mca'
rm 'servidor_minecraft/world/entities/r.-2.0.mca'
rm 'servidor_minecraft/world/entities/r.-2.1.mca'
rm 'servidor_minecraft/world/entities/r.0.-1.mca'
rm 'servidor_minecraft/world/entities/r.0.-2.mca'
rm 'servidor_minecraft/world/entities/r.0.-3.mca'
rm 'servidor_minecraft/world/entities/r.0.-4.mca'
rm 'servidor_minecraft/world/entities/r.0.0.mca'
rm 'servidor_minecraft/world/entities/r.1.-1.mca'
rm 'servidor_minecraft/world/entities/r.1.-2.mca'
rm 'servidor_minecraft/world/entities/r.1.-3.mca'
rm 'servidor_minecraft/world/entities/r.1.-4.mca'
rm 'servidor_minecraft/world/entities/r.2.-2.mca'
rm 'servidor_minecraft/world/entities/r.2.-3.mca'
rm 'servidor_minecraft/world/entities/r.2.-4.mca'
rm 'servidor_minecraft/world/entities/r.3.-3.mca'
rm 'servidor_minecraft/world/entities/r.3.-4.mca'
rm 'servidor_minecraft/world/level.dat'
rm 'servidor_minecraft/world/level.dat_old'
rm 'servidor_minecraft/world/playerdata/43d79b3e-4afa-37fb-a395-aac4dcd856c6.dat'
rm 'servidor_minecraft/world/playerdata/43d79b3e-4afa-37fb-a395-aac4dcd856c6.dat_old'
rm 'servidor_minecraft/world/playerdata/9221eae4-d002-3ea6-a2ca-c4c421bfbe27.dat'
rm 'servidor_minecraft/world/playerdata/9221eae4-d002-3ea6-a2ca-c4c421bfbe27.dat_old'
rm 'servidor_minecraft/world/playerdata/ed821a9b-cfc7-343b-9491-331781f0bba2.dat'
rm 'servidor_minecraft/world/playerdata/ed821a9b-cfc7-343b-9491-331781f0bba2.dat_old'
rm 'servidor_minecraft/world/poi/r.-1.-1.mca'
rm 'servidor_minecraft/world/poi/r.-1.-2.mca'
rm 'servidor_minecraft/world/poi/r.-1.-3.mca'
rm 'servidor_minecraft/world/poi/r.-1.-4.mca'
rm 'servidor_minecraft/world/poi/r.-1.0.mca'
rm 'servidor_minecraft/world/poi/r.-1.1.mca'
rm 'servidor_minecraft/world/poi/r.-2.-1.mca'
rm 'servidor_minecraft/world/poi/r.-2.-2.mca'
rm 'servidor_minecraft/world/poi/r.-2.-3.mca'
rm 'servidor_minecraft/world/poi/r.-2.-4.mca'
rm 'servidor_minecraft/world/poi/r.-2.0.mca'
rm 'servidor_minecraft/world/poi/r.-2.1.mca'
rm 'servidor_minecraft/world/poi/r.0.-1.mca'
rm 'servidor_minecraft/world/poi/r.0.-2.mca'
rm 'servidor_minecraft/world/poi/r.0.-3.mca'
rm 'servidor_minecraft/world/poi/r.0.-4.mca'
rm 'servidor_minecraft/world/poi/r.0.0.mca'
rm 'servidor_minecraft/world/poi/r.1.-1.mca'
rm 'servidor_minecraft/world/poi/r.1.-2.mca'
rm 'servidor_minecraft/world/poi/r.1.-3.mca'
rm 'servidor_minecraft/world/poi/r.1.-4.mca'
rm 'servidor_minecraft/world/poi/r.1.0.mca'
rm 'servidor_minecraft/world/poi/r.2.-2.mca'
rm 'servidor_minecraft/world/poi/r.2.-3.mca'
rm 'servidor_minecraft/world/poi/r.2.-4.mca'
rm 'servidor_minecraft/world/poi/r.3.-2.mca'
rm 'servidor_minecraft/world/poi/r.3.-3.mca'
rm 'servidor_minecraft/world/poi/r.3.-4.mca'
rm 'servidor_minecraft/world/region/r.-1.-1.mca'
rm 'servidor_minecraft/world/region/r.-1.-2.mca'
rm 'servidor_minecraft/world/region/r.-1.-3.mca'
rm 'servidor_minecraft/world/region/r.-1.-4.mca'
rm 'servidor_minecraft/world/region/r.-1.0.mca'
rm 'servidor_minecraft/world/region/r.-1.1.mca'
rm 'servidor_minecraft/world/region/r.-2.-1.mca'
rm 'servidor_minecraft/world/region/r.-2.-2.mca'
rm 'servidor_minecraft/world/region/r.-2.-3.mca'
rm 'servidor_minecraft/world/region/r.-2.-4.mca'
rm 'servidor_minecraft/world/region/r.-2.0.mca'
rm 'servidor_minecraft/world/region/r.-2.1.mca'
rm 'servidor_minecraft/world/region/r.0.-1.mca'
rm 'servidor_minecraft/world/region/r.0.-2.mca'
rm 'servidor_minecraft/world/region/r.0.-3.mca'
rm 'servidor_minecraft/world/region/r.0.-4.mca'
rm 'servidor_minecraft/world/region/r.0.0.mca'
rm 'servidor_minecraft/world/region/r.1.-1.mca'
rm 'servidor_minecraft/world/region/r.1.-2.mca'
rm 'servidor_minecraft/world/region/r.1.-3.mca'
rm 'servidor_minecraft/world/region/r.1.-4.mca'
rm 'servidor_minecraft/world/region/r.1.0.mca'
rm 'servidor_minecraft/world/region/r.2.-2.mca'
rm 'servidor_minecraft/world/region/r.2.-3.mca'
rm 'servidor_minecraft/world/region/r.2.-4.mca'
rm 'servidor_minecraft/world/region/r.3.-2.mca'
rm 'servidor_minecraft/world/region/r.3.-3.mca'
rm 'servidor_minecraft/world/region/r.3.-4.mca'
rm 'servidor_minecraft/world/serverconfig/configurablecane-server.toml'
rm 'servidor_minecraft/world/serverconfig/curios-server.toml'
rm 'servidor_minecraft/world/serverconfig/forge-server.toml'
rm 'servidor_minecraft/world/serverconfig/jei-server.toml'
rm 'servidor_minecraft/world/serverconfig/journeymap-server.toml'
rm 'servidor_minecraft/world/session.lock'
rm 'servidor_minecraft/world/stats/43d79b3e-4afa-37fb-a395-aac4dcd856c6.json'
rm 'servidor_minecraft/world/stats/9221eae4-d002-3ea6-a2ca-c4c421bfbe27.json'
rm 'servidor_minecraft/world/stats/ed821a9b-cfc7-343b-9491-331781f0bba2.json'
rm 'servidor_minecraft/world/tombstone/loottables/tombstone-pool-archaeology.json'
rm 'servidor_minecraft/world/tombstone/loottables/tombstone-pool-cat_morning.json'
rm 'servidor_minecraft/world/tombstone/loottables/tombstone-pool-chest_treasure.bak'
rm 'servidor_minecraft/world/tombstone/loottables/tombstone-pool-chest_treasure.json'
rm 'servidor_minecraft/world/tombstone/loottables/tombstone-pool-lost_treasure.json'
rm 'servidor_minecraft/world/tombstone/loottables/tombstone-pool-seeker_rod.json'
rm 'servidor_minecraft/world/tombstone/loottables/tombstone-pool-sniffer_digging.json'
rm 'servidor_minecraft/world/tombstone/loottables/tombstone-pool-undead_boss.json'
rm 'servidor_minecraft/world/tombstone/loottables/tombstone-pool-undead_mob.json'
rm 'servidor_minecraft/world/tombstone/saved_players/43d79b3e-4afa-37fb-a395-aac4dcd856c6/20241021-140013.save'
rm 'servidor_minecraft/world/tombstone/saved_players/43d79b3e-4afa-37fb-a395-aac4dcd856c6/20241021-232918.save'
rm 'servidor_minecraft/world/tombstone/saved_players/43d79b3e-4afa-37fb-a395-aac4dcd856c6/20241021-234441.save'
rm 'servidor_minecraft/world/tombstone/saved_players/43d79b3e-4afa-37fb-a395-aac4dcd856c6/20241022-000441.save'
rm 'servidor_minecraft/world/tombstone/saved_players/43d79b3e-4afa-37fb-a395-aac4dcd856c6/20241022-002441.save'
rm 'servidor_minecraft/world/tombstone/saved_players/43d79b3e-4afa-37fb-a395-aac4dcd856c6/20241022-140408.save'
rm 'servidor_minecraft/world/tombstone/saved_players/43d79b3e-4afa-37fb-a395-aac4dcd856c6/20241023-232232.save'
rm 'servidor_minecraft/world/tombstone/saved_players/43d79b3e-4afa-37fb-a395-aac4dcd856c6/20241023-234232.save'
rm 'servidor_minecraft/world/tombstone/saved_players/9221eae4-d002-3ea6-a2ca-c4c421bfbe27/20241021-232918.save'
rm 'servidor_minecraft/world/tombstone/saved_players/9221eae4-d002-3ea6-a2ca-c4c421bfbe27/20241021-233108.save'
rm 'servidor_minecraft/world/tombstone/saved_players/9221eae4-d002-3ea6-a2ca-c4c421bfbe27/20241021-233117.save'
rm 'servidor_minecraft/world/tombstone/saved_players/9221eae4-d002-3ea6-a2ca-c4c421bfbe27/20241021-233305.save'
rm 'servidor_minecraft/world/tombstone/saved_players/9221eae4-d002-3ea6-a2ca-c4c421bfbe27/20241021-233725.save'
rm 'servidor_minecraft/world/tombstone/saved_players/9221eae4-d002-3ea6-a2ca-c4c421bfbe27/20241021-233935.save'
rm 'servidor_minecraft/world/tombstone/saved_players/9221eae4-d002-3ea6-a2ca-c4c421bfbe27/20241021-234022.save'
rm 'servidor_minecraft/world/tombstone/saved_players/9221eae4-d002-3ea6-a2ca-c4c421bfbe27/20241021-234441.save'
rm 'servidor_minecraft/world/tombstone/saved_players/9221eae4-d002-3ea6-a2ca-c4c421bfbe27/20241021-234456.save'
rm 'servidor_minecraft/world/tombstone/saved_players/9221eae4-d002-3ea6-a2ca-c4c421bfbe27/20241022-000441.save'
rm 'servidor_minecraft/world/tombstone/saved_players/9221eae4-d002-3ea6-a2ca-c4c421bfbe27/20241022-001502.save'
rm 'servidor_minecraft/world/tombstone/saved_players/9221eae4-d002-3ea6-a2ca-c4c421bfbe27/20241022-002441.save'
rm 'servidor_minecraft/world/tombstone/saved_players/9221eae4-d002-3ea6-a2ca-c4c421bfbe27/20241022-003438.save'
rm 'servidor_minecraft/world/tombstone/saved_players/9221eae4-d002-3ea6-a2ca-c4c421bfbe27/20241025-224834.save'
rm 'servidor_minecraft/world/tombstone/saved_players/9221eae4-d002-3ea6-a2ca-c4c421bfbe27/20241025-225519.save'
rm 'servidor_minecraft/world/tombstone/saved_players/ed821a9b-cfc7-343b-9491-331781f0bba2/20241021-232918.save'
rm 'servidor_minecraft/world/tombstone/version.info'
fatal: a branch named 'Minecraft_branch' already exists
stat: cannot stat 'servidor_minecraft/mods/ClearLag': No such file or directory
fatal: pathspec 'servidor_minecraft/mods/ClearLag' did not match any files
stat: cannot stat '1.20.1.jar': No such file or directory
fatal: pathspec '1.20.1.jar' did not match any files
stat: cannot stat 'servidor_minecraft/mods/Explorify': No such file or directory
fatal: pathspec 'servidor_minecraft/mods/Explorify' did not match any files
stat: cannot stat 'v1.6.1': No such file or directory
fatal: pathspec 'v1.6.1' did not match any files
stat: cannot stat 'f10-48.jar': No such file or directory
fatal: pathspec 'f10-48.jar' did not match any files
stat: cannot stat 'servidor_minecraft/mods/ironchest-1.20.1-14.4.4': No such file or directory
fatal: pathspec 'servidor_minecraft/mods/ironchest-1.20.1-14.4.4' did not match any files
stat: cannot stat '(1).jar': No such file or directory
fatal: pathspec '(1).jar' did not match any files
stat: cannot stat 'servidor_minecraft/mods/Cardinal': No such file or directory
fatal: pathspec 'servidor_minecraft/mods/Cardinal' did not match any files
stat: cannot stat 'Sins': No such file or directory
fatal: pathspec 'Sins' did not match any files
stat: cannot stat '1.0.3.jar': No such file or directory
fatal: pathspec '1.0.3.jar' did not match any files
stat: cannot stat 'server': No such file or directory
stat: cannot stat '(1).py': No such file or directory
stat: cannot stat 'servidor_minecraft/world/tombstone/saved_players/9221eae4-d002-3ea6-a2ca-c4c421bfbe27/20241021-232918.save': No such file or directory
Obteniendo cambios del remoto...
Fusionando cambios del remoto en la rama actual...
Already up to date.
Realizando push forzado en la rama Minecraft_branch con archivos menores de 100 MB
remote: warning: See https://gh.io/lfs for more information.        
remote: warning: File servidor_minecraft/mods/alexscaves-2.0.0.jar is 71.31 MB; this is larger than GitHub's recommended maximum file size of 50.00 MB        
remote: warning: GH001: Large files detected. You may want to try Git Large File Storage - https://git-lfs.github.com.        
To https://github.com/jaime412/Minecraft_branch.git
 + de037e8...d2c07ed Minecraft_branch -> Minecraft_branch (forced update)
Push forzado realizado con éxito en la rama Minecraft_branch.
[Minecraft_branch 7ab6a59] Añadido excluded_files.txt con los archivos grandes excluidos
 1 file changed, 0 insertions(+), 0 deletions(-)
 create mode 100644 excluded_files.txt
To https://github.com/jaime412/Minecraft_branch.git
   d2c07ed..7ab6a59  Minecraft_branch -> Minecraft_branch
Esperando 10 minutos antes de la próxima ejecución...
Iniciando proceso de sincronización...
Nombre de la rama actual: Minecraft_branch
Obteniendo la URL del repositorio remoto
origin	https://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@github.com/jaime412/Minecraft_branch.git (fetch)
origin	https://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@github.com/jaime412/Minecraft_branch.git (push)
rm '.gitignore'
rm 'addons/Branchutil.addon'
rm 'addons/Utilidades.py'
rm 'addons/url-del-branch.json'
rm 'configuracion.json'
rm 'excluded_files.txt'
rm 'output.log'
rm 'playit.status'
rm 'playit.tunnels'
rm 'respaldos/world_respaldo.zip'
rm 'server (1).py'
rm 'servidor_minecraft/banned-ips.json'
rm 'servidor_minecraft/banned-players.json'
rm 'servidor_minecraft/config/Elenai-Dodge-2-Common.toml'
rm 'servidor_minecraft/config/Feathers-Common.toml'
rm 'servidor_minecraft/config/Obscuria/aquamirae-common.toml'
rm 'servidor_minecraft/config/Plushie_Buddies-Common.toml'
rm 'servidor_minecraft/config/ShieldExpansion-common.toml'
rm 'servidor_minecraft/config/alexscaves-general.toml'
rm 'servidor_minecraft/config/alexscaves_biome_generation/abyssal_chasm.json'
rm 'servidor_minecraft/config/alexscaves_biome_generation/candy_cavity.json'
rm 'servidor_minecraft/config/alexscaves_biome_generation/forlorn_hollows.json'
rm 'servidor_minecraft/config/alexscaves_biome_generation/magnetic_caves.json'
rm 'servidor_minecraft/config/alexscaves_biome_generation/primordial_caves.json'
rm 'servidor_minecraft/config/alexscaves_biome_generation/toxic_caves.json'
rm 'servidor_minecraft/config/alexsmobs.toml'
rm 'servidor_minecraft/config/alexsmobs/alligator_snapping_turtle_spawns.json'
rm 'servidor_minecraft/config/alexsmobs/anaconda_spawns.json'
rm 'servidor_minecraft/config/alexsmobs/anteater_spawns.json'
rm 'servidor_minecraft/config/alexsmobs/bald_eagle_spawns.json'
rm 'servidor_minecraft/config/alexsmobs/banana_slug_spawns.json'
rm 'servidor_minecraft/config/alexsmobs/bison_spawns.json'
rm 'servidor_minecraft/config/alexsmobs/blobfish_spawns.json'
rm 'servidor_minecraft/config/alexsmobs/blue_jay_spawns.json'
rm 'servidor_minecraft/config/alexsmobs/bone_serpent_spawns.json'
rm 'servidor_minecraft/config/alexsmobs/bunfungus_spawns.json'
rm 'servidor_minecraft/config/alexsmobs/cachalot_whale_beached_spawns.json'
rm 'servidor_minecraft/config/alexsmobs/cachalot_whale_spawns.json'
rm 'servidor_minecraft/config/alexsmobs/caiman_spawns.json'
rm 'servidor_minecraft/config/alexsmobs/capuchin_monkey_spawns.json'
rm 'servidor_minecraft/config/alexsmobs/catfish_spawns.json'
rm 'servidor_minecraft/config/alexsmobs/cave_centipede_spawns.json'
rm 'servidor_minecraft/config/alexsmobs/cockroach_spawns.json'
rm 'servidor_minecraft/config/alexsmobs/comb_jelly_spawns.json'
rm 'servidor_minecraft/config/alexsmobs/cosmaw_spawns.json'
rm 'servidor_minecraft/config/alexsmobs/cosmic_cod_spawns.json'
rm 'servidor_minecraft/config/alexsmobs/crimson_mosquito_spawns.json'
rm 'servidor_minecraft/config/alexsmobs/crocodile_spawns.json'
rm 'servidor_minecraft/config/alexsmobs/crow_spawns.json'
rm 'servidor_minecraft/config/alexsmobs/devils_hole_pupfish_spawns.json'
rm 'servidor_minecraft/config/alexsmobs/dropbear_spawns.json'
rm 'servidor_minecraft/config/alexsmobs/elephant_spawns.json'
rm 'servidor_minecraft/config/alexsmobs/emu_spawns.json'
rm 'servidor_minecraft/config/alexsmobs/endergrade_spawns.json'
rm 'servidor_minecraft/config/alexsmobs/enderiophage_spawns.json'
rm 'servidor_minecraft/config/alexsmobs/farseer.json'
rm 'servidor_minecraft/config/alexsmobs/flutter_spawns.json'
rm 'servidor_minecraft/config/alexsmobs/fly_spawns.json'
rm 'servidor_minecraft/config/alexsmobs/flying_fish_spawns.json'
rm 'servidor_minecraft/config/alexsmobs/frilled_shark_spawns.json'
rm 'servidor_minecraft/config/alexsmobs/froststalker_spawns.json'
rm 'servidor_minecraft/config/alexsmobs/gazelle_spawns.json'
rm 'servidor_minecraft/config/alexsmobs/gelada_monkey_spawns.json'
rm 'servidor_minecraft/config/alexsmobs/giant_squid_spawns.json'
rm 'servidor_minecraft/config/alexsmobs/gorilla_spawns.json'
rm 'servidor_minecraft/config/alexsmobs/grizzly_bear_spawns.json'
rm 'servidor_minecraft/config/alexsmobs/guster_spawns.json'
rm 'servidor_minecraft/config/alexsmobs/hammerhead_shark_spawns.json'
rm 'servidor_minecraft/config/alexsmobs/hummingbird_spawns.json'
rm 'servidor_minecraft/config/alexsmobs/jerboa_spawns.json'
rm 'servidor_minecraft/config/alexsmobs/kangaroo_spawns.json'
rm 'servidor_minecraft/config/alexsmobs/komodo_dragon_spawns.json'
rm 'servidor_minecraft/config/alexsmobs/laviathan_spawns.json'
rm 'servidor_minecraft/config/alexsmobs/leafcutter_anthill_spawns.json'
rm 'servidor_minecraft/config/alexsmobs/lobster_spawns.json'
rm 'servidor_minecraft/config/alexsmobs/maned_wolf_spawns.json'
rm 'servidor_minecraft/config/alexsmobs/mantis_shrimp_spawns.json'
rm 'servidor_minecraft/config/alexsmobs/mimic_octopus_spawns.json'
rm 'servidor_minecraft/config/alexsmobs/mimicube_spawns.json'
rm 'servidor_minecraft/config/alexsmobs/moose_spawns.json'
rm 'servidor_minecraft/config/alexsmobs/mudskipper_spawns.json'
rm 'servidor_minecraft/config/alexsmobs/mungus_spawns.json'
rm 'servidor_minecraft/config/alexsmobs/murmur.json'
rm 'servidor_minecraft/config/alexsmobs/orca_spawns.json'
rm 'servidor_minecraft/config/alexsmobs/platypus_spawns.json'
rm 'servidor_minecraft/config/alexsmobs/potoo_spawns.json'
rm 'servidor_minecraft/config/alexsmobs/raccoon_spawns.json'
rm 'servidor_minecraft/config/alexsmobs/rain_frog_spawns.json'
rm 'servidor_minecraft/config/alexsmobs/rattlesnake_spawns.json'
rm 'servidor_minecraft/config/alexsmobs/rhinoceros_spawns.json'
rm 'servidor_minecraft/config/alexsmobs/roadrunner_spawns.json'
rm 'servidor_minecraft/config/alexsmobs/rocky_roller_spawns.json'
rm 'servidor_minecraft/config/alexsmobs/seagull_spawns.json'
rm 'servidor_minecraft/config/alexsmobs/seal_spawns.json'
rm 'servidor_minecraft/config/alexsmobs/shoebill_spawns.json'
rm 'servidor_minecraft/config/alexsmobs/skelewag_spawns.json'
rm 'servidor_minecraft/config/alexsmobs/skreecher.json'
rm 'servidor_minecraft/config/alexsmobs/skunk_spawns.json'
rm 'servidor_minecraft/config/alexsmobs/snow_leopard_spawns.json'
rm 'servidor_minecraft/config/alexsmobs/soul_vulture_spawns.json'
rm 'servidor_minecraft/config/alexsmobs/spectre_spawns.json'
rm 'servidor_minecraft/config/alexsmobs/straddler_spawns.json'
rm 'servidor_minecraft/config/alexsmobs/stradpole_spawns.json'
rm 'servidor_minecraft/config/alexsmobs/sugar_glider_spawns.json'
rm 'servidor_minecraft/config/alexsmobs/sunbird_spawns.json'
rm 'servidor_minecraft/config/alexsmobs/tarantula_hawk_spawns.json'
rm 'servidor_minecraft/config/alexsmobs/tasmanian_devil_spawns.json'
rm 'servidor_minecraft/config/alexsmobs/terrapin_spawns.json'
rm 'servidor_minecraft/config/alexsmobs/tiger_spawns.json'
rm 'servidor_minecraft/config/alexsmobs/toucan_spawns.json'
rm 'servidor_minecraft/config/alexsmobs/triops_spawns.json'
rm 'servidor_minecraft/config/alexsmobs/tusklin_spawns.json'
rm 'servidor_minecraft/config/alexsmobs/underminer.json'
rm 'servidor_minecraft/config/alexsmobs/void_worm_spawns.json'
rm 'servidor_minecraft/config/alexsmobs/warped_mosco_spawns.json'
rm 'servidor_minecraft/config/alexsmobs/warped_toad_spawns.json'
rm 'servidor_minecraft/config/aoa3/integrations_config.toml'
rm 'servidor_minecraft/config/apotheosis/adventure.cfg'
rm 'servidor_minecraft/config/apotheosis/apotheosis.cfg'
rm 'servidor_minecraft/config/apotheosis/ench.cfg'
rm 'servidor_minecraft/config/apotheosis/enchantments.cfg'
rm 'servidor_minecraft/config/apotheosis/garden.cfg'
rm 'servidor_minecraft/config/apotheosis/names.cfg'
rm 'servidor_minecraft/config/apotheosis/potion.cfg'
rm 'servidor_minecraft/config/apotheosis/spawner.cfg'
rm 'servidor_minecraft/config/apotheosis/village.cfg'
rm 'servidor_minecraft/config/attributeslib.cfg'
rm 'servidor_minecraft/config/balm-common.toml'
rm 'servidor_minecraft/config/bettercombat/fallback_compatibility.json'
rm 'servidor_minecraft/config/bettercombat/server.json5'
rm 'servidor_minecraft/config/carryon-common.toml'
rm 'servidor_minecraft/config/cataclysm.toml'
rm 'servidor_minecraft/config/cataclysm/amethyst_crab_spawns.json'
rm 'servidor_minecraft/config/cataclysm/coral_golem_spawns.json'
rm 'servidor_minecraft/config/cataclysm/deepling_angler_spawns.json'
rm 'servidor_minecraft/config/cataclysm/deepling_brute_spawns.json'
rm 'servidor_minecraft/config/cataclysm/deepling_priest_spawns.json'
rm 'servidor_minecraft/config/cataclysm/deepling_spawns.json'
rm 'servidor_minecraft/config/cataclysm/deepling_warlock_spawns.json'
rm 'servidor_minecraft/config/cataclysm/koboleton_spawns.json'
rm 'servidor_minecraft/config/citadel-common.toml'
rm 'servidor_minecraft/config/combatroll/enchantments.json'
rm 'servidor_minecraft/config/combatroll/server.json5'
rm 'servidor_minecraft/config/curios-common.toml'
rm 'servidor_minecraft/config/embeddium-mixins.properties'
rm 'servidor_minecraft/config/embeddium-options.json'
rm 'servidor_minecraft/config/epicknights/armor.json5'
rm 'servidor_minecraft/config/epicknights/general.json5'
rm 'servidor_minecraft/config/epicknights/mobs_equipment.json5'
rm 'servidor_minecraft/config/epicknights/shields.json5'
rm 'servidor_minecraft/config/epicknights/weapons.json5'
rm 'servidor_minecraft/config/ferritecore-mixin.toml'
rm 'servidor_minecraft/config/fml.toml'
rm 'servidor_minecraft/config/iceandfire-common.toml'
rm 'servidor_minecraft/config/iceandfire/amphithere_biomes.json'
rm 'servidor_minecraft/config/iceandfire/cockatrice_biomes.json'
rm 'servidor_minecraft/config/iceandfire/cyclops_cave_biomes.json'
rm 'servidor_minecraft/config/iceandfire/deathworm_biomes.json'
rm 'servidor_minecraft/config/iceandfire/desert_myrmex_biomes.json'
rm 'servidor_minecraft/config/iceandfire/fire_dragon_biomes.json'
rm 'servidor_minecraft/config/iceandfire/fire_dragon_cave_biomes.json'
rm 'servidor_minecraft/config/iceandfire/fire_dragon_skeleton_biomes.json'
rm 'servidor_minecraft/config/iceandfire/fire_lily_biomes.json'
rm 'servidor_minecraft/config/iceandfire/forest_troll_biomes.json'
rm 'servidor_minecraft/config/iceandfire/frost_lily_biomes.json'
rm 'servidor_minecraft/config/iceandfire/gorgon_temple_biomes.json'
rm 'servidor_minecraft/config/iceandfire/graveyard_biomes.json'
rm 'servidor_minecraft/config/iceandfire/hippocampus_biomes.json'
rm 'servidor_minecraft/config/iceandfire/hippogryph_biomes.json'
rm 'servidor_minecraft/config/iceandfire/hippogryph_black_biomes.json'
rm 'servidor_minecraft/config/iceandfire/hippogryph_brown_biomes.json'
rm 'servidor_minecraft/config/iceandfire/hippogryph_chestnut_biomes.json'
rm 'servidor_minecraft/config/iceandfire/hippogryph_creamy_biomes.json'
rm 'servidor_minecraft/config/iceandfire/hippogryph_dark_brown_biomes.json'
rm 'servidor_minecraft/config/iceandfire/hippogryph_gray_biomes.json'
rm 'servidor_minecraft/config/iceandfire/hippogryph_white_biomes.json'
rm 'servidor_minecraft/config/iceandfire/hydra_cave_biomes.json'
rm 'servidor_minecraft/config/iceandfire/ice_dragon_biomes.json'
rm 'servidor_minecraft/config/iceandfire/ice_dragon_cave_biomes.json'
rm 'servidor_minecraft/config/iceandfire/ice_dragon_skeleton_biomes.json'
rm 'servidor_minecraft/config/iceandfire/jungle_myrmex_biomes.json'
rm 'servidor_minecraft/config/iceandfire/lightning_dragon_biomes.json'
rm 'servidor_minecraft/config/iceandfire/lightning_dragon_cave_biomes.json'
rm 'servidor_minecraft/config/iceandfire/lightning_dragon_skeleton_biomes.json'
rm 'servidor_minecraft/config/iceandfire/lightning_lily_biomes.json'
rm 'servidor_minecraft/config/iceandfire/mausoleum_biomes.json'
rm 'servidor_minecraft/config/iceandfire/mountain_troll_biomes.json'
rm 'servidor_minecraft/config/iceandfire/ore_gen_biomes.json'
rm 'servidor_minecraft/config/iceandfire/pixie_village_biomes.json'
rm 'servidor_minecraft/config/iceandfire/sapphire_gen_biomes.json'
rm 'servidor_minecraft/config/iceandfire/sea_serpent_biomes.json'
rm 'servidor_minecraft/config/iceandfire/siren_biomes.json'
rm 'servidor_minecraft/config/iceandfire/snowy_troll_biomes.json'
rm 'servidor_minecraft/config/iceandfire/stymphalian_bird_biomes.json'
rm 'servidor_minecraft/config/iceandfire/wandering_cyclops_biomes.json'
rm 'servidor_minecraft/config/immediatelyfast.json'
rm 'servidor_minecraft/config/inventorypets-common.toml'
rm 'servidor_minecraft/config/jade/server-plugin-overrides.json'
rm 'servidor_minecraft/config/jade/sort-order.json'
rm 'servidor_minecraft/config/jeresources-common.toml'
rm 'servidor_minecraft/config/jeresources.toml'
rm 'servidor_minecraft/config/just_leveling-common.toml'
rm 'servidor_minecraft/config/lithium.properties'
rm 'servidor_minecraft/config/majruszlibrary.json'
rm 'servidor_minecraft/config/majruszsdifficulty.json'
rm 'servidor_minecraft/config/majruszsenchantments.json'
rm 'servidor_minecraft/config/mca.json'
rm 'servidor_minecraft/config/mysticsbiomes-common.toml'
rm 'servidor_minecraft/config/playerrevive.json'
rm 'servidor_minecraft/config/sodium-extra.properties'
rm 'servidor_minecraft/config/spawnermod.json'
rm 'servidor_minecraft/config/structure_gel-common.toml'
rm 'servidor_minecraft/config/tact-common.toml'
rm 'servidor_minecraft/config/terrablender.toml'
rm 'servidor_minecraft/config/tetra.toml'
rm 'servidor_minecraft/config/theoneprobe-common.toml'
rm 'servidor_minecraft/config/tombstone-common.toml'
rm 'servidor_minecraft/config/tombstone-server.toml'
rm 'servidor_minecraft/config/trashslot-common.toml'
rm 'servidor_minecraft/config/travelersbackpack-common.toml'
rm 'servidor_minecraft/config/yacl.json5'
rm 'servidor_minecraft/configuracion.json'
rm 'servidor_minecraft/crash-reports/crash-2024-08-01_03.17.33-server.txt'
rm 'servidor_minecraft/crash-reports/crash-2024-08-01_03.24.36-server.txt'
rm 'servidor_minecraft/crash-reports/crash-2024-08-01_03.33.05-server.txt'
rm 'servidor_minecraft/eula.txt'
rm 'servidor_minecraft/forge.jar'
rm 'servidor_minecraft/forge.jar.log'
rm 'servidor_minecraft/journeymap/server/5.10/journeymap.server.aoa3~barathos.config'
rm 'servidor_minecraft/journeymap/server/5.10/journeymap.server.aoa3~deeplands.config'
rm 'servidor_minecraft/journeymap/server/5.10/journeymap.server.aoa3~lborean.config'
rm 'servidor_minecraft/journeymap/server/5.10/journeymap.server.aoa3~lelyetia.config'
rm 'servidor_minecraft/journeymap/server/5.10/journeymap.server.aoa3~nowhere.config'
rm 'servidor_minecraft/journeymap/server/5.10/journeymap.server.aoa3~precasia.config'
rm 'servidor_minecraft/journeymap/server/5.10/journeymap.server.aoa3~precasia_backup.config'
rm 'servidor_minecraft/journeymap/server/5.10/journeymap.server.deeperdarker~otherside.config'
rm 'servidor_minecraft/journeymap/server/5.10/journeymap.server.default.config'
rm 'servidor_minecraft/journeymap/server/5.10/journeymap.server.global.config'
rm 'servidor_minecraft/journeymap/server/5.10/journeymap.server.minecraft~overworld.config'
rm 'servidor_minecraft/journeymap/server/5.10/journeymap.server.minecraft~the_end.config'
rm 'servidor_minecraft/journeymap/server/5.10/journeymap.server.minecraft~the_nether.config'
rm 'servidor_minecraft/journeymap/server/5.10/journeymap.server.world~madnessdimension.config'
rm 'servidor_minecraft/journeymap/server/5.10/journeymap.server.world~worldtest_1.config'
rm 'servidor_minecraft/libraries/com/electronwill/night-config/core/3.6.4/core-3.6.4.jar'
rm 'servidor_minecraft/libraries/com/electronwill/night-config/toml/3.6.4/toml-3.6.4.jar'
rm 'servidor_minecraft/libraries/com/github/jponge/lzma-java/1.3/lzma-java-1.3.jar'
rm 'servidor_minecraft/libraries/com/github/oshi/oshi-core/6.2.2/oshi-core-6.2.2.jar'
rm 'servidor_minecraft/libraries/com/google/code/findbugs/jsr305/3.0.2/jsr305-3.0.2.jar'
rm 'servidor_minecraft/libraries/com/google/code/gson/gson/2.10/gson-2.10.jar'
rm 'servidor_minecraft/libraries/com/google/code/gson/gson/2.8.7/gson-2.8.7.jar'
rm 'servidor_minecraft/libraries/com/google/errorprone/error_prone_annotations/2.1.3/error_prone_annotations-2.1.3.jar'
rm 'servidor_minecraft/libraries/com/google/guava/failureaccess/1.0.1/failureaccess-1.0.1.jar'
rm 'servidor_minecraft/libraries/com/google/guava/guava/20.0/guava-20.0.jar'
rm 'servidor_minecraft/libraries/com/google/guava/guava/25.1-jre/guava-25.1-jre.jar'
rm 'servidor_minecraft/libraries/com/google/guava/guava/31.1-jre/guava-31.1-jre.jar'
rm 'servidor_minecraft/libraries/com/google/j2objc/j2objc-annotations/1.1/j2objc-annotations-1.1.jar'
rm 'servidor_minecraft/libraries/com/mojang/authlib/4.0.43/authlib-4.0.43.jar'
rm 'servidor_minecraft/libraries/com/mojang/brigadier/1.1.8/brigadier-1.1.8.jar'
rm 'servidor_minecraft/libraries/com/mojang/datafixerupper/6.0.8/datafixerupper-6.0.8.jar'
rm 'servidor_minecraft/libraries/com/mojang/logging/1.1.1/logging-1.1.1.jar'
rm 'servidor_minecraft/libraries/com/nothome/javaxdelta/2.0.1/javaxdelta-2.0.1.jar'
rm 'servidor_minecraft/libraries/com/opencsv/opencsv/4.4/opencsv-4.4.jar'
rm 'servidor_minecraft/libraries/commons-beanutils/commons-beanutils/1.9.3/commons-beanutils-1.9.3.jar'
rm 'servidor_minecraft/libraries/commons-collections/commons-collections/3.2.2/commons-collections-3.2.2.jar'
rm 'servidor_minecraft/libraries/commons-io/commons-io/2.11.0/commons-io-2.11.0.jar'
rm 'servidor_minecraft/libraries/commons-io/commons-io/2.4/commons-io-2.4.jar'
rm 'servidor_minecraft/libraries/commons-logging/commons-logging/1.2/commons-logging-1.2.jar'
rm 'servidor_minecraft/libraries/cpw/mods/bootstraplauncher/1.1.2/bootstraplauncher-1.1.2.jar'
rm 'servidor_minecraft/libraries/cpw/mods/modlauncher/10.0.9/modlauncher-10.0.9.jar'
rm 'servidor_minecraft/libraries/cpw/mods/securejarhandler/2.1.10/securejarhandler-2.1.10.jar'
rm 'servidor_minecraft/libraries/de/oceanlabs/mcp/mcp_config/1.20.1-20230612.114412/mcp_config-1.20.1-20230612.114412-mappings-merged.txt'
rm 'servidor_minecraft/libraries/de/oceanlabs/mcp/mcp_config/1.20.1-20230612.114412/mcp_config-1.20.1-20230612.114412-mappings.txt'
rm 'servidor_minecraft/libraries/de/oceanlabs/mcp/mcp_config/1.20.1-20230612.114412/mcp_config-1.20.1-20230612.114412.zip'
rm 'servidor_minecraft/libraries/de/siegmar/fastcsv/2.0.0/fastcsv-2.0.0.jar'
rm 'servidor_minecraft/libraries/io/netty/netty-buffer/4.1.82.Final/netty-buffer-4.1.82.Final.jar'
rm 'servidor_minecraft/libraries/io/netty/netty-codec/4.1.82.Final/netty-codec-4.1.82.Final.jar'
rm 'servidor_minecraft/libraries/io/netty/netty-common/4.1.82.Final/netty-common-4.1.82.Final.jar'
rm 'servidor_minecraft/libraries/io/netty/netty-handler/4.1.82.Final/netty-handler-4.1.82.Final.jar'
rm 'servidor_minecraft/libraries/io/netty/netty-resolver/4.1.82.Final/netty-resolver-4.1.82.Final.jar'
rm 'servidor_minecraft/libraries/io/netty/netty-transport-classes-epoll/4.1.82.Final/netty-transport-classes-epoll-4.1.82.Final.jar'
rm 'servidor_minecraft/libraries/io/netty/netty-transport-native-epoll/4.1.82.Final/netty-transport-native-epoll-4.1.82.Final-linux-aarch_64.jar'
rm 'servidor_minecraft/libraries/io/netty/netty-transport-native-epoll/4.1.82.Final/netty-transport-native-epoll-4.1.82.Final-linux-x86_64.jar'
rm 'servidor_minecraft/libraries/io/netty/netty-transport-native-unix-common/4.1.82.Final/netty-transport-native-unix-common-4.1.82.Final.jar'
rm 'servidor_minecraft/libraries/io/netty/netty-transport/4.1.82.Final/netty-transport-4.1.82.Final.jar'
rm 'servidor_minecraft/libraries/it/unimi/dsi/fastutil/8.5.9/fastutil-8.5.9.jar'
rm 'servidor_minecraft/libraries/net/java/dev/jna/jna-platform/5.12.1/jna-platform-5.12.1.jar'
rm 'servidor_minecraft/libraries/net/java/dev/jna/jna/5.12.1/jna-5.12.1.jar'
rm 'servidor_minecraft/libraries/net/jodah/typetools/0.6.3/typetools-0.6.3.jar'
rm 'servidor_minecraft/libraries/net/md-5/SpecialSource/1.11.0/SpecialSource-1.11.0.jar'
rm 'servidor_minecraft/libraries/net/minecraft/server/1.20.1-20230612.114412/server-1.20.1-20230612.114412-extra.jar'
rm 'servidor_minecraft/libraries/net/minecraft/server/1.20.1-20230612.114412/server-1.20.1-20230612.114412-extra.jar.cache'
rm 'servidor_minecraft/libraries/net/minecraft/server/1.20.1-20230612.114412/server-1.20.1-20230612.114412-mappings.txt'
rm 'servidor_minecraft/libraries/net/minecraft/server/1.20.1-20230612.114412/server-1.20.1-20230612.114412-slim.jar'
rm 'servidor_minecraft/libraries/net/minecraft/server/1.20.1-20230612.114412/server-1.20.1-20230612.114412-slim.jar.cache'
rm 'servidor_minecraft/libraries/net/minecraft/server/1.20.1-20230612.114412/server-1.20.1-20230612.114412-srg.jar'
rm 'servidor_minecraft/libraries/net/minecraft/server/1.20.1-20230612.114412/server-1.20.1-20230612.114412-unpacked.jar'
rm 'servidor_minecraft/libraries/net/minecraft/server/1.20.1/server-1.20.1.jar'
rm 'servidor_minecraft/libraries/net/minecraftforge/ForgeAutoRenamingTool/0.1.22/ForgeAutoRenamingTool-0.1.22-all.jar'
rm 'servidor_minecraft/libraries/net/minecraftforge/JarJarFileSystems/0.3.19/JarJarFileSystems-0.3.19.jar'
rm 'servidor_minecraft/libraries/net/minecraftforge/JarJarMetadata/0.3.19/JarJarMetadata-0.3.19.jar'
rm 'servidor_minecraft/libraries/net/minecraftforge/JarJarSelector/0.3.19/JarJarSelector-0.3.19.jar'
rm 'servidor_minecraft/libraries/net/minecraftforge/accesstransformers/8.0.4/accesstransformers-8.0.4.jar'
rm 'servidor_minecraft/libraries/net/minecraftforge/binarypatcher/1.1.1/binarypatcher-1.1.1.jar'
rm 'servidor_minecraft/libraries/net/minecraftforge/coremods/5.0.1/coremods-5.0.1.jar'
rm 'servidor_minecraft/libraries/net/minecraftforge/eventbus/6.0.5/eventbus-6.0.5.jar'
rm 'servidor_minecraft/libraries/net/minecraftforge/fmlcore/1.20.1-47.2.0/fmlcore-1.20.1-47.2.0.jar'
rm 'servidor_minecraft/libraries/net/minecraftforge/fmlearlydisplay/1.20.1-47.2.0/fmlearlydisplay-1.20.1-47.2.0.jar'
rm 'servidor_minecraft/libraries/net/minecraftforge/fmlloader/1.20.1-47.2.0/fmlloader-1.20.1-47.2.0.jar'
rm 'servidor_minecraft/libraries/net/minecraftforge/forge/1.20.1-47.2.0/forge-1.20.1-47.2.0-server.jar'
rm 'servidor_minecraft/libraries/net/minecraftforge/forge/1.20.1-47.2.0/forge-1.20.1-47.2.0-universal.jar'
rm 'servidor_minecraft/libraries/net/minecraftforge/forge/1.20.1-47.2.0/unix_args.txt'
rm 'servidor_minecraft/libraries/net/minecraftforge/forge/1.20.1-47.2.0/win_args.txt'
rm 'servidor_minecraft/libraries/net/minecraftforge/forgespi/7.0.1/forgespi-7.0.1.jar'
rm 'servidor_minecraft/libraries/net/minecraftforge/installertools/1.3.0/installertools-1.3.0.jar'
rm 'servidor_minecraft/libraries/net/minecraftforge/jarsplitter/1.1.4/jarsplitter-1.1.4.jar'
rm 'servidor_minecraft/libraries/net/minecraftforge/javafmllanguage/1.20.1-47.2.0/javafmllanguage-1.20.1-47.2.0.jar'
rm 'servidor_minecraft/libraries/net/minecraftforge/lowcodelanguage/1.20.1-47.2.0/lowcodelanguage-1.20.1-47.2.0.jar'
rm 'servidor_minecraft/libraries/net/minecraftforge/mclanguage/1.20.1-47.2.0/mclanguage-1.20.1-47.2.0.jar'
rm 'servidor_minecraft/libraries/net/minecraftforge/mergetool/1.1.5/mergetool-1.1.5-api.jar'
rm 'servidor_minecraft/libraries/net/minecraftforge/srgutils/0.4.11/srgutils-0.4.11.jar'
rm 'servidor_minecraft/libraries/net/minecraftforge/srgutils/0.4.3/srgutils-0.4.3.jar'
rm 'servidor_minecraft/libraries/net/minecraftforge/srgutils/0.4.9/srgutils-0.4.9.jar'
rm 'servidor_minecraft/libraries/net/minecraftforge/unsafe/0.2.0/unsafe-0.2.0.jar'
rm 'servidor_minecraft/libraries/net/minecrell/terminalconsoleappender/1.2.0/terminalconsoleappender-1.2.0.jar'
rm 'servidor_minecraft/libraries/net/sf/jopt-simple/jopt-simple/5.0.4/jopt-simple-5.0.4.jar'
rm 'servidor_minecraft/libraries/net/sf/jopt-simple/jopt-simple/6.0-alpha-3/jopt-simple-6.0-alpha-3.jar'
rm 'servidor_minecraft/libraries/org/antlr/antlr4-runtime/4.9.1/antlr4-runtime-4.9.1.jar'
rm 'servidor_minecraft/libraries/org/apache/commons/commons-collections4/4.2/commons-collections4-4.2.jar'
rm 'servidor_minecraft/libraries/org/apache/commons/commons-lang3/3.12.0/commons-lang3-3.12.0.jar'
rm 'servidor_minecraft/libraries/org/apache/commons/commons-lang3/3.8.1/commons-lang3-3.8.1.jar'
rm 'servidor_minecraft/libraries/org/apache/commons/commons-text/1.3/commons-text-1.3.jar'
rm 'servidor_minecraft/libraries/org/apache/logging/log4j/log4j-api/2.19.0/log4j-api-2.19.0.jar'
rm 'servidor_minecraft/libraries/org/apache/logging/log4j/log4j-core/2.19.0/log4j-core-2.19.0.jar'
rm 'servidor_minecraft/libraries/org/apache/logging/log4j/log4j-slf4j2-impl/2.19.0/log4j-slf4j2-impl-2.19.0.jar'
rm 'servidor_minecraft/libraries/org/apache/maven/maven-artifact/3.8.5/maven-artifact-3.8.5.jar'
rm 'servidor_minecraft/libraries/org/checkerframework/checker-qual/2.0.0/checker-qual-2.0.0.jar'
rm 'servidor_minecraft/libraries/org/codehaus/mojo/animal-sniffer-annotations/1.14/animal-sniffer-annotations-1.14.jar'
rm 'servidor_minecraft/libraries/org/jline/jline-reader/3.12.1/jline-reader-3.12.1.jar'
rm 'servidor_minecraft/libraries/org/jline/jline-terminal/3.12.1/jline-terminal-3.12.1.jar'
rm 'servidor_minecraft/libraries/org/joml/joml/1.10.5/joml-1.10.5.jar'
rm 'servidor_minecraft/libraries/org/openjdk/nashorn/nashorn-core/15.3/nashorn-core-15.3.jar'
rm 'servidor_minecraft/libraries/org/ow2/asm/asm-analysis/9.2/asm-analysis-9.2.jar'
rm 'servidor_minecraft/libraries/org/ow2/asm/asm-analysis/9.3/asm-analysis-9.3.jar'
rm 'servidor_minecraft/libraries/org/ow2/asm/asm-analysis/9.5/asm-analysis-9.5.jar'
rm 'servidor_minecraft/libraries/org/ow2/asm/asm-commons/9.2/asm-commons-9.2.jar'
rm 'servidor_minecraft/libraries/org/ow2/asm/asm-commons/9.3/asm-commons-9.3.jar'
rm 'servidor_minecraft/libraries/org/ow2/asm/asm-commons/9.5/asm-commons-9.5.jar'
rm 'servidor_minecraft/libraries/org/ow2/asm/asm-tree/9.2/asm-tree-9.2.jar'
rm 'servidor_minecraft/libraries/org/ow2/asm/asm-tree/9.3/asm-tree-9.3.jar'
rm 'servidor_minecraft/libraries/org/ow2/asm/asm-tree/9.5/asm-tree-9.5.jar'
rm 'servidor_minecraft/libraries/org/ow2/asm/asm-util/9.5/asm-util-9.5.jar'
rm 'servidor_minecraft/libraries/org/ow2/asm/asm/9.2/asm-9.2.jar'
rm 'servidor_minecraft/libraries/org/ow2/asm/asm/9.3/asm-9.3.jar'
rm 'servidor_minecraft/libraries/org/ow2/asm/asm/9.5/asm-9.5.jar'
rm 'servidor_minecraft/libraries/org/slf4j/slf4j-api/2.0.1/slf4j-api-2.0.1.jar'
rm 'servidor_minecraft/libraries/org/spongepowered/mixin/0.8.5/mixin-0.8.5.jar'
rm 'servidor_minecraft/libraries/trove/trove/1.0.2/trove-1.0.2.jar'
rm 'servidor_minecraft/logs/2024-07-22-10.log.gz'
rm 'servidor_minecraft/logs/2024-07-22-11.log.gz'
rm 'servidor_minecraft/logs/2024-07-22-12.log.gz'
rm 'servidor_minecraft/logs/2024-07-22-2.log.gz'
rm 'servidor_minecraft/logs/2024-07-22-3.log.gz'
rm 'servidor_minecraft/logs/2024-07-22-4.log.gz'
rm 'servidor_minecraft/logs/2024-07-22-5.log.gz'
rm 'servidor_minecraft/logs/2024-07-22-6.log.gz'
rm 'servidor_minecraft/logs/2024-07-22-7.log.gz'
rm 'servidor_minecraft/logs/2024-07-22-8.log.gz'
rm 'servidor_minecraft/logs/2024-07-22-9.log.gz'
rm 'servidor_minecraft/logs/2024-07-24-2.log.gz'
rm 'servidor_minecraft/logs/2024-07-24-3.log.gz'
rm 'servidor_minecraft/logs/2024-07-25-2.log.gz'
rm 'servidor_minecraft/logs/2024-07-25-3.log.gz'
rm 'servidor_minecraft/logs/2024-08-01-2.log.gz'
rm 'servidor_minecraft/logs/2024-08-01-3.log.gz'
rm 'servidor_minecraft/logs/2024-08-01-4.log.gz'
rm 'servidor_minecraft/logs/2024-08-01-5.log.gz'
rm 'servidor_minecraft/logs/2024-09-28-2.log.gz'
rm 'servidor_minecraft/logs/2024-10-21-1.log.gz'
rm 'servidor_minecraft/logs/2024-10-21-2.log.gz'
rm 'servidor_minecraft/logs/2024-10-21-3.log.gz'
rm 'servidor_minecraft/logs/2024-10-21-4.log.gz'
rm 'servidor_minecraft/logs/2024-10-21-5.log.gz'
rm 'servidor_minecraft/logs/2024-10-21-6.log.gz'
rm 'servidor_minecraft/logs/2024-10-21-7.log.gz'
rm 'servidor_minecraft/logs/2024-10-21-8.log.gz'
rm 'servidor_minecraft/logs/2024-10-22-2.log.gz'
rm 'servidor_minecraft/logs/2024-10-22-3.log.gz'
rm 'servidor_minecraft/logs/2024-10-22-4.log.gz'
rm 'servidor_minecraft/logs/2024-10-23-1.log.gz'
rm 'servidor_minecraft/logs/2024-10-24-2.log.gz'
rm 'servidor_minecraft/logs/debug-1.log.gz'
rm 'servidor_minecraft/logs/debug-2.log.gz'
rm 'servidor_minecraft/logs/debug-3.log.gz'
rm 'servidor_minecraft/logs/debug-4.log.gz'
rm 'servidor_minecraft/logs/debug-5.log.gz'
rm 'servidor_minecraft/logs/debug.log'
rm 'servidor_minecraft/logs/latest.log'
rm 'servidor_minecraft/modgest_config.json'
rm 'servidor_minecraft/modgest_debian_x64'
rm 'servidor_minecraft/mods/Apotheosis-1.20.1-7.4.0.jar'
rm 'servidor_minecraft/mods/ApothicAttributes-1.20.1-1.3.5.jar'
rm 'servidor_minecraft/mods/Bookshelf-Forge-1.20.1-20.2.13.jar'
rm 'servidor_minecraft/mods/ConfigurableCane-1.20-2.5.2.jar'
rm 'servidor_minecraft/mods/CreativeCore_FORGE_v2.11.31_mc1.20.1.jar'
rm 'servidor_minecraft/mods/DungeonsArise-1.20.x-2.1.58-release.jar'
rm 'servidor_minecraft/mods/EnchantmentDescriptions-Forge-1.20.1-17.0.16.jar'
rm 'servidor_minecraft/mods/ImmediatelyFast-Forge-1.2.8+1.20.4.jar'
rm 'servidor_minecraft/mods/Incendium_1.20.x_v5.3.5.jar'
rm 'servidor_minecraft/mods/Jade-1.20.1-forge-11.9.4.jar'
rm 'servidor_minecraft/mods/JustEnoughResources-1.20.1-1.4.0.247.jar'
rm 'servidor_minecraft/mods/KOTM-CaliganBetaUpdate.jar'
rm 'servidor_minecraft/mods/L_Enders_Cataclysm-1.99.6-1.20.1.jar'
rm 'servidor_minecraft/mods/MaxHealthFix-Forge-1.20.1-12.0.3.jar'
rm 'servidor_minecraft/mods/Patchouli-1.20.1-84-FORGE.jar'
rm 'servidor_minecraft/mods/Placebo-1.20.1-8.6.2.jar'
rm 'servidor_minecraft/mods/PlayerRevive_FORGE_v2.0.25_mc1.20.1.jar'
rm 'servidor_minecraft/mods/Structory_1.20.x_v1.3.5.jar'
rm 'servidor_minecraft/mods/TaxCastlePillager+M.1.20.1+ForM.1.0.1.jar'
rm 'servidor_minecraft/mods/TerraBlender-forge-1.20.1-3.0.1.7.jar'
rm 'servidor_minecraft/mods/YetAnotherConfigLib-3.5.0+1.20.1-forge.jar'
rm 'servidor_minecraft/mods/alexscaves-2.0.0.jar'
rm 'servidor_minecraft/mods/alexsmobs-1.22.8.jar'
rm 'servidor_minecraft/mods/aquamirae-6.API15.jar'
rm 'servidor_minecraft/mods/architectury-9.2.14-forge.jar'
rm 'servidor_minecraft/mods/balm-forge-1.20.1-7.3.6-all.jar'
rm 'servidor_minecraft/mods/born_in_chaos_[Forge]1.20.1_1.3.1.jar'
rm 'servidor_minecraft/mods/carryon-forge-1.20.1-2.1.2.7.jar'
rm 'servidor_minecraft/mods/citadel-2.6.0-1.20.1.jar'
rm 'servidor_minecraft/mods/cloth-config-11.1.118-forge.jar'
rm 'servidor_minecraft/mods/combatroll-forge-1.3.2+1.20.1.jar'
rm 'servidor_minecraft/mods/curios-forge-5.9.1+1.20.1.jar'
rm 'servidor_minecraft/mods/deeperdarker-forge-1.20.1-1.2.1.jar'
rm 'servidor_minecraft/mods/elenaidodge2-1.1.jar'
rm 'servidor_minecraft/mods/embeddium-0.3.24+mc1.20.1.jar'
rm 'servidor_minecraft/mods/feathers-1.1.jar'
rm 'servidor_minecraft/mods/ferritecore-6.0.1-forge.jar'
rm 'servidor_minecraft/mods/geckolib-forge-1.20.1-4.4.7.jar'
rm 'servidor_minecraft/mods/iceandfire-2.1.13-1.20.1-beta-5.jar'
rm 'servidor_minecraft/mods/inventorypets-1.20.1-2.1.2.jar'
rm 'servidor_minecraft/mods/jei-1.20.1-forge-15.3.0.8.jar'
rm 'servidor_minecraft/mods/journeymap-1.20.1-5.10.0-forge.jar'
rm 'servidor_minecraft/mods/justleveling-forge-1.20.x-v1.7.jar'
rm 'servidor_minecraft/mods/lionfishapi-1.9.jar'
rm 'servidor_minecraft/mods/loot_journal-3.1.1.jar'
rm 'servidor_minecraft/mods/majrusz-library-forge-1.20.1-7.0.8.jar'
rm 'servidor_minecraft/mods/majruszs-difficulty-forge-1.20.1-1.9.10.jar'
rm 'servidor_minecraft/mods/majruszs-enchantments-forge-1.20.1-1.10.8.jar'
rm 'servidor_minecraft/mods/mokels_witch_boss-1.0-forge-1.20.1.jar'
rm 'servidor_minecraft/mods/mutil-1.20.1-6.1.1.jar'
rm 'servidor_minecraft/mods/obscure_api-15.jar'
rm 'servidor_minecraft/mods/player-animation-lib-forge-1.0.2-rc1+1.20.jar'
rm 'servidor_minecraft/mods/plushie_buddies-0.1.1-1.20.1.jar'
rm 'servidor_minecraft/mods/polytone-1.20-2.3.3.jar'
rm 'servidor_minecraft/mods/radium-mc1.20.1-0.12.2+git.5f80f74.jar'
rm 'servidor_minecraft/mods/realmrpg_fallen_adventurers_1.0.3_forge_1.20.1.jar'
rm 'servidor_minecraft/mods/realmrpg_imps_and_demons_0.9.0_forge_1.20.1.jar'
rm 'servidor_minecraft/mods/rrls-4.0.6.1+mc1.20.1-forge.jar'
rm 'servidor_minecraft/mods/rubidium-extra-0.5.4.3+mc1.20.1-build.121.jar'
rm 'servidor_minecraft/mods/spawnermod-1.20.1-1.9.3+Forge.jar'
rm 'servidor_minecraft/mods/structure_gel-1.20.1-2.16.2.jar'
rm 'servidor_minecraft/mods/tact-1.2.0+1.20.1.jar'
rm 'servidor_minecraft/mods/tctcore-1.4-forge-1.20.1.jar'
rm 'servidor_minecraft/mods/tetra-1.20.1-6.4.0.jar'
rm 'servidor_minecraft/mods/the-conjurer-1.20.1-1.1.6.jar'
rm 'servidor_minecraft/mods/theoneprobe-1.20.1-10.0.2.jar'
rm 'servidor_minecraft/mods/tombstone-1.20.1-8.6.7.jar'
rm 'servidor_minecraft/mods/trashslot-forge-1.20-15.1.0.jar'
rm 'servidor_minecraft/mods/travelersbackpack-forge-1.20.1-9.1.14.jar'
rm 'servidor_minecraft/mods/warriors_of_past_epoch_[Forge]_1.20.1_1.3.jar'
rm 'servidor_minecraft/ops.json'
rm 'servidor_minecraft/playit.status'
rm 'servidor_minecraft/playit.tunnels'
rm 'servidor_minecraft/run.bat'
rm 'servidor_minecraft/run.sh'
rm 'servidor_minecraft/server.properties'
rm 'servidor_minecraft/user_jvm_args.txt'
rm 'servidor_minecraft/usercache.json'
rm 'servidor_minecraft/usernamecache.json'
rm 'servidor_minecraft/whitelist.json'
rm 'servidor_minecraft/world/DIM-1/data/capabilities.dat'
rm 'servidor_minecraft/world/DIM-1/data/clearlagc_worldvars.dat'
rm 'servidor_minecraft/world/DIM-1/data/raids.dat'
rm 'servidor_minecraft/world/DIM1/data/capabilities.dat'
rm 'servidor_minecraft/world/DIM1/data/clearlagc_worldvars.dat'
rm 'servidor_minecraft/world/DIM1/data/raids_end.dat'
rm 'servidor_minecraft/world/advancements/43d79b3e-4afa-37fb-a395-aac4dcd856c6.json'
rm 'servidor_minecraft/world/advancements/9221eae4-d002-3ea6-a2ca-c4c421bfbe27.json'
rm 'servidor_minecraft/world/advancements/ed821a9b-cfc7-343b-9491-331781f0bba2.json'
rm 'servidor_minecraft/world/data/JMPlayerSettings.dat'
rm 'servidor_minecraft/world/data/WorldUUID.dat'
rm 'servidor_minecraft/world/data/alexsmobs_world_data.dat'
rm 'servidor_minecraft/world/data/capabilities.dat'
rm 'servidor_minecraft/world/data/cataclysm_world_data.dat'
rm 'servidor_minecraft/world/data/chunks.dat'
rm 'servidor_minecraft/world/data/citadel_world_data.dat'
rm 'servidor_minecraft/world/data/clearlagc_worldvars.dat'
rm 'servidor_minecraft/world/data/iceandfire_general.dat'
rm 'servidor_minecraft/world/data/idcounts.dat'
rm 'servidor_minecraft/world/data/majruszsdifficulty.dat'
rm 'servidor_minecraft/world/data/map_0.dat'
rm 'servidor_minecraft/world/data/map_1.dat'
rm 'servidor_minecraft/world/data/raids.dat'
rm 'servidor_minecraft/world/data/random_sequences.dat'
rm 'servidor_minecraft/world/data/scoreboard.dat'
rm 'servidor_minecraft/world/dimensions/deeperdarker/otherside/data/capabilities.dat'
rm 'servidor_minecraft/world/dimensions/deeperdarker/otherside/data/clearlagc_worldvars.dat'
rm 'servidor_minecraft/world/dimensions/deeperdarker/otherside/data/raids.dat'
rm 'servidor_minecraft/world/entities/r.-1.-1.mca'
rm 'servidor_minecraft/world/entities/r.-1.-2.mca'
rm 'servidor_minecraft/world/entities/r.-1.-3.mca'
rm 'servidor_minecraft/world/entities/r.-1.-4.mca'
rm 'servidor_minecraft/world/entities/r.-1.0.mca'
rm 'servidor_minecraft/world/entities/r.-1.1.mca'
rm 'servidor_minecraft/world/entities/r.-2.-1.mca'
rm 'servidor_minecraft/world/entities/r.-2.-2.mca'
rm 'servidor_minecraft/world/entities/r.-2.-3.mca'
rm 'servidor_minecraft/world/entities/r.-2.-4.mca'
rm 'servidor_minecraft/world/entities/r.-2.0.mca'
rm 'servidor_minecraft/world/entities/r.-2.1.mca'
rm 'servidor_minecraft/world/entities/r.0.-1.mca'
rm 'servidor_minecraft/world/entities/r.0.-2.mca'
rm 'servidor_minecraft/world/entities/r.0.-3.mca'
rm 'servidor_minecraft/world/entities/r.0.-4.mca'
rm 'servidor_minecraft/world/entities/r.0.0.mca'
rm 'servidor_minecraft/world/entities/r.1.-1.mca'
rm 'servidor_minecraft/world/entities/r.1.-2.mca'
rm 'servidor_minecraft/world/entities/r.1.-3.mca'
rm 'servidor_minecraft/world/entities/r.1.-4.mca'
rm 'servidor_minecraft/world/entities/r.2.-2.mca'
rm 'servidor_minecraft/world/entities/r.2.-3.mca'
rm 'servidor_minecraft/world/entities/r.2.-4.mca'
rm 'servidor_minecraft/world/entities/r.3.-3.mca'
rm 'servidor_minecraft/world/entities/r.3.-4.mca'
rm 'servidor_minecraft/world/level.dat'
rm 'servidor_minecraft/world/level.dat_old'
rm 'servidor_minecraft/world/playerdata/43d79b3e-4afa-37fb-a395-aac4dcd856c6.dat'
rm 'servidor_minecraft/world/playerdata/43d79b3e-4afa-37fb-a395-aac4dcd856c6.dat_old'
rm 'servidor_minecraft/world/playerdata/9221eae4-d002-3ea6-a2ca-c4c421bfbe27.dat'
rm 'servidor_minecraft/world/playerdata/9221eae4-d002-3ea6-a2ca-c4c421bfbe27.dat_old'
rm 'servidor_minecraft/world/playerdata/ed821a9b-cfc7-343b-9491-331781f0bba2.dat'
rm 'servidor_minecraft/world/playerdata/ed821a9b-cfc7-343b-9491-331781f0bba2.dat_old'
rm 'servidor_minecraft/world/poi/r.-1.-1.mca'
rm 'servidor_minecraft/world/poi/r.-1.-2.mca'
rm 'servidor_minecraft/world/poi/r.-1.-3.mca'
rm 'servidor_minecraft/world/poi/r.-1.-4.mca'
rm 'servidor_minecraft/world/poi/r.-1.0.mca'
rm 'servidor_minecraft/world/poi/r.-1.1.mca'
rm 'servidor_minecraft/world/poi/r.-2.-1.mca'
rm 'servidor_minecraft/world/poi/r.-2.-2.mca'
rm 'servidor_minecraft/world/poi/r.-2.-3.mca'
rm 'servidor_minecraft/world/poi/r.-2.-4.mca'
rm 'servidor_minecraft/world/poi/r.-2.0.mca'
rm 'servidor_minecraft/world/poi/r.-2.1.mca'
rm 'servidor_minecraft/world/poi/r.0.-1.mca'
rm 'servidor_minecraft/world/poi/r.0.-2.mca'
rm 'servidor_minecraft/world/poi/r.0.-3.mca'
rm 'servidor_minecraft/world/poi/r.0.-4.mca'
rm 'servidor_minecraft/world/poi/r.0.0.mca'
rm 'servidor_minecraft/world/poi/r.1.-1.mca'
rm 'servidor_minecraft/world/poi/r.1.-2.mca'
rm 'servidor_minecraft/world/poi/r.1.-3.mca'
rm 'servidor_minecraft/world/poi/r.1.-4.mca'
rm 'servidor_minecraft/world/poi/r.1.0.mca'
rm 'servidor_minecraft/world/poi/r.2.-2.mca'
rm 'servidor_minecraft/world/poi/r.2.-3.mca'
rm 'servidor_minecraft/world/poi/r.2.-4.mca'
rm 'servidor_minecraft/world/poi/r.3.-2.mca'
rm 'servidor_minecraft/world/poi/r.3.-3.mca'
rm 'servidor_minecraft/world/poi/r.3.-4.mca'
rm 'servidor_minecraft/world/region/r.-1.-1.mca'
rm 'servidor_minecraft/world/region/r.-1.-2.mca'
rm 'servidor_minecraft/world/region/r.-1.-3.mca'
rm 'servidor_minecraft/world/region/r.-1.-4.mca'
rm 'servidor_minecraft/world/region/r.-1.0.mca'
rm 'servidor_minecraft/world/region/r.-1.1.mca'
rm 'servidor_minecraft/world/region/r.-2.-1.mca'
rm 'servidor_minecraft/world/region/r.-2.-2.mca'
rm 'servidor_minecraft/world/region/r.-2.-3.mca'
rm 'servidor_minecraft/world/region/r.-2.-4.mca'
rm 'servidor_minecraft/world/region/r.-2.0.mca'
rm 'servidor_minecraft/world/region/r.-2.1.mca'
rm 'servidor_minecraft/world/region/r.0.-1.mca'
rm 'servidor_minecraft/world/region/r.0.-2.mca'
rm 'servidor_minecraft/world/region/r.0.-3.mca'
rm 'servidor_minecraft/world/region/r.0.-4.mca'
rm 'servidor_minecraft/world/region/r.0.0.mca'
rm 'servidor_minecraft/world/region/r.1.-1.mca'
rm 'servidor_minecraft/world/region/r.1.-2.mca'
rm 'servidor_minecraft/world/region/r.1.-3.mca'
rm 'servidor_minecraft/world/region/r.1.-4.mca'
rm 'servidor_minecraft/world/region/r.1.0.mca'
rm 'servidor_minecraft/world/region/r.2.-2.mca'
rm 'servidor_minecraft/world/region/r.2.-3.mca'
rm 'servidor_minecraft/world/region/r.2.-4.mca'
rm 'servidor_minecraft/world/region/r.3.-2.mca'
rm 'servidor_minecraft/world/region/r.3.-3.mca'
rm 'servidor_minecraft/world/region/r.3.-4.mca'
rm 'servidor_minecraft/world/serverconfig/configurablecane-server.toml'
rm 'servidor_minecraft/world/serverconfig/curios-server.toml'
rm 'servidor_minecraft/world/serverconfig/forge-server.toml'
rm 'servidor_minecraft/world/serverconfig/jei-server.toml'
rm 'servidor_minecraft/world/serverconfig/journeymap-server.toml'
rm 'servidor_minecraft/world/session.lock'
rm 'servidor_minecraft/world/stats/43d79b3e-4afa-37fb-a395-aac4dcd856c6.json'
rm 'servidor_minecraft/world/stats/9221eae4-d002-3ea6-a2ca-c4c421bfbe27.json'
rm 'servidor_minecraft/world/stats/ed821a9b-cfc7-343b-9491-331781f0bba2.json'
rm 'servidor_minecraft/world/tombstone/loottables/tombstone-pool-archaeology.json'
rm 'servidor_minecraft/world/tombstone/loottables/tombstone-pool-cat_morning.json'
rm 'servidor_minecraft/world/tombstone/loottables/tombstone-pool-chest_treasure.bak'
rm 'servidor_minecraft/world/tombstone/loottables/tombstone-pool-chest_treasure.json'
rm 'servidor_minecraft/world/tombstone/loottables/tombstone-pool-lost_treasure.json'
rm 'servidor_minecraft/world/tombstone/loottables/tombstone-pool-seeker_rod.json'
rm 'servidor_minecraft/world/tombstone/loottables/tombstone-pool-sniffer_digging.json'
rm 'servidor_minecraft/world/tombstone/loottables/tombstone-pool-undead_boss.json'
rm 'servidor_minecraft/world/tombstone/loottables/tombstone-pool-undead_mob.json'
rm 'servidor_minecraft/world/tombstone/saved_players/43d79b3e-4afa-37fb-a395-aac4dcd856c6/20241021-140013.save'
rm 'servidor_minecraft/world/tombstone/saved_players/43d79b3e-4afa-37fb-a395-aac4dcd856c6/20241021-232918.save'
rm 'servidor_minecraft/world/tombstone/saved_players/43d79b3e-4afa-37fb-a395-aac4dcd856c6/20241021-234441.save'
rm 'servidor_minecraft/world/tombstone/saved_players/43d79b3e-4afa-37fb-a395-aac4dcd856c6/20241022-000441.save'
rm 'servidor_minecraft/world/tombstone/saved_players/43d79b3e-4afa-37fb-a395-aac4dcd856c6/20241022-002441.save'
rm 'servidor_minecraft/world/tombstone/saved_players/43d79b3e-4afa-37fb-a395-aac4dcd856c6/20241022-140408.save'
rm 'servidor_minecraft/world/tombstone/saved_players/43d79b3e-4afa-37fb-a395-aac4dcd856c6/20241023-232232.save'
rm 'servidor_minecraft/world/tombstone/saved_players/43d79b3e-4afa-37fb-a395-aac4dcd856c6/20241023-234232.save'
rm 'servidor_minecraft/world/tombstone/saved_players/9221eae4-d002-3ea6-a2ca-c4c421bfbe27/20241021-233108.save'
rm 'servidor_minecraft/world/tombstone/saved_players/9221eae4-d002-3ea6-a2ca-c4c421bfbe27/20241021-233117.save'
rm 'servidor_minecraft/world/tombstone/saved_players/9221eae4-d002-3ea6-a2ca-c4c421bfbe27/20241021-233305.save'
rm 'servidor_minecraft/world/tombstone/saved_players/9221eae4-d002-3ea6-a2ca-c4c421bfbe27/20241021-233725.save'
rm 'servidor_minecraft/world/tombstone/saved_players/9221eae4-d002-3ea6-a2ca-c4c421bfbe27/20241021-233935.save'
rm 'servidor_minecraft/world/tombstone/saved_players/9221eae4-d002-3ea6-a2ca-c4c421bfbe27/20241021-234022.save'
rm 'servidor_minecraft/world/tombstone/saved_players/9221eae4-d002-3ea6-a2ca-c4c421bfbe27/20241021-234441.save'
rm 'servidor_minecraft/world/tombstone/saved_players/9221eae4-d002-3ea6-a2ca-c4c421bfbe27/20241021-234456.save'
rm 'servidor_minecraft/world/tombstone/saved_players/9221eae4-d002-3ea6-a2ca-c4c421bfbe27/20241022-000441.save'
rm 'servidor_minecraft/world/tombstone/saved_players/9221eae4-d002-3ea6-a2ca-c4c421bfbe27/20241022-001502.save'
rm 'servidor_minecraft/world/tombstone/saved_players/9221eae4-d002-3ea6-a2ca-c4c421bfbe27/20241022-002441.save'
rm 'servidor_minecraft/world/tombstone/saved_players/9221eae4-d002-3ea6-a2ca-c4c421bfbe27/20241022-003438.save'
rm 'servidor_minecraft/world/tombstone/saved_players/9221eae4-d002-3ea6-a2ca-c4c421bfbe27/20241025-224834.save'
rm 'servidor_minecraft/world/tombstone/saved_players/9221eae4-d002-3ea6-a2ca-c4c421bfbe27/20241025-225519.save'
rm 'servidor_minecraft/world/tombstone/saved_players/9221eae4-d002-3ea6-a2ca-c4c421bfbe27/20241025-230834.save'
rm 'servidor_minecraft/world/tombstone/saved_players/ed821a9b-cfc7-343b-9491-331781f0bba2/20241021-232918.save'
rm 'servidor_minecraft/world/tombstone/version.info'
fatal: a branch named 'Minecraft_branch' already exists
stat: cannot stat 'servidor_minecraft/mods/ClearLag': No such file or directory
fatal: pathspec 'servidor_minecraft/mods/ClearLag' did not match any files
stat: cannot stat '1.20.1.jar': No such file or directory
fatal: pathspec '1.20.1.jar' did not match any files
stat: cannot stat 'servidor_minecraft/mods/Explorify': No such file or directory
fatal: pathspec 'servidor_minecraft/mods/Explorify' did not match any files
stat: cannot stat 'v1.6.1': No such file or directory
fatal: pathspec 'v1.6.1' did not match any files
stat: cannot stat 'f10-48.jar': No such file or directory
fatal: pathspec 'f10-48.jar' did not match any files
stat: cannot stat 'servidor_minecraft/mods/ironchest-1.20.1-14.4.4': No such file or directory
fatal: pathspec 'servidor_minecraft/mods/ironchest-1.20.1-14.4.4' did not match any files
stat: cannot stat '(1).jar': No such file or directory
fatal: pathspec '(1).jar' did not match any files
stat: cannot stat 'servidor_minecraft/mods/Cardinal': No such file or directory
fatal: pathspec 'servidor_minecraft/mods/Cardinal' did not match any files
stat: cannot stat 'Sins': No such file or directory
fatal: pathspec 'Sins' did not match any files
stat: cannot stat '1.0.3.jar': No such file or directory
fatal: pathspec '1.0.3.jar' did not match any files
stat: cannot stat 'server': No such file or directory
stat: cannot stat '(1).py': No such file or directory
Obteniendo cambios del remoto...
Fusionando cambios del remoto en la rama actual...
Already up to date.
Realizando push forzado en la rama Minecraft_branch con archivos menores de 100 MB
remote: warning: See https://gh.io/lfs for more information.        
remote: warning: File servidor_minecraft/mods/alexscaves-2.0.0.jar is 71.31 MB; this is larger than GitHub's recommended maximum file size of 50.00 MB        
remote: warning: GH001: Large files detected. You may want to try Git Large File Storage - https://git-lfs.github.com.        
To https://github.com/jaime412/Minecraft_branch.git
 + 7ab6a59...6d939d3 Minecraft_branch -> Minecraft_branch (forced update)
Push forzado realizado con éxito en la rama Minecraft_branch.
[Minecraft_branch 11a9968] Añadido excluded_files.txt con los archivos grandes excluidos
 1 file changed, 0 insertions(+), 0 deletions(-)
 create mode 100644 excluded_files.txt
To https://github.com/jaime412/Minecraft_branch.git
   6d939d3..11a9968  Minecraft_branch -> Minecraft_branch
Esperando 10 minutos antes de la próxima ejecución...
Iniciando proceso de sincronización...
Nombre de la rama actual: Minecraft_branch
Obteniendo la URL del repositorio remoto
origin	https://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@github.com/jaime412/Minecraft_branch.git (fetch)
origin	https://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@github.com/jaime412/Minecraft_branch.git (push)
rm '.gitignore'
rm 'addons/Branchutil.addon'
rm 'addons/Utilidades.py'
rm 'addons/url-del-branch.json'
rm 'configuracion.json'
rm 'excluded_files.txt'
rm 'output.log'
rm 'playit.status'
rm 'playit.tunnels'
rm 'respaldos/world_respaldo.zip'
rm 'server (1).py'
rm 'servidor_minecraft/banned-ips.json'
rm 'servidor_minecraft/banned-players.json'
rm 'servidor_minecraft/config/Elenai-Dodge-2-Common.toml'
rm 'servidor_minecraft/config/Feathers-Common.toml'
rm 'servidor_minecraft/config/Obscuria/aquamirae-common.toml'
rm 'servidor_minecraft/config/Plushie_Buddies-Common.toml'
rm 'servidor_minecraft/config/ShieldExpansion-common.toml'
rm 'servidor_minecraft/config/alexscaves-general.toml'
rm 'servidor_minecraft/config/alexscaves_biome_generation/abyssal_chasm.json'
rm 'servidor_minecraft/config/alexscaves_biome_generation/candy_cavity.json'
rm 'servidor_minecraft/config/alexscaves_biome_generation/forlorn_hollows.json'
rm 'servidor_minecraft/config/alexscaves_biome_generation/magnetic_caves.json'
rm 'servidor_minecraft/config/alexscaves_biome_generation/primordial_caves.json'
rm 'servidor_minecraft/config/alexscaves_biome_generation/toxic_caves.json'
rm 'servidor_minecraft/config/alexsmobs.toml'
rm 'servidor_minecraft/config/alexsmobs/alligator_snapping_turtle_spawns.json'
rm 'servidor_minecraft/config/alexsmobs/anaconda_spawns.json'
rm 'servidor_minecraft/config/alexsmobs/anteater_spawns.json'
rm 'servidor_minecraft/config/alexsmobs/bald_eagle_spawns.json'
rm 'servidor_minecraft/config/alexsmobs/banana_slug_spawns.json'
rm 'servidor_minecraft/config/alexsmobs/bison_spawns.json'
rm 'servidor_minecraft/config/alexsmobs/blobfish_spawns.json'
rm 'servidor_minecraft/config/alexsmobs/blue_jay_spawns.json'
rm 'servidor_minecraft/config/alexsmobs/bone_serpent_spawns.json'
rm 'servidor_minecraft/config/alexsmobs/bunfungus_spawns.json'
rm 'servidor_minecraft/config/alexsmobs/cachalot_whale_beached_spawns.json'
rm 'servidor_minecraft/config/alexsmobs/cachalot_whale_spawns.json'
rm 'servidor_minecraft/config/alexsmobs/caiman_spawns.json'
rm 'servidor_minecraft/config/alexsmobs/capuchin_monkey_spawns.json'
rm 'servidor_minecraft/config/alexsmobs/catfish_spawns.json'
rm 'servidor_minecraft/config/alexsmobs/cave_centipede_spawns.json'
rm 'servidor_minecraft/config/alexsmobs/cockroach_spawns.json'
rm 'servidor_minecraft/config/alexsmobs/comb_jelly_spawns.json'
rm 'servidor_minecraft/config/alexsmobs/cosmaw_spawns.json'
rm 'servidor_minecraft/config/alexsmobs/cosmic_cod_spawns.json'
rm 'servidor_minecraft/config/alexsmobs/crimson_mosquito_spawns.json'
rm 'servidor_minecraft/config/alexsmobs/crocodile_spawns.json'
rm 'servidor_minecraft/config/alexsmobs/crow_spawns.json'
rm 'servidor_minecraft/config/alexsmobs/devils_hole_pupfish_spawns.json'
rm 'servidor_minecraft/config/alexsmobs/dropbear_spawns.json'
rm 'servidor_minecraft/config/alexsmobs/elephant_spawns.json'
rm 'servidor_minecraft/config/alexsmobs/emu_spawns.json'
rm 'servidor_minecraft/config/alexsmobs/endergrade_spawns.json'
rm 'servidor_minecraft/config/alexsmobs/enderiophage_spawns.json'
rm 'servidor_minecraft/config/alexsmobs/farseer.json'
rm 'servidor_minecraft/config/alexsmobs/flutter_spawns.json'
rm 'servidor_minecraft/config/alexsmobs/fly_spawns.json'
rm 'servidor_minecraft/config/alexsmobs/flying_fish_spawns.json'
rm 'servidor_minecraft/config/alexsmobs/frilled_shark_spawns.json'
rm 'servidor_minecraft/config/alexsmobs/froststalker_spawns.json'
rm 'servidor_minecraft/config/alexsmobs/gazelle_spawns.json'
rm 'servidor_minecraft/config/alexsmobs/gelada_monkey_spawns.json'
rm 'servidor_minecraft/config/alexsmobs/giant_squid_spawns.json'
rm 'servidor_minecraft/config/alexsmobs/gorilla_spawns.json'
rm 'servidor_minecraft/config/alexsmobs/grizzly_bear_spawns.json'
rm 'servidor_minecraft/config/alexsmobs/guster_spawns.json'
rm 'servidor_minecraft/config/alexsmobs/hammerhead_shark_spawns.json'
rm 'servidor_minecraft/config/alexsmobs/hummingbird_spawns.json'
rm 'servidor_minecraft/config/alexsmobs/jerboa_spawns.json'
rm 'servidor_minecraft/config/alexsmobs/kangaroo_spawns.json'
rm 'servidor_minecraft/config/alexsmobs/komodo_dragon_spawns.json'
rm 'servidor_minecraft/config/alexsmobs/laviathan_spawns.json'
rm 'servidor_minecraft/config/alexsmobs/leafcutter_anthill_spawns.json'
rm 'servidor_minecraft/config/alexsmobs/lobster_spawns.json'
rm 'servidor_minecraft/config/alexsmobs/maned_wolf_spawns.json'
rm 'servidor_minecraft/config/alexsmobs/mantis_shrimp_spawns.json'
rm 'servidor_minecraft/config/alexsmobs/mimic_octopus_spawns.json'
rm 'servidor_minecraft/config/alexsmobs/mimicube_spawns.json'
rm 'servidor_minecraft/config/alexsmobs/moose_spawns.json'
rm 'servidor_minecraft/config/alexsmobs/mudskipper_spawns.json'
rm 'servidor_minecraft/config/alexsmobs/mungus_spawns.json'
rm 'servidor_minecraft/config/alexsmobs/murmur.json'
rm 'servidor_minecraft/config/alexsmobs/orca_spawns.json'
rm 'servidor_minecraft/config/alexsmobs/platypus_spawns.json'
rm 'servidor_minecraft/config/alexsmobs/potoo_spawns.json'
rm 'servidor_minecraft/config/alexsmobs/raccoon_spawns.json'
rm 'servidor_minecraft/config/alexsmobs/rain_frog_spawns.json'
rm 'servidor_minecraft/config/alexsmobs/rattlesnake_spawns.json'
rm 'servidor_minecraft/config/alexsmobs/rhinoceros_spawns.json'
rm 'servidor_minecraft/config/alexsmobs/roadrunner_spawns.json'
rm 'servidor_minecraft/config/alexsmobs/rocky_roller_spawns.json'
rm 'servidor_minecraft/config/alexsmobs/seagull_spawns.json'
rm 'servidor_minecraft/config/alexsmobs/seal_spawns.json'
rm 'servidor_minecraft/config/alexsmobs/shoebill_spawns.json'
rm 'servidor_minecraft/config/alexsmobs/skelewag_spawns.json'
rm 'servidor_minecraft/config/alexsmobs/skreecher.json'
rm 'servidor_minecraft/config/alexsmobs/skunk_spawns.json'
rm 'servidor_minecraft/config/alexsmobs/snow_leopard_spawns.json'
rm 'servidor_minecraft/config/alexsmobs/soul_vulture_spawns.json'
rm 'servidor_minecraft/config/alexsmobs/spectre_spawns.json'
rm 'servidor_minecraft/config/alexsmobs/straddler_spawns.json'
rm 'servidor_minecraft/config/alexsmobs/stradpole_spawns.json'
rm 'servidor_minecraft/config/alexsmobs/sugar_glider_spawns.json'
rm 'servidor_minecraft/config/alexsmobs/sunbird_spawns.json'
rm 'servidor_minecraft/config/alexsmobs/tarantula_hawk_spawns.json'
rm 'servidor_minecraft/config/alexsmobs/tasmanian_devil_spawns.json'
rm 'servidor_minecraft/config/alexsmobs/terrapin_spawns.json'
rm 'servidor_minecraft/config/alexsmobs/tiger_spawns.json'
rm 'servidor_minecraft/config/alexsmobs/toucan_spawns.json'
rm 'servidor_minecraft/config/alexsmobs/triops_spawns.json'
rm 'servidor_minecraft/config/alexsmobs/tusklin_spawns.json'
rm 'servidor_minecraft/config/alexsmobs/underminer.json'
rm 'servidor_minecraft/config/alexsmobs/void_worm_spawns.json'
rm 'servidor_minecraft/config/alexsmobs/warped_mosco_spawns.json'
rm 'servidor_minecraft/config/alexsmobs/warped_toad_spawns.json'
rm 'servidor_minecraft/config/aoa3/integrations_config.toml'
rm 'servidor_minecraft/config/apotheosis/adventure.cfg'
rm 'servidor_minecraft/config/apotheosis/apotheosis.cfg'
rm 'servidor_minecraft/config/apotheosis/ench.cfg'
rm 'servidor_minecraft/config/apotheosis/enchantments.cfg'
rm 'servidor_minecraft/config/apotheosis/garden.cfg'
rm 'servidor_minecraft/config/apotheosis/names.cfg'
rm 'servidor_minecraft/config/apotheosis/potion.cfg'
rm 'servidor_minecraft/config/apotheosis/spawner.cfg'
rm 'servidor_minecraft/config/apotheosis/village.cfg'
rm 'servidor_minecraft/config/attributeslib.cfg'
rm 'servidor_minecraft/config/balm-common.toml'
rm 'servidor_minecraft/config/bettercombat/fallback_compatibility.json'
rm 'servidor_minecraft/config/bettercombat/server.json5'
rm 'servidor_minecraft/config/carryon-common.toml'
rm 'servidor_minecraft/config/cataclysm.toml'
rm 'servidor_minecraft/config/cataclysm/amethyst_crab_spawns.json'
rm 'servidor_minecraft/config/cataclysm/coral_golem_spawns.json'
rm 'servidor_minecraft/config/cataclysm/deepling_angler_spawns.json'
rm 'servidor_minecraft/config/cataclysm/deepling_brute_spawns.json'
rm 'servidor_minecraft/config/cataclysm/deepling_priest_spawns.json'
rm 'servidor_minecraft/config/cataclysm/deepling_spawns.json'
rm 'servidor_minecraft/config/cataclysm/deepling_warlock_spawns.json'
rm 'servidor_minecraft/config/cataclysm/koboleton_spawns.json'
rm 'servidor_minecraft/config/citadel-common.toml'
rm 'servidor_minecraft/config/combatroll/enchantments.json'
rm 'servidor_minecraft/config/combatroll/server.json5'
rm 'servidor_minecraft/config/curios-common.toml'
rm 'servidor_minecraft/config/embeddium-mixins.properties'
rm 'servidor_minecraft/config/embeddium-options.json'
rm 'servidor_minecraft/config/epicknights/armor.json5'
rm 'servidor_minecraft/config/epicknights/general.json5'
rm 'servidor_minecraft/config/epicknights/mobs_equipment.json5'
rm 'servidor_minecraft/config/epicknights/shields.json5'
rm 'servidor_minecraft/config/epicknights/weapons.json5'
rm 'servidor_minecraft/config/ferritecore-mixin.toml'
rm 'servidor_minecraft/config/fml.toml'
rm 'servidor_minecraft/config/iceandfire-common.toml'
rm 'servidor_minecraft/config/iceandfire/amphithere_biomes.json'
rm 'servidor_minecraft/config/iceandfire/cockatrice_biomes.json'
rm 'servidor_minecraft/config/iceandfire/cyclops_cave_biomes.json'
rm 'servidor_minecraft/config/iceandfire/deathworm_biomes.json'
rm 'servidor_minecraft/config/iceandfire/desert_myrmex_biomes.json'
rm 'servidor_minecraft/config/iceandfire/fire_dragon_biomes.json'
rm 'servidor_minecraft/config/iceandfire/fire_dragon_cave_biomes.json'
rm 'servidor_minecraft/config/iceandfire/fire_dragon_skeleton_biomes.json'
rm 'servidor_minecraft/config/iceandfire/fire_lily_biomes.json'
rm 'servidor_minecraft/config/iceandfire/forest_troll_biomes.json'
rm 'servidor_minecraft/config/iceandfire/frost_lily_biomes.json'
rm 'servidor_minecraft/config/iceandfire/gorgon_temple_biomes.json'
rm 'servidor_minecraft/config/iceandfire/graveyard_biomes.json'
rm 'servidor_minecraft/config/iceandfire/hippocampus_biomes.json'
rm 'servidor_minecraft/config/iceandfire/hippogryph_biomes.json'
rm 'servidor_minecraft/config/iceandfire/hippogryph_black_biomes.json'
rm 'servidor_minecraft/config/iceandfire/hippogryph_brown_biomes.json'
rm 'servidor_minecraft/config/iceandfire/hippogryph_chestnut_biomes.json'
rm 'servidor_minecraft/config/iceandfire/hippogryph_creamy_biomes.json'
rm 'servidor_minecraft/config/iceandfire/hippogryph_dark_brown_biomes.json'
rm 'servidor_minecraft/config/iceandfire/hippogryph_gray_biomes.json'
rm 'servidor_minecraft/config/iceandfire/hippogryph_white_biomes.json'
rm 'servidor_minecraft/config/iceandfire/hydra_cave_biomes.json'
rm 'servidor_minecraft/config/iceandfire/ice_dragon_biomes.json'
rm 'servidor_minecraft/config/iceandfire/ice_dragon_cave_biomes.json'
rm 'servidor_minecraft/config/iceandfire/ice_dragon_skeleton_biomes.json'
rm 'servidor_minecraft/config/iceandfire/jungle_myrmex_biomes.json'
rm 'servidor_minecraft/config/iceandfire/lightning_dragon_biomes.json'
rm 'servidor_minecraft/config/iceandfire/lightning_dragon_cave_biomes.json'
rm 'servidor_minecraft/config/iceandfire/lightning_dragon_skeleton_biomes.json'
rm 'servidor_minecraft/config/iceandfire/lightning_lily_biomes.json'
rm 'servidor_minecraft/config/iceandfire/mausoleum_biomes.json'
rm 'servidor_minecraft/config/iceandfire/mountain_troll_biomes.json'
rm 'servidor_minecraft/config/iceandfire/ore_gen_biomes.json'
rm 'servidor_minecraft/config/iceandfire/pixie_village_biomes.json'
rm 'servidor_minecraft/config/iceandfire/sapphire_gen_biomes.json'
rm 'servidor_minecraft/config/iceandfire/sea_serpent_biomes.json'
rm 'servidor_minecraft/config/iceandfire/siren_biomes.json'
rm 'servidor_minecraft/config/iceandfire/snowy_troll_biomes.json'
rm 'servidor_minecraft/config/iceandfire/stymphalian_bird_biomes.json'
rm 'servidor_minecraft/config/iceandfire/wandering_cyclops_biomes.json'
rm 'servidor_minecraft/config/immediatelyfast.json'
rm 'servidor_minecraft/config/inventorypets-common.toml'
rm 'servidor_minecraft/config/jade/server-plugin-overrides.json'
rm 'servidor_minecraft/config/jade/sort-order.json'
rm 'servidor_minecraft/config/jeresources-common.toml'
rm 'servidor_minecraft/config/jeresources.toml'
rm 'servidor_minecraft/config/just_leveling-common.toml'
rm 'servidor_minecraft/config/lithium.properties'
rm 'servidor_minecraft/config/majruszlibrary.json'
rm 'servidor_minecraft/config/majruszsdifficulty.json'
rm 'servidor_minecraft/config/majruszsenchantments.json'
rm 'servidor_minecraft/config/mca.json'
rm 'servidor_minecraft/config/mysticsbiomes-common.toml'
rm 'servidor_minecraft/config/playerrevive.json'
rm 'servidor_minecraft/config/sodium-extra.properties'
rm 'servidor_minecraft/config/spawnermod.json'
rm 'servidor_minecraft/config/structure_gel-common.toml'
rm 'servidor_minecraft/config/tact-common.toml'
rm 'servidor_minecraft/config/terrablender.toml'
rm 'servidor_minecraft/config/tetra.toml'
rm 'servidor_minecraft/config/theoneprobe-common.toml'
rm 'servidor_minecraft/config/tombstone-common.toml'
rm 'servidor_minecraft/config/tombstone-server.toml'
rm 'servidor_minecraft/config/trashslot-common.toml'
rm 'servidor_minecraft/config/travelersbackpack-common.toml'
rm 'servidor_minecraft/config/yacl.json5'
rm 'servidor_minecraft/configuracion.json'
rm 'servidor_minecraft/crash-reports/crash-2024-08-01_03.17.33-server.txt'
rm 'servidor_minecraft/crash-reports/crash-2024-08-01_03.24.36-server.txt'
rm 'servidor_minecraft/crash-reports/crash-2024-08-01_03.33.05-server.txt'
rm 'servidor_minecraft/eula.txt'
rm 'servidor_minecraft/forge.jar'
rm 'servidor_minecraft/forge.jar.log'
rm 'servidor_minecraft/journeymap/server/5.10/journeymap.server.aoa3~barathos.config'
rm 'servidor_minecraft/journeymap/server/5.10/journeymap.server.aoa3~deeplands.config'
rm 'servidor_minecraft/journeymap/server/5.10/journeymap.server.aoa3~lborean.config'
rm 'servidor_minecraft/journeymap/server/5.10/journeymap.server.aoa3~lelyetia.config'
rm 'servidor_minecraft/journeymap/server/5.10/journeymap.server.aoa3~nowhere.config'
rm 'servidor_minecraft/journeymap/server/5.10/journeymap.server.aoa3~precasia.config'
rm 'servidor_minecraft/journeymap/server/5.10/journeymap.server.aoa3~precasia_backup.config'
rm 'servidor_minecraft/journeymap/server/5.10/journeymap.server.deeperdarker~otherside.config'
rm 'servidor_minecraft/journeymap/server/5.10/journeymap.server.default.config'
rm 'servidor_minecraft/journeymap/server/5.10/journeymap.server.global.config'
rm 'servidor_minecraft/journeymap/server/5.10/journeymap.server.minecraft~overworld.config'
rm 'servidor_minecraft/journeymap/server/5.10/journeymap.server.minecraft~the_end.config'
rm 'servidor_minecraft/journeymap/server/5.10/journeymap.server.minecraft~the_nether.config'
rm 'servidor_minecraft/journeymap/server/5.10/journeymap.server.world~madnessdimension.config'
rm 'servidor_minecraft/journeymap/server/5.10/journeymap.server.world~worldtest_1.config'
rm 'servidor_minecraft/libraries/com/electronwill/night-config/core/3.6.4/core-3.6.4.jar'
rm 'servidor_minecraft/libraries/com/electronwill/night-config/toml/3.6.4/toml-3.6.4.jar'
rm 'servidor_minecraft/libraries/com/github/jponge/lzma-java/1.3/lzma-java-1.3.jar'
rm 'servidor_minecraft/libraries/com/github/oshi/oshi-core/6.2.2/oshi-core-6.2.2.jar'
rm 'servidor_minecraft/libraries/com/google/code/findbugs/jsr305/3.0.2/jsr305-3.0.2.jar'
rm 'servidor_minecraft/libraries/com/google/code/gson/gson/2.10/gson-2.10.jar'
rm 'servidor_minecraft/libraries/com/google/code/gson/gson/2.8.7/gson-2.8.7.jar'
rm 'servidor_minecraft/libraries/com/google/errorprone/error_prone_annotations/2.1.3/error_prone_annotations-2.1.3.jar'
rm 'servidor_minecraft/libraries/com/google/guava/failureaccess/1.0.1/failureaccess-1.0.1.jar'
rm 'servidor_minecraft/libraries/com/google/guava/guava/20.0/guava-20.0.jar'
rm 'servidor_minecraft/libraries/com/google/guava/guava/25.1-jre/guava-25.1-jre.jar'
rm 'servidor_minecraft/libraries/com/google/guava/guava/31.1-jre/guava-31.1-jre.jar'
rm 'servidor_minecraft/libraries/com/google/j2objc/j2objc-annotations/1.1/j2objc-annotations-1.1.jar'
rm 'servidor_minecraft/libraries/com/mojang/authlib/4.0.43/authlib-4.0.43.jar'
rm 'servidor_minecraft/libraries/com/mojang/brigadier/1.1.8/brigadier-1.1.8.jar'
rm 'servidor_minecraft/libraries/com/mojang/datafixerupper/6.0.8/datafixerupper-6.0.8.jar'
rm 'servidor_minecraft/libraries/com/mojang/logging/1.1.1/logging-1.1.1.jar'
rm 'servidor_minecraft/libraries/com/nothome/javaxdelta/2.0.1/javaxdelta-2.0.1.jar'
rm 'servidor_minecraft/libraries/com/opencsv/opencsv/4.4/opencsv-4.4.jar'
rm 'servidor_minecraft/libraries/commons-beanutils/commons-beanutils/1.9.3/commons-beanutils-1.9.3.jar'
rm 'servidor_minecraft/libraries/commons-collections/commons-collections/3.2.2/commons-collections-3.2.2.jar'
rm 'servidor_minecraft/libraries/commons-io/commons-io/2.11.0/commons-io-2.11.0.jar'
rm 'servidor_minecraft/libraries/commons-io/commons-io/2.4/commons-io-2.4.jar'
rm 'servidor_minecraft/libraries/commons-logging/commons-logging/1.2/commons-logging-1.2.jar'
rm 'servidor_minecraft/libraries/cpw/mods/bootstraplauncher/1.1.2/bootstraplauncher-1.1.2.jar'
rm 'servidor_minecraft/libraries/cpw/mods/modlauncher/10.0.9/modlauncher-10.0.9.jar'
rm 'servidor_minecraft/libraries/cpw/mods/securejarhandler/2.1.10/securejarhandler-2.1.10.jar'
rm 'servidor_minecraft/libraries/de/oceanlabs/mcp/mcp_config/1.20.1-20230612.114412/mcp_config-1.20.1-20230612.114412-mappings-merged.txt'
rm 'servidor_minecraft/libraries/de/oceanlabs/mcp/mcp_config/1.20.1-20230612.114412/mcp_config-1.20.1-20230612.114412-mappings.txt'
rm 'servidor_minecraft/libraries/de/oceanlabs/mcp/mcp_config/1.20.1-20230612.114412/mcp_config-1.20.1-20230612.114412.zip'
rm 'servidor_minecraft/libraries/de/siegmar/fastcsv/2.0.0/fastcsv-2.0.0.jar'
rm 'servidor_minecraft/libraries/io/netty/netty-buffer/4.1.82.Final/netty-buffer-4.1.82.Final.jar'
rm 'servidor_minecraft/libraries/io/netty/netty-codec/4.1.82.Final/netty-codec-4.1.82.Final.jar'
rm 'servidor_minecraft/libraries/io/netty/netty-common/4.1.82.Final/netty-common-4.1.82.Final.jar'
rm 'servidor_minecraft/libraries/io/netty/netty-handler/4.1.82.Final/netty-handler-4.1.82.Final.jar'
rm 'servidor_minecraft/libraries/io/netty/netty-resolver/4.1.82.Final/netty-resolver-4.1.82.Final.jar'
rm 'servidor_minecraft/libraries/io/netty/netty-transport-classes-epoll/4.1.82.Final/netty-transport-classes-epoll-4.1.82.Final.jar'
rm 'servidor_minecraft/libraries/io/netty/netty-transport-native-epoll/4.1.82.Final/netty-transport-native-epoll-4.1.82.Final-linux-aarch_64.jar'
rm 'servidor_minecraft/libraries/io/netty/netty-transport-native-epoll/4.1.82.Final/netty-transport-native-epoll-4.1.82.Final-linux-x86_64.jar'
rm 'servidor_minecraft/libraries/io/netty/netty-transport-native-unix-common/4.1.82.Final/netty-transport-native-unix-common-4.1.82.Final.jar'
rm 'servidor_minecraft/libraries/io/netty/netty-transport/4.1.82.Final/netty-transport-4.1.82.Final.jar'
rm 'servidor_minecraft/libraries/it/unimi/dsi/fastutil/8.5.9/fastutil-8.5.9.jar'
rm 'servidor_minecraft/libraries/net/java/dev/jna/jna-platform/5.12.1/jna-platform-5.12.1.jar'
rm 'servidor_minecraft/libraries/net/java/dev/jna/jna/5.12.1/jna-5.12.1.jar'
rm 'servidor_minecraft/libraries/net/jodah/typetools/0.6.3/typetools-0.6.3.jar'
rm 'servidor_minecraft/libraries/net/md-5/SpecialSource/1.11.0/SpecialSource-1.11.0.jar'
rm 'servidor_minecraft/libraries/net/minecraft/server/1.20.1-20230612.114412/server-1.20.1-20230612.114412-extra.jar'
rm 'servidor_minecraft/libraries/net/minecraft/server/1.20.1-20230612.114412/server-1.20.1-20230612.114412-extra.jar.cache'
rm 'servidor_minecraft/libraries/net/minecraft/server/1.20.1-20230612.114412/server-1.20.1-20230612.114412-mappings.txt'
rm 'servidor_minecraft/libraries/net/minecraft/server/1.20.1-20230612.114412/server-1.20.1-20230612.114412-slim.jar'
rm 'servidor_minecraft/libraries/net/minecraft/server/1.20.1-20230612.114412/server-1.20.1-20230612.114412-slim.jar.cache'
rm 'servidor_minecraft/libraries/net/minecraft/server/1.20.1-20230612.114412/server-1.20.1-20230612.114412-srg.jar'
rm 'servidor_minecraft/libraries/net/minecraft/server/1.20.1-20230612.114412/server-1.20.1-20230612.114412-unpacked.jar'
rm 'servidor_minecraft/libraries/net/minecraft/server/1.20.1/server-1.20.1.jar'
rm 'servidor_minecraft/libraries/net/minecraftforge/ForgeAutoRenamingTool/0.1.22/ForgeAutoRenamingTool-0.1.22-all.jar'
rm 'servidor_minecraft/libraries/net/minecraftforge/JarJarFileSystems/0.3.19/JarJarFileSystems-0.3.19.jar'
rm 'servidor_minecraft/libraries/net/minecraftforge/JarJarMetadata/0.3.19/JarJarMetadata-0.3.19.jar'
rm 'servidor_minecraft/libraries/net/minecraftforge/JarJarSelector/0.3.19/JarJarSelector-0.3.19.jar'
rm 'servidor_minecraft/libraries/net/minecraftforge/accesstransformers/8.0.4/accesstransformers-8.0.4.jar'
rm 'servidor_minecraft/libraries/net/minecraftforge/binarypatcher/1.1.1/binarypatcher-1.1.1.jar'
rm 'servidor_minecraft/libraries/net/minecraftforge/coremods/5.0.1/coremods-5.0.1.jar'
rm 'servidor_minecraft/libraries/net/minecraftforge/eventbus/6.0.5/eventbus-6.0.5.jar'
rm 'servidor_minecraft/libraries/net/minecraftforge/fmlcore/1.20.1-47.2.0/fmlcore-1.20.1-47.2.0.jar'
rm 'servidor_minecraft/libraries/net/minecraftforge/fmlearlydisplay/1.20.1-47.2.0/fmlearlydisplay-1.20.1-47.2.0.jar'
rm 'servidor_minecraft/libraries/net/minecraftforge/fmlloader/1.20.1-47.2.0/fmlloader-1.20.1-47.2.0.jar'
rm 'servidor_minecraft/libraries/net/minecraftforge/forge/1.20.1-47.2.0/forge-1.20.1-47.2.0-server.jar'
rm 'servidor_minecraft/libraries/net/minecraftforge/forge/1.20.1-47.2.0/forge-1.20.1-47.2.0-universal.jar'
rm 'servidor_minecraft/libraries/net/minecraftforge/forge/1.20.1-47.2.0/unix_args.txt'
rm 'servidor_minecraft/libraries/net/minecraftforge/forge/1.20.1-47.2.0/win_args.txt'
rm 'servidor_minecraft/libraries/net/minecraftforge/forgespi/7.0.1/forgespi-7.0.1.jar'
rm 'servidor_minecraft/libraries/net/minecraftforge/installertools/1.3.0/installertools-1.3.0.jar'
rm 'servidor_minecraft/libraries/net/minecraftforge/jarsplitter/1.1.4/jarsplitter-1.1.4.jar'
rm 'servidor_minecraft/libraries/net/minecraftforge/javafmllanguage/1.20.1-47.2.0/javafmllanguage-1.20.1-47.2.0.jar'
rm 'servidor_minecraft/libraries/net/minecraftforge/lowcodelanguage/1.20.1-47.2.0/lowcodelanguage-1.20.1-47.2.0.jar'
rm 'servidor_minecraft/libraries/net/minecraftforge/mclanguage/1.20.1-47.2.0/mclanguage-1.20.1-47.2.0.jar'
rm 'servidor_minecraft/libraries/net/minecraftforge/mergetool/1.1.5/mergetool-1.1.5-api.jar'
rm 'servidor_minecraft/libraries/net/minecraftforge/srgutils/0.4.11/srgutils-0.4.11.jar'
rm 'servidor_minecraft/libraries/net/minecraftforge/srgutils/0.4.3/srgutils-0.4.3.jar'
rm 'servidor_minecraft/libraries/net/minecraftforge/srgutils/0.4.9/srgutils-0.4.9.jar'
rm 'servidor_minecraft/libraries/net/minecraftforge/unsafe/0.2.0/unsafe-0.2.0.jar'
rm 'servidor_minecraft/libraries/net/minecrell/terminalconsoleappender/1.2.0/terminalconsoleappender-1.2.0.jar'
rm 'servidor_minecraft/libraries/net/sf/jopt-simple/jopt-simple/5.0.4/jopt-simple-5.0.4.jar'
rm 'servidor_minecraft/libraries/net/sf/jopt-simple/jopt-simple/6.0-alpha-3/jopt-simple-6.0-alpha-3.jar'
rm 'servidor_minecraft/libraries/org/antlr/antlr4-runtime/4.9.1/antlr4-runtime-4.9.1.jar'
rm 'servidor_minecraft/libraries/org/apache/commons/commons-collections4/4.2/commons-collections4-4.2.jar'
rm 'servidor_minecraft/libraries/org/apache/commons/commons-lang3/3.12.0/commons-lang3-3.12.0.jar'
rm 'servidor_minecraft/libraries/org/apache/commons/commons-lang3/3.8.1/commons-lang3-3.8.1.jar'
rm 'servidor_minecraft/libraries/org/apache/commons/commons-text/1.3/commons-text-1.3.jar'
rm 'servidor_minecraft/libraries/org/apache/logging/log4j/log4j-api/2.19.0/log4j-api-2.19.0.jar'
rm 'servidor_minecraft/libraries/org/apache/logging/log4j/log4j-core/2.19.0/log4j-core-2.19.0.jar'
rm 'servidor_minecraft/libraries/org/apache/logging/log4j/log4j-slf4j2-impl/2.19.0/log4j-slf4j2-impl-2.19.0.jar'
rm 'servidor_minecraft/libraries/org/apache/maven/maven-artifact/3.8.5/maven-artifact-3.8.5.jar'
rm 'servidor_minecraft/libraries/org/checkerframework/checker-qual/2.0.0/checker-qual-2.0.0.jar'
rm 'servidor_minecraft/libraries/org/codehaus/mojo/animal-sniffer-annotations/1.14/animal-sniffer-annotations-1.14.jar'
rm 'servidor_minecraft/libraries/org/jline/jline-reader/3.12.1/jline-reader-3.12.1.jar'
rm 'servidor_minecraft/libraries/org/jline/jline-terminal/3.12.1/jline-terminal-3.12.1.jar'
rm 'servidor_minecraft/libraries/org/joml/joml/1.10.5/joml-1.10.5.jar'
rm 'servidor_minecraft/libraries/org/openjdk/nashorn/nashorn-core/15.3/nashorn-core-15.3.jar'
rm 'servidor_minecraft/libraries/org/ow2/asm/asm-analysis/9.2/asm-analysis-9.2.jar'
rm 'servidor_minecraft/libraries/org/ow2/asm/asm-analysis/9.3/asm-analysis-9.3.jar'
rm 'servidor_minecraft/libraries/org/ow2/asm/asm-analysis/9.5/asm-analysis-9.5.jar'
rm 'servidor_minecraft/libraries/org/ow2/asm/asm-commons/9.2/asm-commons-9.2.jar'
rm 'servidor_minecraft/libraries/org/ow2/asm/asm-commons/9.3/asm-commons-9.3.jar'
rm 'servidor_minecraft/libraries/org/ow2/asm/asm-commons/9.5/asm-commons-9.5.jar'
rm 'servidor_minecraft/libraries/org/ow2/asm/asm-tree/9.2/asm-tree-9.2.jar'
rm 'servidor_minecraft/libraries/org/ow2/asm/asm-tree/9.3/asm-tree-9.3.jar'
rm 'servidor_minecraft/libraries/org/ow2/asm/asm-tree/9.5/asm-tree-9.5.jar'
rm 'servidor_minecraft/libraries/org/ow2/asm/asm-util/9.5/asm-util-9.5.jar'
rm 'servidor_minecraft/libraries/org/ow2/asm/asm/9.2/asm-9.2.jar'
rm 'servidor_minecraft/libraries/org/ow2/asm/asm/9.3/asm-9.3.jar'
rm 'servidor_minecraft/libraries/org/ow2/asm/asm/9.5/asm-9.5.jar'
rm 'servidor_minecraft/libraries/org/slf4j/slf4j-api/2.0.1/slf4j-api-2.0.1.jar'
rm 'servidor_minecraft/libraries/org/spongepowered/mixin/0.8.5/mixin-0.8.5.jar'
rm 'servidor_minecraft/libraries/trove/trove/1.0.2/trove-1.0.2.jar'
rm 'servidor_minecraft/logs/2024-07-22-10.log.gz'
rm 'servidor_minecraft/logs/2024-07-22-11.log.gz'
rm 'servidor_minecraft/logs/2024-07-22-12.log.gz'
rm 'servidor_minecraft/logs/2024-07-22-2.log.gz'
rm 'servidor_minecraft/logs/2024-07-22-3.log.gz'
rm 'servidor_minecraft/logs/2024-07-22-4.log.gz'
rm 'servidor_minecraft/logs/2024-07-22-5.log.gz'
rm 'servidor_minecraft/logs/2024-07-22-6.log.gz'
rm 'servidor_minecraft/logs/2024-07-22-7.log.gz'
rm 'servidor_minecraft/logs/2024-07-22-8.log.gz'
rm 'servidor_minecraft/logs/2024-07-22-9.log.gz'
rm 'servidor_minecraft/logs/2024-07-24-2.log.gz'
rm 'servidor_minecraft/logs/2024-07-24-3.log.gz'
rm 'servidor_minecraft/logs/2024-07-25-2.log.gz'
rm 'servidor_minecraft/logs/2024-07-25-3.log.gz'
rm 'servidor_minecraft/logs/2024-08-01-2.log.gz'
rm 'servidor_minecraft/logs/2024-08-01-3.log.gz'
rm 'servidor_minecraft/logs/2024-08-01-4.log.gz'
rm 'servidor_minecraft/logs/2024-08-01-5.log.gz'
rm 'servidor_minecraft/logs/2024-09-28-2.log.gz'
rm 'servidor_minecraft/logs/2024-10-21-1.log.gz'
rm 'servidor_minecraft/logs/2024-10-21-2.log.gz'
rm 'servidor_minecraft/logs/2024-10-21-3.log.gz'
rm 'servidor_minecraft/logs/2024-10-21-4.log.gz'
rm 'servidor_minecraft/logs/2024-10-21-5.log.gz'
rm 'servidor_minecraft/logs/2024-10-21-6.log.gz'
rm 'servidor_minecraft/logs/2024-10-21-7.log.gz'
rm 'servidor_minecraft/logs/2024-10-21-8.log.gz'
rm 'servidor_minecraft/logs/2024-10-22-2.log.gz'
rm 'servidor_minecraft/logs/2024-10-22-3.log.gz'
rm 'servidor_minecraft/logs/2024-10-22-4.log.gz'
rm 'servidor_minecraft/logs/2024-10-23-1.log.gz'
rm 'servidor_minecraft/logs/2024-10-24-2.log.gz'
rm 'servidor_minecraft/logs/debug-1.log.gz'
rm 'servidor_minecraft/logs/debug-2.log.gz'
rm 'servidor_minecraft/logs/debug-3.log.gz'
rm 'servidor_minecraft/logs/debug-4.log.gz'
rm 'servidor_minecraft/logs/debug-5.log.gz'
rm 'servidor_minecraft/logs/debug.log'
rm 'servidor_minecraft/logs/latest.log'
rm 'servidor_minecraft/modgest_config.json'
rm 'servidor_minecraft/modgest_debian_x64'
rm 'servidor_minecraft/mods/Apotheosis-1.20.1-7.4.0.jar'
rm 'servidor_minecraft/mods/ApothicAttributes-1.20.1-1.3.5.jar'
rm 'servidor_minecraft/mods/Bookshelf-Forge-1.20.1-20.2.13.jar'
rm 'servidor_minecraft/mods/ConfigurableCane-1.20-2.5.2.jar'
rm 'servidor_minecraft/mods/CreativeCore_FORGE_v2.11.31_mc1.20.1.jar'
rm 'servidor_minecraft/mods/DungeonsArise-1.20.x-2.1.58-release.jar'
rm 'servidor_minecraft/mods/EnchantmentDescriptions-Forge-1.20.1-17.0.16.jar'
rm 'servidor_minecraft/mods/ImmediatelyFast-Forge-1.2.8+1.20.4.jar'
rm 'servidor_minecraft/mods/Incendium_1.20.x_v5.3.5.jar'
rm 'servidor_minecraft/mods/Jade-1.20.1-forge-11.9.4.jar'
rm 'servidor_minecraft/mods/JustEnoughResources-1.20.1-1.4.0.247.jar'
rm 'servidor_minecraft/mods/KOTM-CaliganBetaUpdate.jar'
rm 'servidor_minecraft/mods/L_Enders_Cataclysm-1.99.6-1.20.1.jar'
rm 'servidor_minecraft/mods/MaxHealthFix-Forge-1.20.1-12.0.3.jar'
rm 'servidor_minecraft/mods/Patchouli-1.20.1-84-FORGE.jar'
rm 'servidor_minecraft/mods/Placebo-1.20.1-8.6.2.jar'
rm 'servidor_minecraft/mods/PlayerRevive_FORGE_v2.0.25_mc1.20.1.jar'
rm 'servidor_minecraft/mods/Structory_1.20.x_v1.3.5.jar'
rm 'servidor_minecraft/mods/TaxCastlePillager+M.1.20.1+ForM.1.0.1.jar'
rm 'servidor_minecraft/mods/TerraBlender-forge-1.20.1-3.0.1.7.jar'
rm 'servidor_minecraft/mods/YetAnotherConfigLib-3.5.0+1.20.1-forge.jar'
rm 'servidor_minecraft/mods/alexscaves-2.0.0.jar'
rm 'servidor_minecraft/mods/alexsmobs-1.22.8.jar'
rm 'servidor_minecraft/mods/aquamirae-6.API15.jar'
rm 'servidor_minecraft/mods/architectury-9.2.14-forge.jar'
rm 'servidor_minecraft/mods/balm-forge-1.20.1-7.3.6-all.jar'
rm 'servidor_minecraft/mods/born_in_chaos_[Forge]1.20.1_1.3.1.jar'
rm 'servidor_minecraft/mods/carryon-forge-1.20.1-2.1.2.7.jar'
rm 'servidor_minecraft/mods/citadel-2.6.0-1.20.1.jar'
rm 'servidor_minecraft/mods/cloth-config-11.1.118-forge.jar'
rm 'servidor_minecraft/mods/combatroll-forge-1.3.2+1.20.1.jar'
rm 'servidor_minecraft/mods/curios-forge-5.9.1+1.20.1.jar'
rm 'servidor_minecraft/mods/deeperdarker-forge-1.20.1-1.2.1.jar'
rm 'servidor_minecraft/mods/elenaidodge2-1.1.jar'
rm 'servidor_minecraft/mods/embeddium-0.3.24+mc1.20.1.jar'
rm 'servidor_minecraft/mods/feathers-1.1.jar'
rm 'servidor_minecraft/mods/ferritecore-6.0.1-forge.jar'
rm 'servidor_minecraft/mods/geckolib-forge-1.20.1-4.4.7.jar'
rm 'servidor_minecraft/mods/iceandfire-2.1.13-1.20.1-beta-5.jar'
rm 'servidor_minecraft/mods/inventorypets-1.20.1-2.1.2.jar'
rm 'servidor_minecraft/mods/jei-1.20.1-forge-15.3.0.8.jar'
rm 'servidor_minecraft/mods/journeymap-1.20.1-5.10.0-forge.jar'
rm 'servidor_minecraft/mods/justleveling-forge-1.20.x-v1.7.jar'
rm 'servidor_minecraft/mods/lionfishapi-1.9.jar'
rm 'servidor_minecraft/mods/loot_journal-3.1.1.jar'
rm 'servidor_minecraft/mods/majrusz-library-forge-1.20.1-7.0.8.jar'
rm 'servidor_minecraft/mods/majruszs-difficulty-forge-1.20.1-1.9.10.jar'
rm 'servidor_minecraft/mods/majruszs-enchantments-forge-1.20.1-1.10.8.jar'
rm 'servidor_minecraft/mods/mokels_witch_boss-1.0-forge-1.20.1.jar'
rm 'servidor_minecraft/mods/mutil-1.20.1-6.1.1.jar'
rm 'servidor_minecraft/mods/obscure_api-15.jar'
rm 'servidor_minecraft/mods/player-animation-lib-forge-1.0.2-rc1+1.20.jar'
rm 'servidor_minecraft/mods/plushie_buddies-0.1.1-1.20.1.jar'
rm 'servidor_minecraft/mods/polytone-1.20-2.3.3.jar'
rm 'servidor_minecraft/mods/radium-mc1.20.1-0.12.2+git.5f80f74.jar'
rm 'servidor_minecraft/mods/realmrpg_fallen_adventurers_1.0.3_forge_1.20.1.jar'
rm 'servidor_minecraft/mods/realmrpg_imps_and_demons_0.9.0_forge_1.20.1.jar'
rm 'servidor_minecraft/mods/rrls-4.0.6.1+mc1.20.1-forge.jar'
rm 'servidor_minecraft/mods/rubidium-extra-0.5.4.3+mc1.20.1-build.121.jar'
rm 'servidor_minecraft/mods/spawnermod-1.20.1-1.9.3+Forge.jar'
rm 'servidor_minecraft/mods/structure_gel-1.20.1-2.16.2.jar'
rm 'servidor_minecraft/mods/tact-1.2.0+1.20.1.jar'
rm 'servidor_minecraft/mods/tctcore-1.4-forge-1.20.1.jar'
rm 'servidor_minecraft/mods/tetra-1.20.1-6.4.0.jar'
rm 'servidor_minecraft/mods/the-conjurer-1.20.1-1.1.6.jar'
rm 'servidor_minecraft/mods/theoneprobe-1.20.1-10.0.2.jar'
rm 'servidor_minecraft/mods/tombstone-1.20.1-8.6.7.jar'
rm 'servidor_minecraft/mods/trashslot-forge-1.20-15.1.0.jar'
rm 'servidor_minecraft/mods/travelersbackpack-forge-1.20.1-9.1.14.jar'
rm 'servidor_minecraft/mods/warriors_of_past_epoch_[Forge]_1.20.1_1.3.jar'
rm 'servidor_minecraft/ops.json'
rm 'servidor_minecraft/playit.status'
rm 'servidor_minecraft/playit.tunnels'
rm 'servidor_minecraft/run.bat'
rm 'servidor_minecraft/run.sh'
rm 'servidor_minecraft/server.properties'
rm 'servidor_minecraft/user_jvm_args.txt'
rm 'servidor_minecraft/usercache.json'
rm 'servidor_minecraft/usernamecache.json'
rm 'servidor_minecraft/whitelist.json'
rm 'servidor_minecraft/world/DIM-1/data/capabilities.dat'
rm 'servidor_minecraft/world/DIM-1/data/clearlagc_worldvars.dat'
rm 'servidor_minecraft/world/DIM-1/data/raids.dat'
rm 'servidor_minecraft/world/DIM1/data/capabilities.dat'
rm 'servidor_minecraft/world/DIM1/data/clearlagc_worldvars.dat'
rm 'servidor_minecraft/world/DIM1/data/raids_end.dat'
rm 'servidor_minecraft/world/advancements/43d79b3e-4afa-37fb-a395-aac4dcd856c6.json'
rm 'servidor_minecraft/world/advancements/9221eae4-d002-3ea6-a2ca-c4c421bfbe27.json'
rm 'servidor_minecraft/world/advancements/ed821a9b-cfc7-343b-9491-331781f0bba2.json'
rm 'servidor_minecraft/world/data/JMPlayerSettings.dat'
rm 'servidor_minecraft/world/data/WorldUUID.dat'
rm 'servidor_minecraft/world/data/alexsmobs_world_data.dat'
rm 'servidor_minecraft/world/data/capabilities.dat'
rm 'servidor_minecraft/world/data/cataclysm_world_data.dat'
rm 'servidor_minecraft/world/data/chunks.dat'
rm 'servidor_minecraft/world/data/citadel_world_data.dat'
rm 'servidor_minecraft/world/data/clearlagc_worldvars.dat'
rm 'servidor_minecraft/world/data/iceandfire_general.dat'
rm 'servidor_minecraft/world/data/idcounts.dat'
rm 'servidor_minecraft/world/data/majruszsdifficulty.dat'
rm 'servidor_minecraft/world/data/map_0.dat'
rm 'servidor_minecraft/world/data/map_1.dat'
rm 'servidor_minecraft/world/data/raids.dat'
rm 'servidor_minecraft/world/data/random_sequences.dat'
rm 'servidor_minecraft/world/data/scoreboard.dat'
rm 'servidor_minecraft/world/dimensions/deeperdarker/otherside/data/capabilities.dat'
rm 'servidor_minecraft/world/dimensions/deeperdarker/otherside/data/clearlagc_worldvars.dat'
rm 'servidor_minecraft/world/dimensions/deeperdarker/otherside/data/raids.dat'
rm 'servidor_minecraft/world/entities/r.-1.-1.mca'
rm 'servidor_minecraft/world/entities/r.-1.-2.mca'
rm 'servidor_minecraft/world/entities/r.-1.-3.mca'
rm 'servidor_minecraft/world/entities/r.-1.-4.mca'
rm 'servidor_minecraft/world/entities/r.-1.0.mca'
rm 'servidor_minecraft/world/entities/r.-1.1.mca'
rm 'servidor_minecraft/world/entities/r.-2.-1.mca'
rm 'servidor_minecraft/world/entities/r.-2.-2.mca'
rm 'servidor_minecraft/world/entities/r.-2.-3.mca'
rm 'servidor_minecraft/world/entities/r.-2.-4.mca'
rm 'servidor_minecraft/world/entities/r.-2.0.mca'
rm 'servidor_minecraft/world/entities/r.-2.1.mca'
rm 'servidor_minecraft/world/entities/r.0.-1.mca'
rm 'servidor_minecraft/world/entities/r.0.-2.mca'
rm 'servidor_minecraft/world/entities/r.0.-3.mca'
rm 'servidor_minecraft/world/entities/r.0.-4.mca'
rm 'servidor_minecraft/world/entities/r.0.0.mca'
rm 'servidor_minecraft/world/entities/r.1.-1.mca'
rm 'servidor_minecraft/world/entities/r.1.-2.mca'
rm 'servidor_minecraft/world/entities/r.1.-3.mca'
rm 'servidor_minecraft/world/entities/r.1.-4.mca'
rm 'servidor_minecraft/world/entities/r.2.-2.mca'
rm 'servidor_minecraft/world/entities/r.2.-3.mca'
rm 'servidor_minecraft/world/entities/r.2.-4.mca'
rm 'servidor_minecraft/world/entities/r.3.-3.mca'
rm 'servidor_minecraft/world/entities/r.3.-4.mca'
rm 'servidor_minecraft/world/level.dat'
rm 'servidor_minecraft/world/level.dat_old'
rm 'servidor_minecraft/world/playerdata/43d79b3e-4afa-37fb-a395-aac4dcd856c6.dat'
rm 'servidor_minecraft/world/playerdata/43d79b3e-4afa-37fb-a395-aac4dcd856c6.dat_old'
rm 'servidor_minecraft/world/playerdata/9221eae4-d002-3ea6-a2ca-c4c421bfbe27.dat'
rm 'servidor_minecraft/world/playerdata/9221eae4-d002-3ea6-a2ca-c4c421bfbe27.dat_old'
rm 'servidor_minecraft/world/playerdata/ed821a9b-cfc7-343b-9491-331781f0bba2.dat'
rm 'servidor_minecraft/world/playerdata/ed821a9b-cfc7-343b-9491-331781f0bba2.dat_old'
rm 'servidor_minecraft/world/poi/r.-1.-1.mca'
rm 'servidor_minecraft/world/poi/r.-1.-2.mca'
rm 'servidor_minecraft/world/poi/r.-1.-3.mca'
rm 'servidor_minecraft/world/poi/r.-1.-4.mca'
rm 'servidor_minecraft/world/poi/r.-1.0.mca'
rm 'servidor_minecraft/world/poi/r.-1.1.mca'
rm 'servidor_minecraft/world/poi/r.-2.-1.mca'
rm 'servidor_minecraft/world/poi/r.-2.-2.mca'
rm 'servidor_minecraft/world/poi/r.-2.-3.mca'
rm 'servidor_minecraft/world/poi/r.-2.-4.mca'
rm 'servidor_minecraft/world/poi/r.-2.0.mca'
rm 'servidor_minecraft/world/poi/r.-2.1.mca'
rm 'servidor_minecraft/world/poi/r.0.-1.mca'
rm 'servidor_minecraft/world/poi/r.0.-2.mca'
rm 'servidor_minecraft/world/poi/r.0.-3.mca'
rm 'servidor_minecraft/world/poi/r.0.-4.mca'
rm 'servidor_minecraft/world/poi/r.0.0.mca'
rm 'servidor_minecraft/world/poi/r.1.-1.mca'
rm 'servidor_minecraft/world/poi/r.1.-2.mca'
rm 'servidor_minecraft/world/poi/r.1.-3.mca'
rm 'servidor_minecraft/world/poi/r.1.-4.mca'
rm 'servidor_minecraft/world/poi/r.1.0.mca'
rm 'servidor_minecraft/world/poi/r.2.-2.mca'
rm 'servidor_minecraft/world/poi/r.2.-3.mca'
rm 'servidor_minecraft/world/poi/r.2.-4.mca'
rm 'servidor_minecraft/world/poi/r.3.-2.mca'
rm 'servidor_minecraft/world/poi/r.3.-3.mca'
rm 'servidor_minecraft/world/poi/r.3.-4.mca'
rm 'servidor_minecraft/world/region/r.-1.-1.mca'
rm 'servidor_minecraft/world/region/r.-1.-2.mca'
rm 'servidor_minecraft/world/region/r.-1.-3.mca'
rm 'servidor_minecraft/world/region/r.-1.-4.mca'
rm 'servidor_minecraft/world/region/r.-1.0.mca'
rm 'servidor_minecraft/world/region/r.-1.1.mca'
rm 'servidor_minecraft/world/region/r.-2.-1.mca'
rm 'servidor_minecraft/world/region/r.-2.-2.mca'
rm 'servidor_minecraft/world/region/r.-2.-3.mca'
rm 'servidor_minecraft/world/region/r.-2.-4.mca'
rm 'servidor_minecraft/world/region/r.-2.0.mca'
rm 'servidor_minecraft/world/region/r.-2.1.mca'
rm 'servidor_minecraft/world/region/r.0.-1.mca'
rm 'servidor_minecraft/world/region/r.0.-2.mca'
rm 'servidor_minecraft/world/region/r.0.-3.mca'
rm 'servidor_minecraft/world/region/r.0.-4.mca'
rm 'servidor_minecraft/world/region/r.0.0.mca'
rm 'servidor_minecraft/world/region/r.1.-1.mca'
rm 'servidor_minecraft/world/region/r.1.-2.mca'
rm 'servidor_minecraft/world/region/r.1.-3.mca'
rm 'servidor_minecraft/world/region/r.1.-4.mca'
rm 'servidor_minecraft/world/region/r.1.0.mca'
rm 'servidor_minecraft/world/region/r.2.-2.mca'
rm 'servidor_minecraft/world/region/r.2.-3.mca'
rm 'servidor_minecraft/world/region/r.2.-4.mca'
rm 'servidor_minecraft/world/region/r.3.-2.mca'
rm 'servidor_minecraft/world/region/r.3.-3.mca'
rm 'servidor_minecraft/world/region/r.3.-4.mca'
rm 'servidor_minecraft/world/serverconfig/configurablecane-server.toml'
rm 'servidor_minecraft/world/serverconfig/curios-server.toml'
rm 'servidor_minecraft/world/serverconfig/forge-server.toml'
rm 'servidor_minecraft/world/serverconfig/jei-server.toml'
rm 'servidor_minecraft/world/serverconfig/journeymap-server.toml'
rm 'servidor_minecraft/world/session.lock'
rm 'servidor_minecraft/world/stats/43d79b3e-4afa-37fb-a395-aac4dcd856c6.json'
rm 'servidor_minecraft/world/stats/9221eae4-d002-3ea6-a2ca-c4c421bfbe27.json'
rm 'servidor_minecraft/world/stats/ed821a9b-cfc7-343b-9491-331781f0bba2.json'
rm 'servidor_minecraft/world/tombstone/loottables/tombstone-pool-archaeology.json'
rm 'servidor_minecraft/world/tombstone/loottables/tombstone-pool-cat_morning.json'
rm 'servidor_minecraft/world/tombstone/loottables/tombstone-pool-chest_treasure.bak'
rm 'servidor_minecraft/world/tombstone/loottables/tombstone-pool-chest_treasure.json'
rm 'servidor_minecraft/world/tombstone/loottables/tombstone-pool-lost_treasure.json'
rm 'servidor_minecraft/world/tombstone/loottables/tombstone-pool-seeker_rod.json'
rm 'servidor_minecraft/world/tombstone/loottables/tombstone-pool-sniffer_digging.json'
rm 'servidor_minecraft/world/tombstone/loottables/tombstone-pool-undead_boss.json'
rm 'servidor_minecraft/world/tombstone/loottables/tombstone-pool-undead_mob.json'
rm 'servidor_minecraft/world/tombstone/saved_players/43d79b3e-4afa-37fb-a395-aac4dcd856c6/20241021-140013.save'
rm 'servidor_minecraft/world/tombstone/saved_players/43d79b3e-4afa-37fb-a395-aac4dcd856c6/20241021-232918.save'
rm 'servidor_minecraft/world/tombstone/saved_players/43d79b3e-4afa-37fb-a395-aac4dcd856c6/20241021-234441.save'
rm 'servidor_minecraft/world/tombstone/saved_players/43d79b3e-4afa-37fb-a395-aac4dcd856c6/20241022-000441.save'
rm 'servidor_minecraft/world/tombstone/saved_players/43d79b3e-4afa-37fb-a395-aac4dcd856c6/20241022-002441.save'
rm 'servidor_minecraft/world/tombstone/saved_players/43d79b3e-4afa-37fb-a395-aac4dcd856c6/20241022-140408.save'
rm 'servidor_minecraft/world/tombstone/saved_players/43d79b3e-4afa-37fb-a395-aac4dcd856c6/20241023-232232.save'
rm 'servidor_minecraft/world/tombstone/saved_players/43d79b3e-4afa-37fb-a395-aac4dcd856c6/20241023-234232.save'
rm 'servidor_minecraft/world/tombstone/saved_players/9221eae4-d002-3ea6-a2ca-c4c421bfbe27/20241021-233108.save'
rm 'servidor_minecraft/world/tombstone/saved_players/9221eae4-d002-3ea6-a2ca-c4c421bfbe27/20241021-233117.save'
rm 'servidor_minecraft/world/tombstone/saved_players/9221eae4-d002-3ea6-a2ca-c4c421bfbe27/20241021-233305.save'
rm 'servidor_minecraft/world/tombstone/saved_players/9221eae4-d002-3ea6-a2ca-c4c421bfbe27/20241021-233725.save'
rm 'servidor_minecraft/world/tombstone/saved_players/9221eae4-d002-3ea6-a2ca-c4c421bfbe27/20241021-233935.save'
rm 'servidor_minecraft/world/tombstone/saved_players/9221eae4-d002-3ea6-a2ca-c4c421bfbe27/20241021-234022.save'
rm 'servidor_minecraft/world/tombstone/saved_players/9221eae4-d002-3ea6-a2ca-c4c421bfbe27/20241021-234441.save'
rm 'servidor_minecraft/world/tombstone/saved_players/9221eae4-d002-3ea6-a2ca-c4c421bfbe27/20241021-234456.save'
rm 'servidor_minecraft/world/tombstone/saved_players/9221eae4-d002-3ea6-a2ca-c4c421bfbe27/20241022-000441.save'
rm 'servidor_minecraft/world/tombstone/saved_players/9221eae4-d002-3ea6-a2ca-c4c421bfbe27/20241022-001502.save'
rm 'servidor_minecraft/world/tombstone/saved_players/9221eae4-d002-3ea6-a2ca-c4c421bfbe27/20241022-002441.save'
rm 'servidor_minecraft/world/tombstone/saved_players/9221eae4-d002-3ea6-a2ca-c4c421bfbe27/20241022-003438.save'
rm 'servidor_minecraft/world/tombstone/saved_players/9221eae4-d002-3ea6-a2ca-c4c421bfbe27/20241025-224834.save'
rm 'servidor_minecraft/world/tombstone/saved_players/9221eae4-d002-3ea6-a2ca-c4c421bfbe27/20241025-225519.save'
rm 'servidor_minecraft/world/tombstone/saved_players/9221eae4-d002-3ea6-a2ca-c4c421bfbe27/20241025-230834.save'
rm 'servidor_minecraft/world/tombstone/saved_players/ed821a9b-cfc7-343b-9491-331781f0bba2/20241021-232918.save'
rm 'servidor_minecraft/world/tombstone/version.info'
fatal: a branch named 'Minecraft_branch' already exists
stat: cannot stat 'servidor_minecraft/mods/ClearLag': No such file or directory
fatal: pathspec 'servidor_minecraft/mods/ClearLag' did not match any files
stat: cannot stat '1.20.1.jar': No such file or directory
fatal: pathspec '1.20.1.jar' did not match any files
stat: cannot stat 'servidor_minecraft/mods/Explorify': No such file or directory
fatal: pathspec 'servidor_minecraft/mods/Explorify' did not match any files
stat: cannot stat 'v1.6.1': No such file or directory
fatal: pathspec 'v1.6.1' did not match any files
stat: cannot stat 'f10-48.jar': No such file or directory
fatal: pathspec 'f10-48.jar' did not match any files
stat: cannot stat 'servidor_minecraft/mods/ironchest-1.20.1-14.4.4': No such file or directory
fatal: pathspec 'servidor_minecraft/mods/ironchest-1.20.1-14.4.4' did not match any files
stat: cannot stat '(1).jar': No such file or directory
fatal: pathspec '(1).jar' did not match any files
stat: cannot stat 'servidor_minecraft/mods/Cardinal': No such file or directory
fatal: pathspec 'servidor_minecraft/mods/Cardinal' did not match any files
stat: cannot stat 'Sins': No such file or directory
fatal: pathspec 'Sins' did not match any files
stat: cannot stat '1.0.3.jar': No such file or directory
fatal: pathspec '1.0.3.jar' did not match any files
stat: cannot stat 'server': No such file or directory
stat: cannot stat '(1).py': No such file or directory
stat: cannot stat 'servidor_minecraft/world/tombstone/saved_players/9221eae4-d002-3ea6-a2ca-c4c421bfbe27/20241021-233108.save': No such file or directory
Obteniendo cambios del remoto...
Fusionando cambios del remoto en la rama actual...
Already up to date.
Realizando push forzado en la rama Minecraft_branch con archivos menores de 100 MB
remote: warning: See https://gh.io/lfs for more information.        
remote: warning: File servidor_minecraft/mods/alexscaves-2.0.0.jar is 71.31 MB; this is larger than GitHub's recommended maximum file size of 50.00 MB        
remote: warning: GH001: Large files detected. You may want to try Git Large File Storage - https://git-lfs.github.com.        
To https://github.com/jaime412/Minecraft_branch.git
 + 11a9968...8accf3c Minecraft_branch -> Minecraft_branch (forced update)
Push forzado realizado con éxito en la rama Minecraft_branch.
[Minecraft_branch 25a6ea7] Añadido excluded_files.txt con los archivos grandes excluidos
 1 file changed, 0 insertions(+), 0 deletions(-)
 create mode 100644 excluded_files.txt
To https://github.com/jaime412/Minecraft_branch.git
   8accf3c..25a6ea7  Minecraft_branch -> Minecraft_branch
Esperando 10 minutos antes de la próxima ejecución...
Esperando 10 minutos antes de la primera ejecución...
Iniciando proceso de sincronización...
Nombre de la rama actual: Minecraft_branch
Obteniendo la URL del repositorio remoto
origin	https://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@github.com/jaime412/Minecraft_branch.git (fetch)
origin	https://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@github.com/jaime412/Minecraft_branch.git (push)
rm '.gitignore'
rm 'addons/Branchutil.addon'
rm 'addons/Utilidades.py'
rm 'addons/url-del-branch.json'
rm 'configuracion.json'
rm 'excluded_files.txt'
rm 'output.log'
rm 'playit.status'
rm 'playit.tunnels'
rm 'respaldos/world_respaldo.zip'
rm 'server (1).py'
rm 'servidor_minecraft/banned-ips.json'
rm 'servidor_minecraft/banned-players.json'
rm 'servidor_minecraft/config/Elenai-Dodge-2-Common.toml'
rm 'servidor_minecraft/config/Feathers-Common.toml'
rm 'servidor_minecraft/config/Obscuria/aquamirae-common.toml'
rm 'servidor_minecraft/config/Plushie_Buddies-Common.toml'
rm 'servidor_minecraft/config/ShieldExpansion-common.toml'
rm 'servidor_minecraft/config/alexscaves-general.toml'
rm 'servidor_minecraft/config/alexscaves_biome_generation/abyssal_chasm.json'
rm 'servidor_minecraft/config/alexscaves_biome_generation/candy_cavity.json'
rm 'servidor_minecraft/config/alexscaves_biome_generation/forlorn_hollows.json'
rm 'servidor_minecraft/config/alexscaves_biome_generation/magnetic_caves.json'
rm 'servidor_minecraft/config/alexscaves_biome_generation/primordial_caves.json'
rm 'servidor_minecraft/config/alexscaves_biome_generation/toxic_caves.json'
rm 'servidor_minecraft/config/alexsmobs.toml'
rm 'servidor_minecraft/config/alexsmobs/alligator_snapping_turtle_spawns.json'
rm 'servidor_minecraft/config/alexsmobs/anaconda_spawns.json'
rm 'servidor_minecraft/config/alexsmobs/anteater_spawns.json'
rm 'servidor_minecraft/config/alexsmobs/bald_eagle_spawns.json'
rm 'servidor_minecraft/config/alexsmobs/banana_slug_spawns.json'
rm 'servidor_minecraft/config/alexsmobs/bison_spawns.json'
rm 'servidor_minecraft/config/alexsmobs/blobfish_spawns.json'
rm 'servidor_minecraft/config/alexsmobs/blue_jay_spawns.json'
rm 'servidor_minecraft/config/alexsmobs/bone_serpent_spawns.json'
rm 'servidor_minecraft/config/alexsmobs/bunfungus_spawns.json'
rm 'servidor_minecraft/config/alexsmobs/cachalot_whale_beached_spawns.json'
rm 'servidor_minecraft/config/alexsmobs/cachalot_whale_spawns.json'
rm 'servidor_minecraft/config/alexsmobs/caiman_spawns.json'
rm 'servidor_minecraft/config/alexsmobs/capuchin_monkey_spawns.json'
rm 'servidor_minecraft/config/alexsmobs/catfish_spawns.json'
rm 'servidor_minecraft/config/alexsmobs/cave_centipede_spawns.json'
rm 'servidor_minecraft/config/alexsmobs/cockroach_spawns.json'
rm 'servidor_minecraft/config/alexsmobs/comb_jelly_spawns.json'
rm 'servidor_minecraft/config/alexsmobs/cosmaw_spawns.json'
rm 'servidor_minecraft/config/alexsmobs/cosmic_cod_spawns.json'
rm 'servidor_minecraft/config/alexsmobs/crimson_mosquito_spawns.json'
rm 'servidor_minecraft/config/alexsmobs/crocodile_spawns.json'
rm 'servidor_minecraft/config/alexsmobs/crow_spawns.json'
rm 'servidor_minecraft/config/alexsmobs/devils_hole_pupfish_spawns.json'
rm 'servidor_minecraft/config/alexsmobs/dropbear_spawns.json'
rm 'servidor_minecraft/config/alexsmobs/elephant_spawns.json'
rm 'servidor_minecraft/config/alexsmobs/emu_spawns.json'
rm 'servidor_minecraft/config/alexsmobs/endergrade_spawns.json'
rm 'servidor_minecraft/config/alexsmobs/enderiophage_spawns.json'
rm 'servidor_minecraft/config/alexsmobs/farseer.json'
rm 'servidor_minecraft/config/alexsmobs/flutter_spawns.json'
rm 'servidor_minecraft/config/alexsmobs/fly_spawns.json'
rm 'servidor_minecraft/config/alexsmobs/flying_fish_spawns.json'
rm 'servidor_minecraft/config/alexsmobs/frilled_shark_spawns.json'
rm 'servidor_minecraft/config/alexsmobs/froststalker_spawns.json'
rm 'servidor_minecraft/config/alexsmobs/gazelle_spawns.json'
rm 'servidor_minecraft/config/alexsmobs/gelada_monkey_spawns.json'
rm 'servidor_minecraft/config/alexsmobs/giant_squid_spawns.json'
rm 'servidor_minecraft/config/alexsmobs/gorilla_spawns.json'
rm 'servidor_minecraft/config/alexsmobs/grizzly_bear_spawns.json'
rm 'servidor_minecraft/config/alexsmobs/guster_spawns.json'
rm 'servidor_minecraft/config/alexsmobs/hammerhead_shark_spawns.json'
rm 'servidor_minecraft/config/alexsmobs/hummingbird_spawns.json'
rm 'servidor_minecraft/config/alexsmobs/jerboa_spawns.json'
rm 'servidor_minecraft/config/alexsmobs/kangaroo_spawns.json'
rm 'servidor_minecraft/config/alexsmobs/komodo_dragon_spawns.json'
rm 'servidor_minecraft/config/alexsmobs/laviathan_spawns.json'
rm 'servidor_minecraft/config/alexsmobs/leafcutter_anthill_spawns.json'
rm 'servidor_minecraft/config/alexsmobs/lobster_spawns.json'
rm 'servidor_minecraft/config/alexsmobs/maned_wolf_spawns.json'
rm 'servidor_minecraft/config/alexsmobs/mantis_shrimp_spawns.json'
rm 'servidor_minecraft/config/alexsmobs/mimic_octopus_spawns.json'
rm 'servidor_minecraft/config/alexsmobs/mimicube_spawns.json'
rm 'servidor_minecraft/config/alexsmobs/moose_spawns.json'
rm 'servidor_minecraft/config/alexsmobs/mudskipper_spawns.json'
rm 'servidor_minecraft/config/alexsmobs/mungus_spawns.json'
rm 'servidor_minecraft/config/alexsmobs/murmur.json'
rm 'servidor_minecraft/config/alexsmobs/orca_spawns.json'
rm 'servidor_minecraft/config/alexsmobs/platypus_spawns.json'
rm 'servidor_minecraft/config/alexsmobs/potoo_spawns.json'
rm 'servidor_minecraft/config/alexsmobs/raccoon_spawns.json'
rm 'servidor_minecraft/config/alexsmobs/rain_frog_spawns.json'
rm 'servidor_minecraft/config/alexsmobs/rattlesnake_spawns.json'
rm 'servidor_minecraft/config/alexsmobs/rhinoceros_spawns.json'
rm 'servidor_minecraft/config/alexsmobs/roadrunner_spawns.json'
rm 'servidor_minecraft/config/alexsmobs/rocky_roller_spawns.json'
rm 'servidor_minecraft/config/alexsmobs/seagull_spawns.json'
rm 'servidor_minecraft/config/alexsmobs/seal_spawns.json'
rm 'servidor_minecraft/config/alexsmobs/shoebill_spawns.json'
rm 'servidor_minecraft/config/alexsmobs/skelewag_spawns.json'
rm 'servidor_minecraft/config/alexsmobs/skreecher.json'
rm 'servidor_minecraft/config/alexsmobs/skunk_spawns.json'
rm 'servidor_minecraft/config/alexsmobs/snow_leopard_spawns.json'
rm 'servidor_minecraft/config/alexsmobs/soul_vulture_spawns.json'
rm 'servidor_minecraft/config/alexsmobs/spectre_spawns.json'
rm 'servidor_minecraft/config/alexsmobs/straddler_spawns.json'
rm 'servidor_minecraft/config/alexsmobs/stradpole_spawns.json'
rm 'servidor_minecraft/config/alexsmobs/sugar_glider_spawns.json'
rm 'servidor_minecraft/config/alexsmobs/sunbird_spawns.json'
rm 'servidor_minecraft/config/alexsmobs/tarantula_hawk_spawns.json'
rm 'servidor_minecraft/config/alexsmobs/tasmanian_devil_spawns.json'
rm 'servidor_minecraft/config/alexsmobs/terrapin_spawns.json'
rm 'servidor_minecraft/config/alexsmobs/tiger_spawns.json'
rm 'servidor_minecraft/config/alexsmobs/toucan_spawns.json'
rm 'servidor_minecraft/config/alexsmobs/triops_spawns.json'
rm 'servidor_minecraft/config/alexsmobs/tusklin_spawns.json'
rm 'servidor_minecraft/config/alexsmobs/underminer.json'
rm 'servidor_minecraft/config/alexsmobs/void_worm_spawns.json'
rm 'servidor_minecraft/config/alexsmobs/warped_mosco_spawns.json'
rm 'servidor_minecraft/config/alexsmobs/warped_toad_spawns.json'
rm 'servidor_minecraft/config/aoa3/integrations_config.toml'
rm 'servidor_minecraft/config/apotheosis/adventure.cfg'
rm 'servidor_minecraft/config/apotheosis/apotheosis.cfg'
rm 'servidor_minecraft/config/apotheosis/ench.cfg'
rm 'servidor_minecraft/config/apotheosis/enchantments.cfg'
rm 'servidor_minecraft/config/apotheosis/garden.cfg'
rm 'servidor_minecraft/config/apotheosis/names.cfg'
rm 'servidor_minecraft/config/apotheosis/potion.cfg'
rm 'servidor_minecraft/config/apotheosis/spawner.cfg'
rm 'servidor_minecraft/config/apotheosis/village.cfg'
rm 'servidor_minecraft/config/attributeslib.cfg'
rm 'servidor_minecraft/config/balm-common.toml'
rm 'servidor_minecraft/config/bettercombat/fallback_compatibility.json'
rm 'servidor_minecraft/config/bettercombat/server.json5'
rm 'servidor_minecraft/config/carryon-common.toml'
rm 'servidor_minecraft/config/cataclysm.toml'
rm 'servidor_minecraft/config/cataclysm/amethyst_crab_spawns.json'
rm 'servidor_minecraft/config/cataclysm/coral_golem_spawns.json'
rm 'servidor_minecraft/config/cataclysm/deepling_angler_spawns.json'
rm 'servidor_minecraft/config/cataclysm/deepling_brute_spawns.json'
rm 'servidor_minecraft/config/cataclysm/deepling_priest_spawns.json'
rm 'servidor_minecraft/config/cataclysm/deepling_spawns.json'
rm 'servidor_minecraft/config/cataclysm/deepling_warlock_spawns.json'
rm 'servidor_minecraft/config/cataclysm/koboleton_spawns.json'
rm 'servidor_minecraft/config/citadel-common.toml'
rm 'servidor_minecraft/config/combatroll/enchantments.json'
rm 'servidor_minecraft/config/combatroll/server.json5'
rm 'servidor_minecraft/config/curios-common.toml'
rm 'servidor_minecraft/config/embeddium-mixins.properties'
rm 'servidor_minecraft/config/embeddium-options.json'
rm 'servidor_minecraft/config/epicknights/armor.json5'
rm 'servidor_minecraft/config/epicknights/general.json5'
rm 'servidor_minecraft/config/epicknights/mobs_equipment.json5'
rm 'servidor_minecraft/config/epicknights/shields.json5'
rm 'servidor_minecraft/config/epicknights/weapons.json5'
rm 'servidor_minecraft/config/ferritecore-mixin.toml'
rm 'servidor_minecraft/config/fml.toml'
rm 'servidor_minecraft/config/iceandfire-common.toml'
rm 'servidor_minecraft/config/iceandfire/amphithere_biomes.json'
rm 'servidor_minecraft/config/iceandfire/cockatrice_biomes.json'
rm 'servidor_minecraft/config/iceandfire/cyclops_cave_biomes.json'
rm 'servidor_minecraft/config/iceandfire/deathworm_biomes.json'
rm 'servidor_minecraft/config/iceandfire/desert_myrmex_biomes.json'
rm 'servidor_minecraft/config/iceandfire/fire_dragon_biomes.json'
rm 'servidor_minecraft/config/iceandfire/fire_dragon_cave_biomes.json'
rm 'servidor_minecraft/config/iceandfire/fire_dragon_skeleton_biomes.json'
rm 'servidor_minecraft/config/iceandfire/fire_lily_biomes.json'
rm 'servidor_minecraft/config/iceandfire/forest_troll_biomes.json'
rm 'servidor_minecraft/config/iceandfire/frost_lily_biomes.json'
rm 'servidor_minecraft/config/iceandfire/gorgon_temple_biomes.json'
rm 'servidor_minecraft/config/iceandfire/graveyard_biomes.json'
rm 'servidor_minecraft/config/iceandfire/hippocampus_biomes.json'
rm 'servidor_minecraft/config/iceandfire/hippogryph_biomes.json'
rm 'servidor_minecraft/config/iceandfire/hippogryph_black_biomes.json'
rm 'servidor_minecraft/config/iceandfire/hippogryph_brown_biomes.json'
rm 'servidor_minecraft/config/iceandfire/hippogryph_chestnut_biomes.json'
rm 'servidor_minecraft/config/iceandfire/hippogryph_creamy_biomes.json'
rm 'servidor_minecraft/config/iceandfire/hippogryph_dark_brown_biomes.json'
rm 'servidor_minecraft/config/iceandfire/hippogryph_gray_biomes.json'
rm 'servidor_minecraft/config/iceandfire/hippogryph_white_biomes.json'
rm 'servidor_minecraft/config/iceandfire/hydra_cave_biomes.json'
rm 'servidor_minecraft/config/iceandfire/ice_dragon_biomes.json'
rm 'servidor_minecraft/config/iceandfire/ice_dragon_cave_biomes.json'
rm 'servidor_minecraft/config/iceandfire/ice_dragon_skeleton_biomes.json'
rm 'servidor_minecraft/config/iceandfire/jungle_myrmex_biomes.json'
rm 'servidor_minecraft/config/iceandfire/lightning_dragon_biomes.json'
rm 'servidor_minecraft/config/iceandfire/lightning_dragon_cave_biomes.json'
rm 'servidor_minecraft/config/iceandfire/lightning_dragon_skeleton_biomes.json'
rm 'servidor_minecraft/config/iceandfire/lightning_lily_biomes.json'
rm 'servidor_minecraft/config/iceandfire/mausoleum_biomes.json'
rm 'servidor_minecraft/config/iceandfire/mountain_troll_biomes.json'
rm 'servidor_minecraft/config/iceandfire/ore_gen_biomes.json'
rm 'servidor_minecraft/config/iceandfire/pixie_village_biomes.json'
rm 'servidor_minecraft/config/iceandfire/sapphire_gen_biomes.json'
rm 'servidor_minecraft/config/iceandfire/sea_serpent_biomes.json'
rm 'servidor_minecraft/config/iceandfire/siren_biomes.json'
rm 'servidor_minecraft/config/iceandfire/snowy_troll_biomes.json'
rm 'servidor_minecraft/config/iceandfire/stymphalian_bird_biomes.json'
rm 'servidor_minecraft/config/iceandfire/wandering_cyclops_biomes.json'
rm 'servidor_minecraft/config/immediatelyfast.json'
rm 'servidor_minecraft/config/inventorypets-common.toml'
rm 'servidor_minecraft/config/jade/server-plugin-overrides.json'
rm 'servidor_minecraft/config/jade/sort-order.json'
rm 'servidor_minecraft/config/jeresources-common.toml'
rm 'servidor_minecraft/config/jeresources.toml'
rm 'servidor_minecraft/config/just_leveling-common.toml'
rm 'servidor_minecraft/config/lithium.properties'
rm 'servidor_minecraft/config/majruszlibrary.json'
rm 'servidor_minecraft/config/majruszsdifficulty.json'
rm 'servidor_minecraft/config/majruszsenchantments.json'
rm 'servidor_minecraft/config/mca.json'
rm 'servidor_minecraft/config/mysticsbiomes-common.toml'
rm 'servidor_minecraft/config/playerrevive.json'
rm 'servidor_minecraft/config/sodium-extra.properties'
rm 'servidor_minecraft/config/spawnermod.json'
rm 'servidor_minecraft/config/structure_gel-common.toml'
rm 'servidor_minecraft/config/tact-common.toml'
rm 'servidor_minecraft/config/terrablender.toml'
rm 'servidor_minecraft/config/tetra.toml'
rm 'servidor_minecraft/config/theoneprobe-common.toml'
rm 'servidor_minecraft/config/tombstone-common.toml'
rm 'servidor_minecraft/config/tombstone-server.toml'
rm 'servidor_minecraft/config/trashslot-common.toml'
rm 'servidor_minecraft/config/travelersbackpack-common.toml'
rm 'servidor_minecraft/config/yacl.json5'
rm 'servidor_minecraft/configuracion.json'
rm 'servidor_minecraft/crash-reports/crash-2024-08-01_03.17.33-server.txt'
rm 'servidor_minecraft/crash-reports/crash-2024-08-01_03.24.36-server.txt'
rm 'servidor_minecraft/crash-reports/crash-2024-08-01_03.33.05-server.txt'
rm 'servidor_minecraft/eula.txt'
rm 'servidor_minecraft/forge.jar'
rm 'servidor_minecraft/forge.jar.log'
rm 'servidor_minecraft/journeymap/server/5.10/journeymap.server.aoa3~barathos.config'
rm 'servidor_minecraft/journeymap/server/5.10/journeymap.server.aoa3~deeplands.config'
rm 'servidor_minecraft/journeymap/server/5.10/journeymap.server.aoa3~lborean.config'
rm 'servidor_minecraft/journeymap/server/5.10/journeymap.server.aoa3~lelyetia.config'
rm 'servidor_minecraft/journeymap/server/5.10/journeymap.server.aoa3~nowhere.config'
rm 'servidor_minecraft/journeymap/server/5.10/journeymap.server.aoa3~precasia.config'
rm 'servidor_minecraft/journeymap/server/5.10/journeymap.server.aoa3~precasia_backup.config'
rm 'servidor_minecraft/journeymap/server/5.10/journeymap.server.deeperdarker~otherside.config'
rm 'servidor_minecraft/journeymap/server/5.10/journeymap.server.default.config'
rm 'servidor_minecraft/journeymap/server/5.10/journeymap.server.global.config'
rm 'servidor_minecraft/journeymap/server/5.10/journeymap.server.minecraft~overworld.config'
rm 'servidor_minecraft/journeymap/server/5.10/journeymap.server.minecraft~the_end.config'
rm 'servidor_minecraft/journeymap/server/5.10/journeymap.server.minecraft~the_nether.config'
rm 'servidor_minecraft/journeymap/server/5.10/journeymap.server.world~madnessdimension.config'
rm 'servidor_minecraft/journeymap/server/5.10/journeymap.server.world~worldtest_1.config'
rm 'servidor_minecraft/libraries/com/electronwill/night-config/core/3.6.4/core-3.6.4.jar'
rm 'servidor_minecraft/libraries/com/electronwill/night-config/toml/3.6.4/toml-3.6.4.jar'
rm 'servidor_minecraft/libraries/com/github/jponge/lzma-java/1.3/lzma-java-1.3.jar'
rm 'servidor_minecraft/libraries/com/github/oshi/oshi-core/6.2.2/oshi-core-6.2.2.jar'
rm 'servidor_minecraft/libraries/com/google/code/findbugs/jsr305/3.0.2/jsr305-3.0.2.jar'
rm 'servidor_minecraft/libraries/com/google/code/gson/gson/2.10/gson-2.10.jar'
rm 'servidor_minecraft/libraries/com/google/code/gson/gson/2.8.7/gson-2.8.7.jar'
rm 'servidor_minecraft/libraries/com/google/errorprone/error_prone_annotations/2.1.3/error_prone_annotations-2.1.3.jar'
rm 'servidor_minecraft/libraries/com/google/guava/failureaccess/1.0.1/failureaccess-1.0.1.jar'
rm 'servidor_minecraft/libraries/com/google/guava/guava/20.0/guava-20.0.jar'
rm 'servidor_minecraft/libraries/com/google/guava/guava/25.1-jre/guava-25.1-jre.jar'
rm 'servidor_minecraft/libraries/com/google/guava/guava/31.1-jre/guava-31.1-jre.jar'
rm 'servidor_minecraft/libraries/com/google/j2objc/j2objc-annotations/1.1/j2objc-annotations-1.1.jar'
rm 'servidor_minecraft/libraries/com/mojang/authlib/4.0.43/authlib-4.0.43.jar'
rm 'servidor_minecraft/libraries/com/mojang/brigadier/1.1.8/brigadier-1.1.8.jar'
rm 'servidor_minecraft/libraries/com/mojang/datafixerupper/6.0.8/datafixerupper-6.0.8.jar'
rm 'servidor_minecraft/libraries/com/mojang/logging/1.1.1/logging-1.1.1.jar'
rm 'servidor_minecraft/libraries/com/nothome/javaxdelta/2.0.1/javaxdelta-2.0.1.jar'
rm 'servidor_minecraft/libraries/com/opencsv/opencsv/4.4/opencsv-4.4.jar'
rm 'servidor_minecraft/libraries/commons-beanutils/commons-beanutils/1.9.3/commons-beanutils-1.9.3.jar'
rm 'servidor_minecraft/libraries/commons-collections/commons-collections/3.2.2/commons-collections-3.2.2.jar'
rm 'servidor_minecraft/libraries/commons-io/commons-io/2.11.0/commons-io-2.11.0.jar'
rm 'servidor_minecraft/libraries/commons-io/commons-io/2.4/commons-io-2.4.jar'
rm 'servidor_minecraft/libraries/commons-logging/commons-logging/1.2/commons-logging-1.2.jar'
rm 'servidor_minecraft/libraries/cpw/mods/bootstraplauncher/1.1.2/bootstraplauncher-1.1.2.jar'
rm 'servidor_minecraft/libraries/cpw/mods/modlauncher/10.0.9/modlauncher-10.0.9.jar'
rm 'servidor_minecraft/libraries/cpw/mods/securejarhandler/2.1.10/securejarhandler-2.1.10.jar'
rm 'servidor_minecraft/libraries/de/oceanlabs/mcp/mcp_config/1.20.1-20230612.114412/mcp_config-1.20.1-20230612.114412-mappings-merged.txt'
rm 'servidor_minecraft/libraries/de/oceanlabs/mcp/mcp_config/1.20.1-20230612.114412/mcp_config-1.20.1-20230612.114412-mappings.txt'
rm 'servidor_minecraft/libraries/de/oceanlabs/mcp/mcp_config/1.20.1-20230612.114412/mcp_config-1.20.1-20230612.114412.zip'
rm 'servidor_minecraft/libraries/de/siegmar/fastcsv/2.0.0/fastcsv-2.0.0.jar'
rm 'servidor_minecraft/libraries/io/netty/netty-buffer/4.1.82.Final/netty-buffer-4.1.82.Final.jar'
rm 'servidor_minecraft/libraries/io/netty/netty-codec/4.1.82.Final/netty-codec-4.1.82.Final.jar'
rm 'servidor_minecraft/libraries/io/netty/netty-common/4.1.82.Final/netty-common-4.1.82.Final.jar'
rm 'servidor_minecraft/libraries/io/netty/netty-handler/4.1.82.Final/netty-handler-4.1.82.Final.jar'
rm 'servidor_minecraft/libraries/io/netty/netty-resolver/4.1.82.Final/netty-resolver-4.1.82.Final.jar'
rm 'servidor_minecraft/libraries/io/netty/netty-transport-classes-epoll/4.1.82.Final/netty-transport-classes-epoll-4.1.82.Final.jar'
rm 'servidor_minecraft/libraries/io/netty/netty-transport-native-epoll/4.1.82.Final/netty-transport-native-epoll-4.1.82.Final-linux-aarch_64.jar'
rm 'servidor_minecraft/libraries/io/netty/netty-transport-native-epoll/4.1.82.Final/netty-transport-native-epoll-4.1.82.Final-linux-x86_64.jar'
rm 'servidor_minecraft/libraries/io/netty/netty-transport-native-unix-common/4.1.82.Final/netty-transport-native-unix-common-4.1.82.Final.jar'
rm 'servidor_minecraft/libraries/io/netty/netty-transport/4.1.82.Final/netty-transport-4.1.82.Final.jar'
rm 'servidor_minecraft/libraries/it/unimi/dsi/fastutil/8.5.9/fastutil-8.5.9.jar'
rm 'servidor_minecraft/libraries/net/java/dev/jna/jna-platform/5.12.1/jna-platform-5.12.1.jar'
rm 'servidor_minecraft/libraries/net/java/dev/jna/jna/5.12.1/jna-5.12.1.jar'
rm 'servidor_minecraft/libraries/net/jodah/typetools/0.6.3/typetools-0.6.3.jar'
rm 'servidor_minecraft/libraries/net/md-5/SpecialSource/1.11.0/SpecialSource-1.11.0.jar'
rm 'servidor_minecraft/libraries/net/minecraft/server/1.20.1-20230612.114412/server-1.20.1-20230612.114412-extra.jar'
rm 'servidor_minecraft/libraries/net/minecraft/server/1.20.1-20230612.114412/server-1.20.1-20230612.114412-extra.jar.cache'
rm 'servidor_minecraft/libraries/net/minecraft/server/1.20.1-20230612.114412/server-1.20.1-20230612.114412-mappings.txt'
rm 'servidor_minecraft/libraries/net/minecraft/server/1.20.1-20230612.114412/server-1.20.1-20230612.114412-slim.jar'
rm 'servidor_minecraft/libraries/net/minecraft/server/1.20.1-20230612.114412/server-1.20.1-20230612.114412-slim.jar.cache'
rm 'servidor_minecraft/libraries/net/minecraft/server/1.20.1-20230612.114412/server-1.20.1-20230612.114412-srg.jar'
rm 'servidor_minecraft/libraries/net/minecraft/server/1.20.1-20230612.114412/server-1.20.1-20230612.114412-unpacked.jar'
rm 'servidor_minecraft/libraries/net/minecraft/server/1.20.1/server-1.20.1.jar'
rm 'servidor_minecraft/libraries/net/minecraftforge/ForgeAutoRenamingTool/0.1.22/ForgeAutoRenamingTool-0.1.22-all.jar'
rm 'servidor_minecraft/libraries/net/minecraftforge/JarJarFileSystems/0.3.19/JarJarFileSystems-0.3.19.jar'
rm 'servidor_minecraft/libraries/net/minecraftforge/JarJarMetadata/0.3.19/JarJarMetadata-0.3.19.jar'
rm 'servidor_minecraft/libraries/net/minecraftforge/JarJarSelector/0.3.19/JarJarSelector-0.3.19.jar'
rm 'servidor_minecraft/libraries/net/minecraftforge/accesstransformers/8.0.4/accesstransformers-8.0.4.jar'
rm 'servidor_minecraft/libraries/net/minecraftforge/binarypatcher/1.1.1/binarypatcher-1.1.1.jar'
rm 'servidor_minecraft/libraries/net/minecraftforge/coremods/5.0.1/coremods-5.0.1.jar'
rm 'servidor_minecraft/libraries/net/minecraftforge/eventbus/6.0.5/eventbus-6.0.5.jar'
rm 'servidor_minecraft/libraries/net/minecraftforge/fmlcore/1.20.1-47.2.0/fmlcore-1.20.1-47.2.0.jar'
rm 'servidor_minecraft/libraries/net/minecraftforge/fmlearlydisplay/1.20.1-47.2.0/fmlearlydisplay-1.20.1-47.2.0.jar'
rm 'servidor_minecraft/libraries/net/minecraftforge/fmlloader/1.20.1-47.2.0/fmlloader-1.20.1-47.2.0.jar'
rm 'servidor_minecraft/libraries/net/minecraftforge/forge/1.20.1-47.2.0/forge-1.20.1-47.2.0-server.jar'
rm 'servidor_minecraft/libraries/net/minecraftforge/forge/1.20.1-47.2.0/forge-1.20.1-47.2.0-universal.jar'
rm 'servidor_minecraft/libraries/net/minecraftforge/forge/1.20.1-47.2.0/unix_args.txt'
rm 'servidor_minecraft/libraries/net/minecraftforge/forge/1.20.1-47.2.0/win_args.txt'
rm 'servidor_minecraft/libraries/net/minecraftforge/forgespi/7.0.1/forgespi-7.0.1.jar'
rm 'servidor_minecraft/libraries/net/minecraftforge/installertools/1.3.0/installertools-1.3.0.jar'
rm 'servidor_minecraft/libraries/net/minecraftforge/jarsplitter/1.1.4/jarsplitter-1.1.4.jar'
rm 'servidor_minecraft/libraries/net/minecraftforge/javafmllanguage/1.20.1-47.2.0/javafmllanguage-1.20.1-47.2.0.jar'
rm 'servidor_minecraft/libraries/net/minecraftforge/lowcodelanguage/1.20.1-47.2.0/lowcodelanguage-1.20.1-47.2.0.jar'
rm 'servidor_minecraft/libraries/net/minecraftforge/mclanguage/1.20.1-47.2.0/mclanguage-1.20.1-47.2.0.jar'
rm 'servidor_minecraft/libraries/net/minecraftforge/mergetool/1.1.5/mergetool-1.1.5-api.jar'
rm 'servidor_minecraft/libraries/net/minecraftforge/srgutils/0.4.11/srgutils-0.4.11.jar'
rm 'servidor_minecraft/libraries/net/minecraftforge/srgutils/0.4.3/srgutils-0.4.3.jar'
rm 'servidor_minecraft/libraries/net/minecraftforge/srgutils/0.4.9/srgutils-0.4.9.jar'
rm 'servidor_minecraft/libraries/net/minecraftforge/unsafe/0.2.0/unsafe-0.2.0.jar'
rm 'servidor_minecraft/libraries/net/minecrell/terminalconsoleappender/1.2.0/terminalconsoleappender-1.2.0.jar'
rm 'servidor_minecraft/libraries/net/sf/jopt-simple/jopt-simple/5.0.4/jopt-simple-5.0.4.jar'
rm 'servidor_minecraft/libraries/net/sf/jopt-simple/jopt-simple/6.0-alpha-3/jopt-simple-6.0-alpha-3.jar'
rm 'servidor_minecraft/libraries/org/antlr/antlr4-runtime/4.9.1/antlr4-runtime-4.9.1.jar'
rm 'servidor_minecraft/libraries/org/apache/commons/commons-collections4/4.2/commons-collections4-4.2.jar'
rm 'servidor_minecraft/libraries/org/apache/commons/commons-lang3/3.12.0/commons-lang3-3.12.0.jar'
rm 'servidor_minecraft/libraries/org/apache/commons/commons-lang3/3.8.1/commons-lang3-3.8.1.jar'
rm 'servidor_minecraft/libraries/org/apache/commons/commons-text/1.3/commons-text-1.3.jar'
rm 'servidor_minecraft/libraries/org/apache/logging/log4j/log4j-api/2.19.0/log4j-api-2.19.0.jar'
rm 'servidor_minecraft/libraries/org/apache/logging/log4j/log4j-core/2.19.0/log4j-core-2.19.0.jar'
rm 'servidor_minecraft/libraries/org/apache/logging/log4j/log4j-slf4j2-impl/2.19.0/log4j-slf4j2-impl-2.19.0.jar'
rm 'servidor_minecraft/libraries/org/apache/maven/maven-artifact/3.8.5/maven-artifact-3.8.5.jar'
rm 'servidor_minecraft/libraries/org/checkerframework/checker-qual/2.0.0/checker-qual-2.0.0.jar'
rm 'servidor_minecraft/libraries/org/codehaus/mojo/animal-sniffer-annotations/1.14/animal-sniffer-annotations-1.14.jar'
rm 'servidor_minecraft/libraries/org/jline/jline-reader/3.12.1/jline-reader-3.12.1.jar'
rm 'servidor_minecraft/libraries/org/jline/jline-terminal/3.12.1/jline-terminal-3.12.1.jar'
rm 'servidor_minecraft/libraries/org/joml/joml/1.10.5/joml-1.10.5.jar'
rm 'servidor_minecraft/libraries/org/openjdk/nashorn/nashorn-core/15.3/nashorn-core-15.3.jar'
rm 'servidor_minecraft/libraries/org/ow2/asm/asm-analysis/9.2/asm-analysis-9.2.jar'
rm 'servidor_minecraft/libraries/org/ow2/asm/asm-analysis/9.3/asm-analysis-9.3.jar'
rm 'servidor_minecraft/libraries/org/ow2/asm/asm-analysis/9.5/asm-analysis-9.5.jar'
rm 'servidor_minecraft/libraries/org/ow2/asm/asm-commons/9.2/asm-commons-9.2.jar'
rm 'servidor_minecraft/libraries/org/ow2/asm/asm-commons/9.3/asm-commons-9.3.jar'
rm 'servidor_minecraft/libraries/org/ow2/asm/asm-commons/9.5/asm-commons-9.5.jar'
rm 'servidor_minecraft/libraries/org/ow2/asm/asm-tree/9.2/asm-tree-9.2.jar'
rm 'servidor_minecraft/libraries/org/ow2/asm/asm-tree/9.3/asm-tree-9.3.jar'
rm 'servidor_minecraft/libraries/org/ow2/asm/asm-tree/9.5/asm-tree-9.5.jar'
rm 'servidor_minecraft/libraries/org/ow2/asm/asm-util/9.5/asm-util-9.5.jar'
rm 'servidor_minecraft/libraries/org/ow2/asm/asm/9.2/asm-9.2.jar'
rm 'servidor_minecraft/libraries/org/ow2/asm/asm/9.3/asm-9.3.jar'
rm 'servidor_minecraft/libraries/org/ow2/asm/asm/9.5/asm-9.5.jar'
rm 'servidor_minecraft/libraries/org/slf4j/slf4j-api/2.0.1/slf4j-api-2.0.1.jar'
rm 'servidor_minecraft/libraries/org/spongepowered/mixin/0.8.5/mixin-0.8.5.jar'
rm 'servidor_minecraft/libraries/trove/trove/1.0.2/trove-1.0.2.jar'
rm 'servidor_minecraft/logs/2024-07-22-10.log.gz'
rm 'servidor_minecraft/logs/2024-07-22-11.log.gz'
rm 'servidor_minecraft/logs/2024-07-22-12.log.gz'
rm 'servidor_minecraft/logs/2024-07-22-2.log.gz'
rm 'servidor_minecraft/logs/2024-07-22-3.log.gz'
rm 'servidor_minecraft/logs/2024-07-22-4.log.gz'
rm 'servidor_minecraft/logs/2024-07-22-5.log.gz'
rm 'servidor_minecraft/logs/2024-07-22-6.log.gz'
rm 'servidor_minecraft/logs/2024-07-22-7.log.gz'
rm 'servidor_minecraft/logs/2024-07-22-8.log.gz'
rm 'servidor_minecraft/logs/2024-07-22-9.log.gz'
rm 'servidor_minecraft/logs/2024-07-24-2.log.gz'
rm 'servidor_minecraft/logs/2024-07-24-3.log.gz'
rm 'servidor_minecraft/logs/2024-07-25-2.log.gz'
rm 'servidor_minecraft/logs/2024-07-25-3.log.gz'
rm 'servidor_minecraft/logs/2024-08-01-2.log.gz'
rm 'servidor_minecraft/logs/2024-08-01-3.log.gz'
rm 'servidor_minecraft/logs/2024-08-01-4.log.gz'
rm 'servidor_minecraft/logs/2024-08-01-5.log.gz'
rm 'servidor_minecraft/logs/2024-09-28-2.log.gz'
rm 'servidor_minecraft/logs/2024-10-21-1.log.gz'
rm 'servidor_minecraft/logs/2024-10-21-2.log.gz'
rm 'servidor_minecraft/logs/2024-10-21-3.log.gz'
rm 'servidor_minecraft/logs/2024-10-21-4.log.gz'
rm 'servidor_minecraft/logs/2024-10-21-5.log.gz'
rm 'servidor_minecraft/logs/2024-10-21-6.log.gz'
rm 'servidor_minecraft/logs/2024-10-21-7.log.gz'
rm 'servidor_minecraft/logs/2024-10-21-8.log.gz'
rm 'servidor_minecraft/logs/2024-10-22-2.log.gz'
rm 'servidor_minecraft/logs/2024-10-22-3.log.gz'
rm 'servidor_minecraft/logs/2024-10-22-4.log.gz'
rm 'servidor_minecraft/logs/2024-10-23-1.log.gz'
rm 'servidor_minecraft/logs/2024-10-24-2.log.gz'
rm 'servidor_minecraft/logs/debug-1.log.gz'
rm 'servidor_minecraft/logs/debug-2.log.gz'
rm 'servidor_minecraft/logs/debug-3.log.gz'
rm 'servidor_minecraft/logs/debug-4.log.gz'
rm 'servidor_minecraft/logs/debug-5.log.gz'
rm 'servidor_minecraft/logs/debug.log'
rm 'servidor_minecraft/logs/latest.log'
rm 'servidor_minecraft/modgest_config.json'
rm 'servidor_minecraft/modgest_debian_x64'
rm 'servidor_minecraft/mods/Apotheosis-1.20.1-7.4.0.jar'
rm 'servidor_minecraft/mods/ApothicAttributes-1.20.1-1.3.5.jar'
rm 'servidor_minecraft/mods/Bookshelf-Forge-1.20.1-20.2.13.jar'
rm 'servidor_minecraft/mods/ConfigurableCane-1.20-2.5.2.jar'
rm 'servidor_minecraft/mods/CreativeCore_FORGE_v2.11.31_mc1.20.1.jar'
rm 'servidor_minecraft/mods/DungeonsArise-1.20.x-2.1.58-release.jar'
rm 'servidor_minecraft/mods/EnchantmentDescriptions-Forge-1.20.1-17.0.16.jar'
rm 'servidor_minecraft/mods/ImmediatelyFast-Forge-1.2.8+1.20.4.jar'
rm 'servidor_minecraft/mods/Incendium_1.20.x_v5.3.5.jar'
rm 'servidor_minecraft/mods/Jade-1.20.1-forge-11.9.4.jar'
rm 'servidor_minecraft/mods/JustEnoughResources-1.20.1-1.4.0.247.jar'
rm 'servidor_minecraft/mods/KOTM-CaliganBetaUpdate.jar'
rm 'servidor_minecraft/mods/L_Enders_Cataclysm-1.99.6-1.20.1.jar'
rm 'servidor_minecraft/mods/MaxHealthFix-Forge-1.20.1-12.0.3.jar'
rm 'servidor_minecraft/mods/Patchouli-1.20.1-84-FORGE.jar'
rm 'servidor_minecraft/mods/Placebo-1.20.1-8.6.2.jar'
rm 'servidor_minecraft/mods/PlayerRevive_FORGE_v2.0.25_mc1.20.1.jar'
rm 'servidor_minecraft/mods/Structory_1.20.x_v1.3.5.jar'
rm 'servidor_minecraft/mods/TaxCastlePillager+M.1.20.1+ForM.1.0.1.jar'
rm 'servidor_minecraft/mods/TerraBlender-forge-1.20.1-3.0.1.7.jar'
rm 'servidor_minecraft/mods/YetAnotherConfigLib-3.5.0+1.20.1-forge.jar'
rm 'servidor_minecraft/mods/alexscaves-2.0.0.jar'
rm 'servidor_minecraft/mods/alexsmobs-1.22.8.jar'
rm 'servidor_minecraft/mods/aquamirae-6.API15.jar'
rm 'servidor_minecraft/mods/architectury-9.2.14-forge.jar'
rm 'servidor_minecraft/mods/balm-forge-1.20.1-7.3.6-all.jar'
rm 'servidor_minecraft/mods/born_in_chaos_[Forge]1.20.1_1.3.1.jar'
rm 'servidor_minecraft/mods/carryon-forge-1.20.1-2.1.2.7.jar'
rm 'servidor_minecraft/mods/citadel-2.6.0-1.20.1.jar'
rm 'servidor_minecraft/mods/cloth-config-11.1.118-forge.jar'
rm 'servidor_minecraft/mods/combatroll-forge-1.3.2+1.20.1.jar'
rm 'servidor_minecraft/mods/curios-forge-5.9.1+1.20.1.jar'
rm 'servidor_minecraft/mods/deeperdarker-forge-1.20.1-1.2.1.jar'
rm 'servidor_minecraft/mods/elenaidodge2-1.1.jar'
rm 'servidor_minecraft/mods/embeddium-0.3.24+mc1.20.1.jar'
rm 'servidor_minecraft/mods/feathers-1.1.jar'
rm 'servidor_minecraft/mods/ferritecore-6.0.1-forge.jar'
rm 'servidor_minecraft/mods/geckolib-forge-1.20.1-4.4.7.jar'
rm 'servidor_minecraft/mods/iceandfire-2.1.13-1.20.1-beta-5.jar'
rm 'servidor_minecraft/mods/inventorypets-1.20.1-2.1.2.jar'
rm 'servidor_minecraft/mods/jei-1.20.1-forge-15.3.0.8.jar'
rm 'servidor_minecraft/mods/journeymap-1.20.1-5.10.0-forge.jar'
rm 'servidor_minecraft/mods/justleveling-forge-1.20.x-v1.7.jar'
rm 'servidor_minecraft/mods/lionfishapi-1.9.jar'
rm 'servidor_minecraft/mods/loot_journal-3.1.1.jar'
rm 'servidor_minecraft/mods/majrusz-library-forge-1.20.1-7.0.8.jar'
rm 'servidor_minecraft/mods/majruszs-difficulty-forge-1.20.1-1.9.10.jar'
rm 'servidor_minecraft/mods/majruszs-enchantments-forge-1.20.1-1.10.8.jar'
rm 'servidor_minecraft/mods/mokels_witch_boss-1.0-forge-1.20.1.jar'
rm 'servidor_minecraft/mods/mutil-1.20.1-6.1.1.jar'
rm 'servidor_minecraft/mods/obscure_api-15.jar'
rm 'servidor_minecraft/mods/player-animation-lib-forge-1.0.2-rc1+1.20.jar'
rm 'servidor_minecraft/mods/plushie_buddies-0.1.1-1.20.1.jar'
rm 'servidor_minecraft/mods/polytone-1.20-2.3.3.jar'
rm 'servidor_minecraft/mods/radium-mc1.20.1-0.12.2+git.5f80f74.jar'
rm 'servidor_minecraft/mods/realmrpg_fallen_adventurers_1.0.3_forge_1.20.1.jar'
rm 'servidor_minecraft/mods/realmrpg_imps_and_demons_0.9.0_forge_1.20.1.jar'
rm 'servidor_minecraft/mods/rrls-4.0.6.1+mc1.20.1-forge.jar'
rm 'servidor_minecraft/mods/rubidium-extra-0.5.4.3+mc1.20.1-build.121.jar'
rm 'servidor_minecraft/mods/spawnermod-1.20.1-1.9.3+Forge.jar'
rm 'servidor_minecraft/mods/structure_gel-1.20.1-2.16.2.jar'
rm 'servidor_minecraft/mods/tact-1.2.0+1.20.1.jar'
rm 'servidor_minecraft/mods/tctcore-1.4-forge-1.20.1.jar'
rm 'servidor_minecraft/mods/tetra-1.20.1-6.4.0.jar'
rm 'servidor_minecraft/mods/the-conjurer-1.20.1-1.1.6.jar'
rm 'servidor_minecraft/mods/theoneprobe-1.20.1-10.0.2.jar'
rm 'servidor_minecraft/mods/tombstone-1.20.1-8.6.7.jar'
rm 'servidor_minecraft/mods/trashslot-forge-1.20-15.1.0.jar'
rm 'servidor_minecraft/mods/travelersbackpack-forge-1.20.1-9.1.14.jar'
rm 'servidor_minecraft/mods/warriors_of_past_epoch_[Forge]_1.20.1_1.3.jar'
rm 'servidor_minecraft/ops.json'
rm 'servidor_minecraft/playit.status'
rm 'servidor_minecraft/playit.tunnels'
rm 'servidor_minecraft/run.bat'
rm 'servidor_minecraft/run.sh'
rm 'servidor_minecraft/server.properties'
rm 'servidor_minecraft/user_jvm_args.txt'
rm 'servidor_minecraft/usercache.json'
rm 'servidor_minecraft/usernamecache.json'
rm 'servidor_minecraft/whitelist.json'
rm 'servidor_minecraft/world/DIM-1/data/capabilities.dat'
rm 'servidor_minecraft/world/DIM-1/data/clearlagc_worldvars.dat'
rm 'servidor_minecraft/world/DIM-1/data/raids.dat'
rm 'servidor_minecraft/world/DIM1/data/capabilities.dat'
rm 'servidor_minecraft/world/DIM1/data/clearlagc_worldvars.dat'
rm 'servidor_minecraft/world/DIM1/data/raids_end.dat'
rm 'servidor_minecraft/world/advancements/43d79b3e-4afa-37fb-a395-aac4dcd856c6.json'
rm 'servidor_minecraft/world/advancements/9221eae4-d002-3ea6-a2ca-c4c421bfbe27.json'
rm 'servidor_minecraft/world/advancements/ed821a9b-cfc7-343b-9491-331781f0bba2.json'
rm 'servidor_minecraft/world/data/JMPlayerSettings.dat'
rm 'servidor_minecraft/world/data/WorldUUID.dat'
rm 'servidor_minecraft/world/data/alexsmobs_world_data.dat'
rm 'servidor_minecraft/world/data/capabilities.dat'
rm 'servidor_minecraft/world/data/cataclysm_world_data.dat'
rm 'servidor_minecraft/world/data/chunks.dat'
rm 'servidor_minecraft/world/data/citadel_world_data.dat'
rm 'servidor_minecraft/world/data/clearlagc_worldvars.dat'
rm 'servidor_minecraft/world/data/iceandfire_general.dat'
rm 'servidor_minecraft/world/data/idcounts.dat'
rm 'servidor_minecraft/world/data/majruszsdifficulty.dat'
rm 'servidor_minecraft/world/data/map_0.dat'
rm 'servidor_minecraft/world/data/map_1.dat'
rm 'servidor_minecraft/world/data/raids.dat'
rm 'servidor_minecraft/world/data/random_sequences.dat'
rm 'servidor_minecraft/world/data/scoreboard.dat'
rm 'servidor_minecraft/world/dimensions/deeperdarker/otherside/data/capabilities.dat'
rm 'servidor_minecraft/world/dimensions/deeperdarker/otherside/data/clearlagc_worldvars.dat'
rm 'servidor_minecraft/world/dimensions/deeperdarker/otherside/data/raids.dat'
rm 'servidor_minecraft/world/entities/r.-1.-1.mca'
rm 'servidor_minecraft/world/entities/r.-1.-2.mca'
rm 'servidor_minecraft/world/entities/r.-1.-3.mca'
rm 'servidor_minecraft/world/entities/r.-1.-4.mca'
rm 'servidor_minecraft/world/entities/r.-1.0.mca'
rm 'servidor_minecraft/world/entities/r.-1.1.mca'
rm 'servidor_minecraft/world/entities/r.-2.-1.mca'
rm 'servidor_minecraft/world/entities/r.-2.-2.mca'
rm 'servidor_minecraft/world/entities/r.-2.-3.mca'
rm 'servidor_minecraft/world/entities/r.-2.-4.mca'
rm 'servidor_minecraft/world/entities/r.-2.0.mca'
rm 'servidor_minecraft/world/entities/r.-2.1.mca'
rm 'servidor_minecraft/world/entities/r.0.-1.mca'
rm 'servidor_minecraft/world/entities/r.0.-2.mca'
rm 'servidor_minecraft/world/entities/r.0.-3.mca'
rm 'servidor_minecraft/world/entities/r.0.-4.mca'
rm 'servidor_minecraft/world/entities/r.0.0.mca'
rm 'servidor_minecraft/world/entities/r.1.-1.mca'
rm 'servidor_minecraft/world/entities/r.1.-2.mca'
rm 'servidor_minecraft/world/entities/r.1.-3.mca'
rm 'servidor_minecraft/world/entities/r.1.-4.mca'
rm 'servidor_minecraft/world/entities/r.2.-2.mca'
rm 'servidor_minecraft/world/entities/r.2.-3.mca'
rm 'servidor_minecraft/world/entities/r.2.-4.mca'
rm 'servidor_minecraft/world/entities/r.3.-3.mca'
rm 'servidor_minecraft/world/entities/r.3.-4.mca'
rm 'servidor_minecraft/world/level.dat'
rm 'servidor_minecraft/world/level.dat_old'
rm 'servidor_minecraft/world/playerdata/43d79b3e-4afa-37fb-a395-aac4dcd856c6.dat'
rm 'servidor_minecraft/world/playerdata/43d79b3e-4afa-37fb-a395-aac4dcd856c6.dat_old'
rm 'servidor_minecraft/world/playerdata/9221eae4-d002-3ea6-a2ca-c4c421bfbe27.dat'
rm 'servidor_minecraft/world/playerdata/9221eae4-d002-3ea6-a2ca-c4c421bfbe27.dat_old'
rm 'servidor_minecraft/world/playerdata/ed821a9b-cfc7-343b-9491-331781f0bba2.dat'
rm 'servidor_minecraft/world/playerdata/ed821a9b-cfc7-343b-9491-331781f0bba2.dat_old'
rm 'servidor_minecraft/world/poi/r.-1.-1.mca'
rm 'servidor_minecraft/world/poi/r.-1.-2.mca'
rm 'servidor_minecraft/world/poi/r.-1.-3.mca'
rm 'servidor_minecraft/world/poi/r.-1.-4.mca'
rm 'servidor_minecraft/world/poi/r.-1.0.mca'
rm 'servidor_minecraft/world/poi/r.-1.1.mca'
rm 'servidor_minecraft/world/poi/r.-2.-1.mca'
rm 'servidor_minecraft/world/poi/r.-2.-2.mca'
rm 'servidor_minecraft/world/poi/r.-2.-3.mca'
rm 'servidor_minecraft/world/poi/r.-2.-4.mca'
rm 'servidor_minecraft/world/poi/r.-2.0.mca'
rm 'servidor_minecraft/world/poi/r.-2.1.mca'
rm 'servidor_minecraft/world/poi/r.0.-1.mca'
rm 'servidor_minecraft/world/poi/r.0.-2.mca'
rm 'servidor_minecraft/world/poi/r.0.-3.mca'
rm 'servidor_minecraft/world/poi/r.0.-4.mca'
rm 'servidor_minecraft/world/poi/r.0.0.mca'
rm 'servidor_minecraft/world/poi/r.1.-1.mca'
rm 'servidor_minecraft/world/poi/r.1.-2.mca'
rm 'servidor_minecraft/world/poi/r.1.-3.mca'
rm 'servidor_minecraft/world/poi/r.1.-4.mca'
rm 'servidor_minecraft/world/poi/r.1.0.mca'
rm 'servidor_minecraft/world/poi/r.2.-2.mca'
rm 'servidor_minecraft/world/poi/r.2.-3.mca'
rm 'servidor_minecraft/world/poi/r.2.-4.mca'
rm 'servidor_minecraft/world/poi/r.3.-2.mca'
rm 'servidor_minecraft/world/poi/r.3.-3.mca'
rm 'servidor_minecraft/world/poi/r.3.-4.mca'
rm 'servidor_minecraft/world/region/r.-1.-1.mca'
rm 'servidor_minecraft/world/region/r.-1.-2.mca'
rm 'servidor_minecraft/world/region/r.-1.-3.mca'
rm 'servidor_minecraft/world/region/r.-1.-4.mca'
rm 'servidor_minecraft/world/region/r.-1.0.mca'
rm 'servidor_minecraft/world/region/r.-1.1.mca'
rm 'servidor_minecraft/world/region/r.-2.-1.mca'
rm 'servidor_minecraft/world/region/r.-2.-2.mca'
rm 'servidor_minecraft/world/region/r.-2.-3.mca'
rm 'servidor_minecraft/world/region/r.-2.-4.mca'
rm 'servidor_minecraft/world/region/r.-2.0.mca'
rm 'servidor_minecraft/world/region/r.-2.1.mca'
rm 'servidor_minecraft/world/region/r.0.-1.mca'
rm 'servidor_minecraft/world/region/r.0.-2.mca'
rm 'servidor_minecraft/world/region/r.0.-3.mca'
rm 'servidor_minecraft/world/region/r.0.-4.mca'
rm 'servidor_minecraft/world/region/r.0.0.mca'
rm 'servidor_minecraft/world/region/r.1.-1.mca'
rm 'servidor_minecraft/world/region/r.1.-2.mca'
rm 'servidor_minecraft/world/region/r.1.-3.mca'
rm 'servidor_minecraft/world/region/r.1.-4.mca'
rm 'servidor_minecraft/world/region/r.1.0.mca'
rm 'servidor_minecraft/world/region/r.2.-2.mca'
rm 'servidor_minecraft/world/region/r.2.-3.mca'
rm 'servidor_minecraft/world/region/r.2.-4.mca'
rm 'servidor_minecraft/world/region/r.3.-2.mca'
rm 'servidor_minecraft/world/region/r.3.-3.mca'
rm 'servidor_minecraft/world/region/r.3.-4.mca'
rm 'servidor_minecraft/world/serverconfig/configurablecane-server.toml'
rm 'servidor_minecraft/world/serverconfig/curios-server.toml'
rm 'servidor_minecraft/world/serverconfig/forge-server.toml'
rm 'servidor_minecraft/world/serverconfig/jei-server.toml'
rm 'servidor_minecraft/world/serverconfig/journeymap-server.toml'
rm 'servidor_minecraft/world/session.lock'
rm 'servidor_minecraft/world/stats/43d79b3e-4afa-37fb-a395-aac4dcd856c6.json'
rm 'servidor_minecraft/world/stats/9221eae4-d002-3ea6-a2ca-c4c421bfbe27.json'
rm 'servidor_minecraft/world/stats/ed821a9b-cfc7-343b-9491-331781f0bba2.json'
rm 'servidor_minecraft/world/tombstone/loottables/tombstone-pool-archaeology.json'
rm 'servidor_minecraft/world/tombstone/loottables/tombstone-pool-cat_morning.json'
rm 'servidor_minecraft/world/tombstone/loottables/tombstone-pool-chest_treasure.bak'
rm 'servidor_minecraft/world/tombstone/loottables/tombstone-pool-chest_treasure.json'
rm 'servidor_minecraft/world/tombstone/loottables/tombstone-pool-lost_treasure.json'
rm 'servidor_minecraft/world/tombstone/loottables/tombstone-pool-seeker_rod.json'
rm 'servidor_minecraft/world/tombstone/loottables/tombstone-pool-sniffer_digging.json'
rm 'servidor_minecraft/world/tombstone/loottables/tombstone-pool-undead_boss.json'
rm 'servidor_minecraft/world/tombstone/loottables/tombstone-pool-undead_mob.json'
rm 'servidor_minecraft/world/tombstone/saved_players/43d79b3e-4afa-37fb-a395-aac4dcd856c6/20241021-140013.save'
rm 'servidor_minecraft/world/tombstone/saved_players/43d79b3e-4afa-37fb-a395-aac4dcd856c6/20241021-232918.save'
rm 'servidor_minecraft/world/tombstone/saved_players/43d79b3e-4afa-37fb-a395-aac4dcd856c6/20241021-234441.save'
rm 'servidor_minecraft/world/tombstone/saved_players/43d79b3e-4afa-37fb-a395-aac4dcd856c6/20241022-000441.save'
rm 'servidor_minecraft/world/tombstone/saved_players/43d79b3e-4afa-37fb-a395-aac4dcd856c6/20241022-002441.save'
rm 'servidor_minecraft/world/tombstone/saved_players/43d79b3e-4afa-37fb-a395-aac4dcd856c6/20241022-140408.save'
rm 'servidor_minecraft/world/tombstone/saved_players/43d79b3e-4afa-37fb-a395-aac4dcd856c6/20241023-232232.save'
rm 'servidor_minecraft/world/tombstone/saved_players/43d79b3e-4afa-37fb-a395-aac4dcd856c6/20241023-234232.save'
rm 'servidor_minecraft/world/tombstone/saved_players/9221eae4-d002-3ea6-a2ca-c4c421bfbe27/20241021-233117.save'
rm 'servidor_minecraft/world/tombstone/saved_players/9221eae4-d002-3ea6-a2ca-c4c421bfbe27/20241021-233305.save'
rm 'servidor_minecraft/world/tombstone/saved_players/9221eae4-d002-3ea6-a2ca-c4c421bfbe27/20241021-233725.save'
rm 'servidor_minecraft/world/tombstone/saved_players/9221eae4-d002-3ea6-a2ca-c4c421bfbe27/20241021-233935.save'
rm 'servidor_minecraft/world/tombstone/saved_players/9221eae4-d002-3ea6-a2ca-c4c421bfbe27/20241021-234022.save'
rm 'servidor_minecraft/world/tombstone/saved_players/9221eae4-d002-3ea6-a2ca-c4c421bfbe27/20241021-234441.save'
rm 'servidor_minecraft/world/tombstone/saved_players/9221eae4-d002-3ea6-a2ca-c4c421bfbe27/20241021-234456.save'
rm 'servidor_minecraft/world/tombstone/saved_players/9221eae4-d002-3ea6-a2ca-c4c421bfbe27/20241022-000441.save'
rm 'servidor_minecraft/world/tombstone/saved_players/9221eae4-d002-3ea6-a2ca-c4c421bfbe27/20241022-001502.save'
rm 'servidor_minecraft/world/tombstone/saved_players/9221eae4-d002-3ea6-a2ca-c4c421bfbe27/20241022-002441.save'
rm 'servidor_minecraft/world/tombstone/saved_players/9221eae4-d002-3ea6-a2ca-c4c421bfbe27/20241022-003438.save'
rm 'servidor_minecraft/world/tombstone/saved_players/9221eae4-d002-3ea6-a2ca-c4c421bfbe27/20241025-224834.save'
rm 'servidor_minecraft/world/tombstone/saved_players/9221eae4-d002-3ea6-a2ca-c4c421bfbe27/20241025-225519.save'
rm 'servidor_minecraft/world/tombstone/saved_players/9221eae4-d002-3ea6-a2ca-c4c421bfbe27/20241025-230834.save'
rm 'servidor_minecraft/world/tombstone/saved_players/9221eae4-d002-3ea6-a2ca-c4c421bfbe27/20241025-232834.save'
rm 'servidor_minecraft/world/tombstone/saved_players/ed821a9b-cfc7-343b-9491-331781f0bba2/20241021-232918.save'
rm 'servidor_minecraft/world/tombstone/version.info'
fatal: a branch named 'Minecraft_branch' already exists
stat: cannot stat 'servidor_minecraft/mods/ClearLag': No such file or directory
fatal: pathspec 'servidor_minecraft/mods/ClearLag' did not match any files
stat: cannot stat '1.20.1.jar': No such file or directory
fatal: pathspec '1.20.1.jar' did not match any files
stat: cannot stat 'servidor_minecraft/mods/Explorify': No such file or directory
fatal: pathspec 'servidor_minecraft/mods/Explorify' did not match any files
stat: cannot stat 'v1.6.1': No such file or directory
fatal: pathspec 'v1.6.1' did not match any files
stat: cannot stat 'f10-48.jar': No such file or directory
fatal: pathspec 'f10-48.jar' did not match any files
stat: cannot stat 'servidor_minecraft/mods/ironchest-1.20.1-14.4.4': No such file or directory
fatal: pathspec 'servidor_minecraft/mods/ironchest-1.20.1-14.4.4' did not match any files
stat: cannot stat '(1).jar': No such file or directory
fatal: pathspec '(1).jar' did not match any files
stat: cannot stat 'servidor_minecraft/mods/Cardinal': No such file or directory
fatal: pathspec 'servidor_minecraft/mods/Cardinal' did not match any files
stat: cannot stat 'Sins': No such file or directory
fatal: pathspec 'Sins' did not match any files
stat: cannot stat '1.0.3.jar': No such file or directory
fatal: pathspec '1.0.3.jar' did not match any files
stat: cannot stat 'servidor_minecraft/mods/tpa-1.5.0-forge-1.20.1': No such file or directory
fatal: pathspec 'servidor_minecraft/mods/tpa-1.5.0-forge-1.20.1' did not match any files
stat: cannot stat '(1).jar': No such file or directory
fatal: pathspec '(1).jar' did not match any files
stat: cannot stat 'server': No such file or directory
stat: cannot stat '(1).py': No such file or directory
stat: cannot stat 'servidor_minecraft/world/tombstone/saved_players/9221eae4-d002-3ea6-a2ca-c4c421bfbe27/20241021-233117.save': No such file or directory
stat: cannot stat 'servidor_minecraft/world/tombstone/saved_players/9221eae4-d002-3ea6-a2ca-c4c421bfbe27/20241021-233305.save': No such file or directory
stat: cannot stat 'servidor_minecraft/world/tombstone/saved_players/9221eae4-d002-3ea6-a2ca-c4c421bfbe27/20241021-233725.save': No such file or directory
stat: cannot stat 'servidor_minecraft/world/tombstone/saved_players/9221eae4-d002-3ea6-a2ca-c4c421bfbe27/20241021-233935.save': No such file or directory
Obteniendo cambios del remoto...
Fusionando cambios del remoto en la rama actual...
Already up to date.
Realizando push forzado en la rama Minecraft_branch con archivos menores de 100 MB
